USE web_trgovina_bp1;

INSERT INTO `proizvod` (`id`, `naziv`, `opis`, `cijena`) VALUES
	(1, 'Bosch kočione pločice prednje', 'Set prednjih kočionih pločica Bosch', 8900),
	(2, 'Mann-Filter filter ulja', 'Filter ulja visokih performansi', 1300),
	(3, 'Varta akumulator Blue Dynamic 60Ah', 'Akumulator 60Ah', 10900),
	(4, 'Valeo set brisača', 'Set prednjih brisača Valeo', 2500),
	(5, 'NGK set svjećica', 'Set od 4 svjećice NGK', 3600),
	(6, 'Sachs set kvačila', 'Komplet kvačila Sachs', 21500),
	(7, 'Monroe amortizer prednji', 'Prednji amortizer Monroe', 9700),
	(8, 'Contitech set zupčastog remena', 'Set zupčastog remena Contitech', 18200),
	(9, 'ATE senzor ABS', 'Senzor ABS ATE', 3400),
	(10, 'Hella alternator 120A', 'Alternator Hella 120A', 19200),
	(11, 'Febi Bilstein kuglični zglob', 'Kuglični zglob Febi Bilstein', 4200),
	(12, 'Textar disk pločice', 'Set disk pločica Textar', 8700),
	(13, 'Delphi krajnica spone', 'Krajnica spone Delphi', 2100),
	(14, 'SKF ležaj kotača', 'Ležaj kotača SKF', 6900),
	(15, 'TRW diskovi', 'Set diskova TRW', 11200),
	(16, 'Osram žarulja H7 Night Breaker', 'Žarulja H7 Osram Night Breaker', 400),
	(17, 'Philips žarulja H4 Vision', 'Žarulja H4 Philips Vision', 350),
	(18, 'Castrol motorno ulje Edge 5W-30 LL 4L', 'Motorno ulje Castrol Edge 5W-30 LL 4L', 32000),
	(19, 'Total motorno ulje Quartz 9000 5W-40 5L', 'Motorno ulje Total Quartz 9000 5W-40 5L', 29500),
	(20, 'Elf motorno ulje Evolution 900 SXR 5W-40 5L', 'Motorno ulje Elf Evolution 900 SXR 5W-40 5L', 28500),
	(21, 'Bosch brisna četkica', 'Brisna četkica Bosch', 1500),
	(22, 'Mann-Filter filter kabine', 'Filter kabine visokih performansi', 2000),
	(23, 'Varta akumulator Silver Dynamic 77Ah', 'Akumulator 77Ah', 13500),
	(24, 'Valeo set brisača', 'Set prednjih brisača Valeo', 2700),
	(25, 'NGK set svjećica', 'Set od 4 svjećice NGK', 3800),
	(26, 'Sachs set kvačila', 'Komplet kvačila Sachs', 22500),
	(27, 'Monroe amortizer stražnji', 'Stražnji amortizer Monroe', 10200),
	(28, 'Contitech set zupčastog remena', 'Set zupčastog remena Contitech', 19000),
	(29, 'ATE senzor ABS', 'Senzor ABS ATE', 3600),
	(30, 'Hella alternator 150A', 'Alternator Hella 150A', 19800),
	(31, 'Febi Bilstein amortizer prednji', 'Prednji amortizer Febi Bilstein', 11500),
	(32, 'Textar disk pločice', 'Set disk pločica Textar', 8900),
	(33, 'Delphi krajnica spone', 'Krajnica spone Delphi', 2300),
	(34, 'SKF ležaj kotača', 'Ležaj kotača SKF', 7200),
	(35, 'TRW diskovi', 'Set diskova TRW', 11800),
	(36, 'Osram žarulja H7 Cool Blue', 'Žarulja H7 Osram Cool Blue', 450),
	(37, 'Philips žarulja H4 Racing Vision', 'Žarulja H4 Philips Racing Vision', 400),
	(38, 'Castrol motorno ulje Magnatec 10W-40 5L', 'Motorno ulje Castrol Magnatec 10W-40 5L', 31000),
	(39, 'Total motorno ulje Quartz 7000 10W-40 5L', 'Motorno ulje Total Quartz 7000 10W-40 5L', 30000),
	(40, 'Elf motorno ulje Evolution 900 5W-40 5L', 'Motorno ulje Elf Evolution 900 5W-40 5L', 29000),
	(41, 'Bosch brisna četkica', 'Brisna četkica Bosch', 1600),
	(42, 'Mann-Filter filter kabine', 'Filter kabine visokih performansi', 2100),
	(43, 'Varta akumulator Blue Dynamic 80Ah', 'Akumulator 80Ah', 14500),
	(44, 'Valeo set brisača', 'Set prednjih brisača Valeo', 2900),
	(45, 'NGK set svjećica', 'Set od 4 svjećice NGK', 4000),
	(46, 'Sachs set kvačila', 'Komplet kvačila Sachs', 23500),
	(47, 'Monroe amortizer prednji', 'Prednji amortizer Monroe', 9800),
	(48, 'Contitech set zupčastog remena', 'Set zupčastog remena Contitech', 19500),
	(49, 'ATE senzor ABS', 'Senzor ABS ATE', 3700),
	(50, 'Hella alternator 180A', 'Alternator Hella 180A', 20500),
	(51, 'Febi Bilstein kuglični zglob', 'Kuglični zglob Febi Bilstein', 4600),
	(52, 'Textar disk pločice', 'Set disk pločica Textar', 9100),
	(53, 'Delphi krajnica spone', 'Krajnica spone Delphi', 2200),
	(54, 'SKF ležaj kotača', 'Ležaj kotača SKF', 7100),
	(55, 'TRW diskovi', 'Set diskova TRW', 12000),
	(56, 'Osram žarulja H7 LED', 'Žarulja H7 Osram LED', 500),
	(57, 'Philips žarulja H4 Ultimate Vision', 'Žarulja H4 Philips Ultimate Vision', 450),
	(58, 'Castrol motorno ulje Edge 5W-30 1L', 'Motorno ulje Castrol Edge 5W-30 1L', 8500),
	(59, 'Total motorno ulje Quartz 9000 5W-30 1L', 'Motorno ulje Total Quartz 9000 5W-30 1L', 7500),
	(60, 'Elf motorno ulje Evolution 900 5W-30 1L', 'Motorno ulje Elf Evolution 900 5W-30 1L', 7000),
	(61, 'Bosch brisna četkica', 'Brisna četkica Bosch', 1700),
	(62, 'Mann-Filter filter kabine', 'Filter kabine visokih performansi', 2200),
	(63, 'Varta akumulator Silver Dynamic 85Ah', 'Akumulator 85Ah', 15500),
	(64, 'Valeo set brisača', 'Set prednjih brisača Valeo', 3100),
	(65, 'NGK set svjećica', 'Set od 4 svjećice NGK', 4200),
	(66, 'Sachs set kvačila', 'Komplet kvačila Sachs', 24500),
	(67, 'Monroe amortizer stražnji', 'Stražnji amortizer Monroe', 10700),
	(68, 'Contitech set zupčastog remena', 'Set zupčastog remena Contitech', 20000),
	(69, 'ATE senzor ABS', 'Senzor ABS ATE', 3800),
	(70, 'Hella alternator 90A', 'Alternator Hella 90A', 18000),
	(71, 'Febi Bilstein amortizer prednji', 'Prednji amortizer Febi Bilstein', 11000),
	(72, 'Textar disk pločice', 'Set disk pločica Textar', 9500),
	(73, 'Delphi krajnica spone', 'Krajnica spone Delphi', 2400),
	(74, 'SKF ležaj kotača', 'Ležaj kotača SKF', 7400),
	(75, 'TRW diskovi', 'Set diskova TRW', 12200),
	(76, 'Osram žarulja H7 Silver Star', 'Žarulja H7 Osram Silver Star', 480),
	(77, 'Philips žarulja H4 Standard', 'Žarulja H4 Philips Standard', 350),
	(78, 'Castrol motorno ulje Magnatec 5W-30 1L', 'Motorno ulje Castrol Magnatec 5W-30 1L', 8700),
	(79, 'Total motorno ulje Quartz 7000 10W-40 1L', 'Motorno ulje Total Quartz 7000 10W-40 1L', 8000),
	(80, 'Elf motorno ulje Evolution 900 5W-40 1L', 'Motorno ulje Elf Evolution 900 5W-40 1L', 7500),
	(81, 'Bosch brisna četkica', 'Brisna četkica Bosch', 1800),
	(82, 'Mann-Filter filter kabine', 'Filter kabine visokih performansi', 2300),
	(83, 'Varta akumulator Blue Dynamic 100Ah', 'Akumulator 100Ah', 16500),
	(84, 'Valeo set brisača', 'Set prednjih brisača Valeo', 3300),
	(85, 'NGK set svjećica', 'Set od 4 svjećice NGK', 4500),
	(86, 'Sachs set kvačila', 'Komplet kvačila Sachs', 25500),
	(87, 'Monroe amortizer prednji', 'Prednji amortizer Monroe', 9900),
	(88, 'Contitech set zupčastog remena', 'Set zupčastog remena Contitech', 20500),
	(89, 'ATE senzor ABS', 'Senzor ABS ATE', 3900),
	(90, 'Hella alternator 120A', 'Alternator Hella 120A', 19500),
	(91, 'Febi Bilstein kuglični zglob', 'Kuglični zglob Febi Bilstein', 4800),
	(92, 'Textar disk pločice', 'Set disk pločica Textar', 9300),
	(93, 'Delphi krajnica spone', 'Krajnica spone Delphi', 2500),
	(94, 'SKF ležaj kotača', 'Ležaj kotača SKF', 7600),
	(95, 'TRW diskovi', 'Set diskova TRW', 12500),
	(96, 'Osram žarulja H7 Night Breaker Laser', 'Žarulja H7 Osram Night Breaker Laser', 520),
	(97, 'Philips žarulja H4 Vision Plus', 'Žarulja H4 Philips Vision Plus', 460),
	(98, 'Castrol motorno ulje Edge 5W-30 5L', 'Motorno ulje Castrol Edge 5W-30 5L', 33000),
	(99, 'Total motorno ulje Quartz 9000 5W-40 5L', 'Motorno ulje Total Quartz 9000 5W-40 5L', 31000),
	(100, 'Elf motorno ulje Evolution 900 SXR 5W-40 5L', 'Motorno ulje Elf Evolution 900 SXR 5W-40 5L', 29500),
	(101, 'Bosch brisna četkica', 'Brisna četkica Bosch', 1800),
	(102, 'Mann-Filter filter kabine', 'Filter kabine visokih performansi', 2300),
	(103, 'Varta akumulator Silver Dynamic 95Ah', 'Akumulator 95Ah', 16000),
	(104, 'Valeo set brisača', 'Set prednjih brisača Valeo', 3500),
	(105, 'NGK set svjećica', 'Set od 4 svjećice NGK', 4600),
	(106, 'Sachs set kvačila', 'Komplet kvačila Sachs', 26500),
	(107, 'Monroe amortizer stražnji', 'Stražnji amortizer Monroe', 11000),
	(108, 'Contitech set zupčastog remena', 'Set zupčastog remena Contitech', 21000),
	(109, 'ATE senzor ABS', 'Senzor ABS ATE', 4000),
	(110, 'Hella alternator 140A', 'Alternator Hella 140A', 20000),
	(111, 'Febi Bilstein kuglični zglob', 'Kuglični zglob Febi Bilstein', 5000),
	(112, 'Textar disk pločice', 'Set disk pločica Textar', 9500),
	(113, 'Delphi krajnica spone', 'Krajnica spone Delphi', 2600),
	(114, 'SKF ležaj kotača', 'Ležaj kotača SKF', 7800),
	(115, 'TRW diskovi', 'Set diskova TRW', 12800),
	(116, 'Osram žarulja H7 Cool Blue Intense', 'Žarulja H7 Osram Cool Blue Intense', 550),
	(117, 'Philips žarulja H4 Racing Vision', 'Žarulja H4 Philips Racing Vision', 480),
	(118, 'Castrol motorno ulje Magnatec 10W-40 5L', 'Motorno ulje Castrol Magnatec 10W-40 5L', 9000),
	(119, 'Total motorno ulje Quartz 7000 5W-30 5L', 'Motorno ulje Total Quartz 7000 5W-30 5L', 8500),
	(120, 'Elf motorno ulje Evolution 900 5W-30 5L', 'Motorno ulje Elf Evolution 900 5W-30 5L', 8000),
	(121, 'Bosch brisna četkica', 'Brisna četkica Bosch', 1900),
	(122, 'Mann-Filter filter kabine', 'Filter kabine visokih performansi', 2400),
	(123, 'Varta akumulator Blue Dynamic 90Ah', 'Akumulator 90Ah', 15000),
	(124, 'Valeo set brisača', 'Set prednjih brisača Valeo', 3200),
	(125, 'NGK set svjećica', 'Set od 4 svjećice NGK', 4400),
	(126, 'Sachs set kvačila', 'Komplet kvačila Sachs', 24000),
	(127, 'Monroe amortizer prednji', 'Prednji amortizer Monroe', 10200),
	(128, 'Contitech set zupčastog remena', 'Set zupčastog remena Contitech', 21000),
	(129, 'ATE senzor ABS', 'Senzor ABS ATE', 4000),
	(130, 'Hella alternator 150A', 'Alternator Hella 150A', 20500),
	(131, 'Febi Bilstein kuglični zglob', 'Kuglični zglob Febi Bilstein', 5000),
	(132, 'Textar disk pločice', 'Set disk pločica Textar', 9500),
	(133, 'Delphi krajnica spone', 'Krajnica spone Delphi', 2700),
	(134, 'SKF ležaj kotača', 'Ležaj kotača SKF', 8000),
	(135, 'TRW diskovi', 'Set diskova TRW', 13000),
	(136, 'Osram žarulja H7 Night Breaker Laser', 'Žarulja H7 Osram Night Breaker Laser', 550),
	(137, 'Philips žarulja H4 Vision Plus', 'Žarulja H4 Philips Vision Plus', 480),
	(138, 'Castrol motorno ulje Edge 5W-30 5L', 'Motorno ulje Castrol Edge 5W-30 5L', 34000),
	(139, 'Total motorno ulje Quartz 9000 5W-40 5L', 'Motorno ulje Total Quartz 9000 5W-40 5L', 32000),
	(140, 'Elf motorno ulje Evolution 900 SXR 5W-40 5L', 'Motorno ulje Elf Evolution 900 SXR 5W-40 5L', 30500),
	(141, 'Bosch brisna četkica', 'Brisna četkica Bosch', 1900),
	(142, 'Mann-Filter filter kabine', 'Filter kabine visokih performansi', 2400),
	(143, 'Varta akumulator Silver Dynamic 95Ah', 'Akumulator 95Ah', 16500),
	(144, 'Valeo set brisača', 'Set prednjih brisača Valeo', 3600),
	(145, 'NGK set svjećica', 'Set od 4 svjećice NGK', 4800),
	(146, 'Sachs set kvačila', 'Komplet kvačila Sachs', 27500),
	(147, 'Monroe amortizer stražnji', 'Stražnji amortizer Monroe', 11500),
	(148, 'Contitech set zupčastog remena', 'Set zupčastog remena Contitech', 22000),
	(149, 'ATE senzor ABS', 'Senzor ABS ATE', 4200),
	(150, 'Hella alternator 140A', 'Alternator Hella 140A', 20500),
	(151, 'Febi Bilstein kuglični zglob', 'Kuglični zglob Febi Bilstein', 5200),
	(152, 'Textar disk pločice', 'Set disk pločica Textar', 9800),
	(153, 'Delphi krajnica spone', 'Krajnica spone Delphi', 2700),
	(154, 'SKF ležaj kotača', 'Ležaj kotača SKF', 8000),
	(155, 'TRW diskovi', 'Set diskova TRW', 13000),
	(156, 'Osram žarulja H7 Cool Blue Intense', 'Žarulja H7 Osram Cool Blue Intense', 600),
	(157, 'Philips žarulja H4 Racing Vision', 'Žarulja H4 Philips Racing Vision', 500),
	(158, 'Castrol motorno ulje Magnatec 10W-40 5L', 'Motorno ulje Castrol Magnatec 10W-40 5L', 9500),
	(159, 'Total motorno ulje Quartz 7000 5W-30 5L', 'Motorno ulje Total Quartz 7000 5W-30 5L', 9000),
	(160, 'Elf motorno ulje Evolution 900 5W-30 5L', 'Motorno ulje Elf Evolution 900 5W-30 5L', 8500),
	(161, 'Bosch brisna četkica', 'Brisna četkica Bosch', 2000),
	(162, 'Mann-Filter filter kabine', 'Filter kabine visokih performansi', 2500),
	(163, 'Varta akumulator Blue Dynamic 90Ah', 'Akumulator 90Ah', 16500),
	(164, 'Valeo set brisača', 'Set prednjih brisača Valeo', 3500),
	(165, 'NGK set svjećica', 'Set od 4 svjećice NGK', 4600),
	(166, 'Sachs set kvačila', 'Komplet kvačila Sachs', 25000),
	(167, 'Monroe amortizer prednji', 'Prednji amortizer Monroe', 10500),
	(168, 'Contitech set zupčastog remena', 'Set zupčastog remena Contitech', 22000),
	(169, 'ATE senzor ABS', 'Senzor ABS ATE', 4200),
	(170, 'Hella alternator 150A', 'Alternator Hella 150A', 21000),
	(171, 'Febi Bilstein kuglični zglob', 'Kuglični zglob Febi Bilstein', 5200),
	(172, 'Textar disk pločice', 'Set disk pločica Textar', 9700),
	(173, 'Delphi krajnica spone', 'Krajnica spone Delphi', 2800),
	(174, 'SKF ležaj kotača', 'Ležaj kotača SKF', 8200),
	(175, 'TRW diskovi', 'Set diskova TRW', 13500),
	(176, 'Osram žarulja H7 Night Breaker Laser', 'Žarulja H7 Osram Night Breaker Laser', 580),
	(177, 'Philips žarulja H4 Vision Plus', 'Žarulja H4 Philips Vision Plus', 500),
	(178, 'Castrol motorno ulje Edge 5W-30 5L', 'Motorno ulje Castrol Edge 5W-30 5L', 35000),
	(179, 'Total motorno ulje Quartz 9000 5W-40 5L', 'Motorno ulje Total Quartz 9000 5W-40 5L', 33000),
	(180, 'Elf motorno ulje Evolution 900 SXR 5W-40 5L', 'Motorno ulje Elf Evolution 900 SXR 5W-40 5L', 31500),
	(181, 'Bosch brisna četkica', 'Brisna četkica Bosch', 2000),
	(182, 'Mann-Filter filter kabine', 'Filter kabine visokih performansi', 2500),
	(183, 'Varta akumulator Silver Dynamic 95Ah', 'Akumulator 95Ah', 17000),
	(184, 'Valeo set brisača', 'Set prednjih brisača Valeo', 3700),
	(185, 'NGK set svjećica', 'Set od 4 svjećice NGK', 5000),
	(186, 'Sachs set kvačila', 'Komplet kvačila Sachs', 28500),
	(187, 'Monroe amortizer stražnji', 'Stražnji amortizer Monroe', 12000),
	(188, 'Contitech set zupčastog remena', 'Set zupčastog remena Contitech', 23000),
	(189, 'ATE senzor ABS', 'Senzor ABS ATE', 4400),
	(190, 'Hella alternator 140A', 'Alternator Hella 140A', 21000),
	(191, 'Febi Bilstein kuglični zglob', 'Kuglični zglob Febi Bilstein', 5400),
	(192, 'Textar disk pločice', 'Set disk pločica Textar', 10000),
	(193, 'Delphi krajnica spone', 'Krajnica spone Delphi', 2800),
	(194, 'SKF ležaj kotača', 'Ležaj kotača SKF', 8200),
	(195, 'TRW diskovi', 'Set diskova TRW', 13500),
	(196, 'Osram žarulja H7 Cool Blue Intense', 'Žarulja H7 Osram Cool Blue Intense', 650),
	(197, 'Philips žarulja H4 Racing Vision', 'Žarulja H4 Philips Racing Vision', 520),
	(198, 'Castrol motorno ulje Magnatec 10W-40 5L', 'Motorno ulje Castrol Magnatec 10W-40 5L', 10000),
	(199, 'Total motorno ulje Quartz 7000 5W-30 5L', 'Motorno ulje Total Quartz 7000 5W-30 5L', 9500),
	(200, 'Elf motorno ulje Evolution 900 5W-30 5L', 'Motorno ulje Elf Evolution 900 5W-30 5L', 9000),
	(201, 'Bosch brisna četkica', 'Brisna četkica Bosch', 2100),
	(202, 'Mann-Filter filter kabine', 'Filter kabine visokih performansi', 2600),
	(203, 'Varta akumulator Blue Dynamic 90Ah', 'Akumulator 90Ah', 16000),
	(204, 'Valeo set brisača', 'Set prednjih brisača Valeo', 3400),
	(205, 'NGK set svjećica', 'Set od 4 svjećice NGK', 4800),
	(206, 'Sachs set kvačila', 'Komplet kvačila Sachs', 26000),
	(207, 'Monroe amortizer prednji', 'Prednji amortizer Monroe', 10700),
	(208, 'Contitech set zupčastog remena', 'Set zupčastog remena Contitech', 22000),
	(209, 'ATE senzor ABS', 'Senzor ABS ATE', 4400),
	(210, 'Hella alternator 150A', 'Alternator Hella 150A', 21500),
	(211, 'Febi Bilstein kuglični zglob', 'Kuglični zglob Febi Bilstein', 5400),
	(212, 'Textar disk pločice', 'Set disk pločica Textar', 9900),
	(213, 'Delphi krajnica spone', 'Krajnica spone Delphi', 2900),
	(214, 'SKF ležaj kotača', 'Ležaj kotača SKF', 8400),
	(215, 'TRW diskovi', 'Set diskova TRW', 14000),
	(216, 'Osram žarulja H7 Night Breaker Laser', 'Žarulja H7 Osram Night Breaker Laser', 600),
	(217, 'Philips žarulja H4 Vision Plus', 'Žarulja H4 Philips Vision Plus', 520),
	(218, 'Castrol motorno ulje Edge 5W-30 5L', 'Motorno ulje Castrol Edge 5W-30 5L', 36000),
	(219, 'Total motorno ulje Quartz 9000 5W-40 5L', 'Motorno ulje Total Quartz 9000 5W-40 5L', 34000),
	(220, 'Elf motorno ulje Evolution 900 SXR 5W-40 5L', 'Motorno ulje Elf Evolution 900 SXR 5W-40 5L', 32500),
	(221, 'Bosch brisna četkica', 'Brisna četkica Bosch', 2100),
	(222, 'Mann-Filter filter kabine', 'Filter kabine visokih performansi', 2600),
	(223, 'Varta akumulator Silver Dynamic 95Ah', 'Akumulator 95Ah', 17500),
	(224, 'Valeo set brisača', 'Set prednjih brisača Valeo', 3800),
	(225, 'NGK set svjećica', 'Set od 4 svjećice NGK', 5200),
	(226, 'Sachs set kvačila', 'Komplet kvačila Sachs', 29500),
	(227, 'Monroe amortizer stražnji', 'Stražnji amortizer Monroe', 12500),
	(228, 'Contitech set zupčastog remena', 'Set zupčastog remena Contitech', 24000),
	(229, 'ATE senzor ABS', 'Senzor ABS ATE', 4600),
	(230, 'Hella alternator 140A', 'Alternator Hella 140A', 21500),
	(231, 'Febi Bilstein kuglični zglob', 'Kuglični zglob Febi Bilstein', 5600),
	(232, 'Textar disk pločice', 'Set disk pločica Textar', 10200),
	(233, 'Delphi krajnica spone', 'Krajnica spone Delphi', 2900),
	(234, 'SKF ležaj kotača', 'Ležaj kotača SKF', 8400),
	(235, 'TRW diskovi', 'Set diskova TRW', 14000),
	(236, 'Osram žarulja H7 Cool Blue Intense', 'Žarulja H7 Osram Cool Blue Intense', 700),
	(237, 'Philips žarulja H4 Racing Vision', 'Žarulja H4 Philips Racing Vision', 550),
	(238, 'Castrol motorno ulje Magnatec 10W-40 5L', 'Motorno ulje Castrol Magnatec 10W-40 5L', 10500),
	(239, 'Total motorno ulje Quartz 7000 5W-30 5L', 'Motorno ulje Total Quartz 7000 5W-30 5L', 10000),
	(240, 'Elf motorno ulje Evolution 900 5W-30 5L', 'Motorno ulje Elf Evolution 900 5W-30 5L', 9500),
	(241, 'Bosch brisna četkica', 'Brisna četkica Bosch', 2200),
	(242, 'Mann-Filter filter kabine', 'Filter kabine visokih performansi', 2700),
	(243, 'Varta akumulator Blue Dynamic 90Ah', 'Akumulator 90Ah', 16500),
	(244, 'Valeo set brisača', 'Set prednjih brisača Valeo', 3500),
	(245, 'NGK set svjećica', 'Set od 4 svjećice NGK', 5000),
	(246, 'Sachs set kvačila', 'Komplet kvačila Sachs', 27000),
	(247, 'Monroe amortizer prednji', 'Prednji amortizer Monroe', 11000),
	(248, 'Contitech set zupčastog remena', 'Set zupčastog remena Contitech', 23000),
	(249, 'ATE senzor ABS', 'Senzor ABS ATE', 4600),
	(250, 'Hella alternator 150A', 'Alternator Hella 150A', 22000);

INSERT INTO `slika` (`id`, `putanja`, `naziv`, `opis`) VALUES
	(1, 'images/slika_proizvod_1_img1_id1.jpg', 'Slika 1 za proizvod 1 (ID slike: 1)', 'Automatski generirani opis za sliku 1, slika broj 1 proizvoda 1'),
	(2, 'images/slika_proizvod_1_img2_id2.jpg', 'Slika 2 za proizvod 1 (ID slike: 2)', 'Automatski generirani opis za sliku 2, slika broj 2 proizvoda 1'),
	(3, 'images/slika_proizvod_2_img1_id3.jpg', 'Slika 1 za proizvod 2 (ID slike: 3)', 'Automatski generirani opis za sliku 3, slika broj 1 proizvoda 2'),
	(4, 'images/slika_proizvod_3_img1_id4.jpg', 'Slika 1 za proizvod 3 (ID slike: 4)', 'Automatski generirani opis za sliku 4, slika broj 1 proizvoda 3'),
	(5, 'images/slika_proizvod_4_img1_id5.jpg', 'Slika 1 za proizvod 4 (ID slike: 5)', 'Automatski generirani opis za sliku 5, slika broj 1 proizvoda 4'),
	(6, 'images/slika_proizvod_5_img1_id6.jpg', 'Slika 1 za proizvod 5 (ID slike: 6)', 'Automatski generirani opis za sliku 6, slika broj 1 proizvoda 5'),
	(7, 'images/slika_proizvod_6_img1_id7.jpg', 'Slika 1 za proizvod 6 (ID slike: 7)', 'Automatski generirani opis za sliku 7, slika broj 1 proizvoda 6'),
	(8, 'images/slika_proizvod_6_img2_id8.jpg', 'Slika 2 za proizvod 6 (ID slike: 8)', 'Automatski generirani opis za sliku 8, slika broj 2 proizvoda 6'),
	(9, 'images/slika_proizvod_7_img1_id9.jpg', 'Slika 1 za proizvod 7 (ID slike: 9)', 'Automatski generirani opis za sliku 9, slika broj 1 proizvoda 7'),
	(10, 'images/slika_proizvod_7_img2_id10.jpg', 'Slika 2 za proizvod 7 (ID slike: 10)', 'Automatski generirani opis za sliku 10, slika broj 2 proizvoda 7'),
	(11, 'images/slika_proizvod_8_img1_id11.jpg', 'Slika 1 za proizvod 8 (ID slike: 11)', 'Automatski generirani opis za sliku 11, slika broj 1 proizvoda 8'),
	(12, 'images/slika_proizvod_9_img1_id12.jpg', 'Slika 1 za proizvod 9 (ID slike: 12)', 'Automatski generirani opis za sliku 12, slika broj 1 proizvoda 9'),
	(13, 'images/slika_proizvod_9_img2_id13.jpg', 'Slika 2 za proizvod 9 (ID slike: 13)', 'Automatski generirani opis za sliku 13, slika broj 2 proizvoda 9'),
	(14, 'images/slika_proizvod_9_img3_id14.jpg', 'Slika 3 za proizvod 9 (ID slike: 14)', 'Automatski generirani opis za sliku 14, slika broj 3 proizvoda 9'),
	(15, 'images/slika_proizvod_10_img1_id15.jpg', 'Slika 1 za proizvod 10 (ID slike: 15)', 'Automatski generirani opis za sliku 15, slika broj 1 proizvoda 10'),
	(16, 'images/slika_proizvod_10_img2_id16.jpg', 'Slika 2 za proizvod 10 (ID slike: 16)', 'Automatski generirani opis za sliku 16, slika broj 2 proizvoda 10'),
	(17, 'images/slika_proizvod_11_img1_id17.jpg', 'Slika 1 za proizvod 11 (ID slike: 17)', 'Automatski generirani opis za sliku 17, slika broj 1 proizvoda 11'),
	(18, 'images/slika_proizvod_11_img2_id18.jpg', 'Slika 2 za proizvod 11 (ID slike: 18)', 'Automatski generirani opis za sliku 18, slika broj 2 proizvoda 11'),
	(19, 'images/slika_proizvod_11_img3_id19.jpg', 'Slika 3 za proizvod 11 (ID slike: 19)', 'Automatski generirani opis za sliku 19, slika broj 3 proizvoda 11'),
	(20, 'images/slika_proizvod_12_img1_id20.jpg', 'Slika 1 za proizvod 12 (ID slike: 20)', 'Automatski generirani opis za sliku 20, slika broj 1 proizvoda 12'),
	(21, 'images/slika_proizvod_13_img1_id21.jpg', 'Slika 1 za proizvod 13 (ID slike: 21)', 'Automatski generirani opis za sliku 21, slika broj 1 proizvoda 13'),
	(22, 'images/slika_proizvod_14_img1_id22.jpg', 'Slika 1 za proizvod 14 (ID slike: 22)', 'Automatski generirani opis za sliku 22, slika broj 1 proizvoda 14'),
	(23, 'images/slika_proizvod_15_img1_id23.jpg', 'Slika 1 za proizvod 15 (ID slike: 23)', 'Automatski generirani opis za sliku 23, slika broj 1 proizvoda 15'),
	(24, 'images/slika_proizvod_15_img2_id24.jpg', 'Slika 2 za proizvod 15 (ID slike: 24)', 'Automatski generirani opis za sliku 24, slika broj 2 proizvoda 15'),
	(25, 'images/slika_proizvod_15_img3_id25.jpg', 'Slika 3 za proizvod 15 (ID slike: 25)', 'Automatski generirani opis za sliku 25, slika broj 3 proizvoda 15'),
	(26, 'images/slika_proizvod_16_img1_id26.jpg', 'Slika 1 za proizvod 16 (ID slike: 26)', 'Automatski generirani opis za sliku 26, slika broj 1 proizvoda 16'),
	(27, 'images/slika_proizvod_17_img1_id27.jpg', 'Slika 1 za proizvod 17 (ID slike: 27)', 'Automatski generirani opis za sliku 27, slika broj 1 proizvoda 17'),
	(28, 'images/slika_proizvod_17_img2_id28.jpg', 'Slika 2 za proizvod 17 (ID slike: 28)', 'Automatski generirani opis za sliku 28, slika broj 2 proizvoda 17'),
	(29, 'images/slika_proizvod_17_img3_id29.jpg', 'Slika 3 za proizvod 17 (ID slike: 29)', 'Automatski generirani opis za sliku 29, slika broj 3 proizvoda 17'),
	(30, 'images/slika_proizvod_18_img1_id30.jpg', 'Slika 1 za proizvod 18 (ID slike: 30)', 'Automatski generirani opis za sliku 30, slika broj 1 proizvoda 18'),
	(31, 'images/slika_proizvod_18_img2_id31.jpg', 'Slika 2 za proizvod 18 (ID slike: 31)', 'Automatski generirani opis za sliku 31, slika broj 2 proizvoda 18'),
	(32, 'images/slika_proizvod_19_img1_id32.jpg', 'Slika 1 za proizvod 19 (ID slike: 32)', 'Automatski generirani opis za sliku 32, slika broj 1 proizvoda 19'),
	(33, 'images/slika_proizvod_19_img2_id33.jpg', 'Slika 2 za proizvod 19 (ID slike: 33)', 'Automatski generirani opis za sliku 33, slika broj 2 proizvoda 19'),
	(34, 'images/slika_proizvod_19_img3_id34.jpg', 'Slika 3 za proizvod 19 (ID slike: 34)', 'Automatski generirani opis za sliku 34, slika broj 3 proizvoda 19'),
	(35, 'images/slika_proizvod_20_img1_id35.jpg', 'Slika 1 za proizvod 20 (ID slike: 35)', 'Automatski generirani opis za sliku 35, slika broj 1 proizvoda 20'),
	(36, 'images/slika_proizvod_20_img2_id36.jpg', 'Slika 2 za proizvod 20 (ID slike: 36)', 'Automatski generirani opis za sliku 36, slika broj 2 proizvoda 20'),
	(37, 'images/slika_proizvod_20_img3_id37.jpg', 'Slika 3 za proizvod 20 (ID slike: 37)', 'Automatski generirani opis za sliku 37, slika broj 3 proizvoda 20'),
	(38, 'images/slika_proizvod_21_img1_id38.jpg', 'Slika 1 za proizvod 21 (ID slike: 38)', 'Automatski generirani opis za sliku 38, slika broj 1 proizvoda 21'),
	(39, 'images/slika_proizvod_21_img2_id39.jpg', 'Slika 2 za proizvod 21 (ID slike: 39)', 'Automatski generirani opis za sliku 39, slika broj 2 proizvoda 21'),
	(40, 'images/slika_proizvod_22_img1_id40.jpg', 'Slika 1 za proizvod 22 (ID slike: 40)', 'Automatski generirani opis za sliku 40, slika broj 1 proizvoda 22'),
	(41, 'images/slika_proizvod_22_img2_id41.jpg', 'Slika 2 za proizvod 22 (ID slike: 41)', 'Automatski generirani opis za sliku 41, slika broj 2 proizvoda 22'),
	(42, 'images/slika_proizvod_22_img3_id42.jpg', 'Slika 3 za proizvod 22 (ID slike: 42)', 'Automatski generirani opis za sliku 42, slika broj 3 proizvoda 22'),
	(43, 'images/slika_proizvod_23_img1_id43.jpg', 'Slika 1 za proizvod 23 (ID slike: 43)', 'Automatski generirani opis za sliku 43, slika broj 1 proizvoda 23'),
	(44, 'images/slika_proizvod_23_img2_id44.jpg', 'Slika 2 za proizvod 23 (ID slike: 44)', 'Automatski generirani opis za sliku 44, slika broj 2 proizvoda 23'),
	(45, 'images/slika_proizvod_24_img1_id45.jpg', 'Slika 1 za proizvod 24 (ID slike: 45)', 'Automatski generirani opis za sliku 45, slika broj 1 proizvoda 24'),
	(46, 'images/slika_proizvod_24_img2_id46.jpg', 'Slika 2 za proizvod 24 (ID slike: 46)', 'Automatski generirani opis za sliku 46, slika broj 2 proizvoda 24'),
	(47, 'images/slika_proizvod_25_img1_id47.jpg', 'Slika 1 za proizvod 25 (ID slike: 47)', 'Automatski generirani opis za sliku 47, slika broj 1 proizvoda 25'),
	(48, 'images/slika_proizvod_25_img2_id48.jpg', 'Slika 2 za proizvod 25 (ID slike: 48)', 'Automatski generirani opis za sliku 48, slika broj 2 proizvoda 25'),
	(49, 'images/slika_proizvod_25_img3_id49.jpg', 'Slika 3 za proizvod 25 (ID slike: 49)', 'Automatski generirani opis za sliku 49, slika broj 3 proizvoda 25'),
	(50, 'images/slika_proizvod_26_img1_id50.jpg', 'Slika 1 za proizvod 26 (ID slike: 50)', 'Automatski generirani opis za sliku 50, slika broj 1 proizvoda 26'),
	(51, 'images/slika_proizvod_26_img2_id51.jpg', 'Slika 2 za proizvod 26 (ID slike: 51)', 'Automatski generirani opis za sliku 51, slika broj 2 proizvoda 26'),
	(52, 'images/slika_proizvod_26_img3_id52.jpg', 'Slika 3 za proizvod 26 (ID slike: 52)', 'Automatski generirani opis za sliku 52, slika broj 3 proizvoda 26'),
	(53, 'images/slika_proizvod_27_img1_id53.jpg', 'Slika 1 za proizvod 27 (ID slike: 53)', 'Automatski generirani opis za sliku 53, slika broj 1 proizvoda 27'),
	(54, 'images/slika_proizvod_27_img2_id54.jpg', 'Slika 2 za proizvod 27 (ID slike: 54)', 'Automatski generirani opis za sliku 54, slika broj 2 proizvoda 27'),
	(55, 'images/slika_proizvod_28_img1_id55.jpg', 'Slika 1 za proizvod 28 (ID slike: 55)', 'Automatski generirani opis za sliku 55, slika broj 1 proizvoda 28'),
	(56, 'images/slika_proizvod_29_img1_id56.jpg', 'Slika 1 za proizvod 29 (ID slike: 56)', 'Automatski generirani opis za sliku 56, slika broj 1 proizvoda 29'),
	(57, 'images/slika_proizvod_29_img2_id57.jpg', 'Slika 2 za proizvod 29 (ID slike: 57)', 'Automatski generirani opis za sliku 57, slika broj 2 proizvoda 29'),
	(58, 'images/slika_proizvod_29_img3_id58.jpg', 'Slika 3 za proizvod 29 (ID slike: 58)', 'Automatski generirani opis za sliku 58, slika broj 3 proizvoda 29'),
	(59, 'images/slika_proizvod_30_img1_id59.jpg', 'Slika 1 za proizvod 30 (ID slike: 59)', 'Automatski generirani opis za sliku 59, slika broj 1 proizvoda 30'),
	(60, 'images/slika_proizvod_30_img2_id60.jpg', 'Slika 2 za proizvod 30 (ID slike: 60)', 'Automatski generirani opis za sliku 60, slika broj 2 proizvoda 30'),
	(61, 'images/slika_proizvod_31_img1_id61.jpg', 'Slika 1 za proizvod 31 (ID slike: 61)', 'Automatski generirani opis za sliku 61, slika broj 1 proizvoda 31'),
	(62, 'images/slika_proizvod_31_img2_id62.jpg', 'Slika 2 za proizvod 31 (ID slike: 62)', 'Automatski generirani opis za sliku 62, slika broj 2 proizvoda 31'),
	(63, 'images/slika_proizvod_32_img1_id63.jpg', 'Slika 1 za proizvod 32 (ID slike: 63)', 'Automatski generirani opis za sliku 63, slika broj 1 proizvoda 32'),
	(64, 'images/slika_proizvod_32_img2_id64.jpg', 'Slika 2 za proizvod 32 (ID slike: 64)', 'Automatski generirani opis za sliku 64, slika broj 2 proizvoda 32'),
	(65, 'images/slika_proizvod_33_img1_id65.jpg', 'Slika 1 za proizvod 33 (ID slike: 65)', 'Automatski generirani opis za sliku 65, slika broj 1 proizvoda 33'),
	(66, 'images/slika_proizvod_33_img2_id66.jpg', 'Slika 2 za proizvod 33 (ID slike: 66)', 'Automatski generirani opis za sliku 66, slika broj 2 proizvoda 33'),
	(67, 'images/slika_proizvod_33_img3_id67.jpg', 'Slika 3 za proizvod 33 (ID slike: 67)', 'Automatski generirani opis za sliku 67, slika broj 3 proizvoda 33'),
	(68, 'images/slika_proizvod_34_img1_id68.jpg', 'Slika 1 za proizvod 34 (ID slike: 68)', 'Automatski generirani opis za sliku 68, slika broj 1 proizvoda 34'),
	(69, 'images/slika_proizvod_34_img2_id69.jpg', 'Slika 2 za proizvod 34 (ID slike: 69)', 'Automatski generirani opis za sliku 69, slika broj 2 proizvoda 34'),
	(70, 'images/slika_proizvod_35_img1_id70.jpg', 'Slika 1 za proizvod 35 (ID slike: 70)', 'Automatski generirani opis za sliku 70, slika broj 1 proizvoda 35'),
	(71, 'images/slika_proizvod_36_img1_id71.jpg', 'Slika 1 za proizvod 36 (ID slike: 71)', 'Automatski generirani opis za sliku 71, slika broj 1 proizvoda 36'),
	(72, 'images/slika_proizvod_37_img1_id72.jpg', 'Slika 1 za proizvod 37 (ID slike: 72)', 'Automatski generirani opis za sliku 72, slika broj 1 proizvoda 37'),
	(73, 'images/slika_proizvod_37_img2_id73.jpg', 'Slika 2 za proizvod 37 (ID slike: 73)', 'Automatski generirani opis za sliku 73, slika broj 2 proizvoda 37'),
	(74, 'images/slika_proizvod_38_img1_id74.jpg', 'Slika 1 za proizvod 38 (ID slike: 74)', 'Automatski generirani opis za sliku 74, slika broj 1 proizvoda 38'),
	(75, 'images/slika_proizvod_38_img2_id75.jpg', 'Slika 2 za proizvod 38 (ID slike: 75)', 'Automatski generirani opis za sliku 75, slika broj 2 proizvoda 38'),
	(76, 'images/slika_proizvod_38_img3_id76.jpg', 'Slika 3 za proizvod 38 (ID slike: 76)', 'Automatski generirani opis za sliku 76, slika broj 3 proizvoda 38'),
	(77, 'images/slika_proizvod_39_img1_id77.jpg', 'Slika 1 za proizvod 39 (ID slike: 77)', 'Automatski generirani opis za sliku 77, slika broj 1 proizvoda 39'),
	(78, 'images/slika_proizvod_40_img1_id78.jpg', 'Slika 1 za proizvod 40 (ID slike: 78)', 'Automatski generirani opis za sliku 78, slika broj 1 proizvoda 40'),
	(79, 'images/slika_proizvod_40_img2_id79.jpg', 'Slika 2 za proizvod 40 (ID slike: 79)', 'Automatski generirani opis za sliku 79, slika broj 2 proizvoda 40'),
	(80, 'images/slika_proizvod_41_img1_id80.jpg', 'Slika 1 za proizvod 41 (ID slike: 80)', 'Automatski generirani opis za sliku 80, slika broj 1 proizvoda 41'),
	(81, 'images/slika_proizvod_41_img2_id81.jpg', 'Slika 2 za proizvod 41 (ID slike: 81)', 'Automatski generirani opis za sliku 81, slika broj 2 proizvoda 41'),
	(82, 'images/slika_proizvod_42_img1_id82.jpg', 'Slika 1 za proizvod 42 (ID slike: 82)', 'Automatski generirani opis za sliku 82, slika broj 1 proizvoda 42'),
	(83, 'images/slika_proizvod_43_img1_id83.jpg', 'Slika 1 za proizvod 43 (ID slike: 83)', 'Automatski generirani opis za sliku 83, slika broj 1 proizvoda 43'),
	(84, 'images/slika_proizvod_44_img1_id84.jpg', 'Slika 1 za proizvod 44 (ID slike: 84)', 'Automatski generirani opis za sliku 84, slika broj 1 proizvoda 44'),
	(85, 'images/slika_proizvod_45_img1_id85.jpg', 'Slika 1 za proizvod 45 (ID slike: 85)', 'Automatski generirani opis za sliku 85, slika broj 1 proizvoda 45'),
	(86, 'images/slika_proizvod_45_img2_id86.jpg', 'Slika 2 za proizvod 45 (ID slike: 86)', 'Automatski generirani opis za sliku 86, slika broj 2 proizvoda 45'),
	(87, 'images/slika_proizvod_46_img1_id87.jpg', 'Slika 1 za proizvod 46 (ID slike: 87)', 'Automatski generirani opis za sliku 87, slika broj 1 proizvoda 46'),
	(88, 'images/slika_proizvod_46_img2_id88.jpg', 'Slika 2 za proizvod 46 (ID slike: 88)', 'Automatski generirani opis za sliku 88, slika broj 2 proizvoda 46'),
	(89, 'images/slika_proizvod_46_img3_id89.jpg', 'Slika 3 za proizvod 46 (ID slike: 89)', 'Automatski generirani opis za sliku 89, slika broj 3 proizvoda 46'),
	(90, 'images/slika_proizvod_47_img1_id90.jpg', 'Slika 1 za proizvod 47 (ID slike: 90)', 'Automatski generirani opis za sliku 90, slika broj 1 proizvoda 47'),
	(91, 'images/slika_proizvod_47_img2_id91.jpg', 'Slika 2 za proizvod 47 (ID slike: 91)', 'Automatski generirani opis za sliku 91, slika broj 2 proizvoda 47'),
	(92, 'images/slika_proizvod_48_img1_id92.jpg', 'Slika 1 za proizvod 48 (ID slike: 92)', 'Automatski generirani opis za sliku 92, slika broj 1 proizvoda 48'),
	(93, 'images/slika_proizvod_48_img2_id93.jpg', 'Slika 2 za proizvod 48 (ID slike: 93)', 'Automatski generirani opis za sliku 93, slika broj 2 proizvoda 48'),
	(94, 'images/slika_proizvod_49_img1_id94.jpg', 'Slika 1 za proizvod 49 (ID slike: 94)', 'Automatski generirani opis za sliku 94, slika broj 1 proizvoda 49'),
	(95, 'images/slika_proizvod_49_img2_id95.jpg', 'Slika 2 za proizvod 49 (ID slike: 95)', 'Automatski generirani opis za sliku 95, slika broj 2 proizvoda 49'),
	(96, 'images/slika_proizvod_49_img3_id96.jpg', 'Slika 3 za proizvod 49 (ID slike: 96)', 'Automatski generirani opis za sliku 96, slika broj 3 proizvoda 49'),
	(97, 'images/slika_proizvod_50_img1_id97.jpg', 'Slika 1 za proizvod 50 (ID slike: 97)', 'Automatski generirani opis za sliku 97, slika broj 1 proizvoda 50'),
	(98, 'images/slika_proizvod_50_img2_id98.jpg', 'Slika 2 za proizvod 50 (ID slike: 98)', 'Automatski generirani opis za sliku 98, slika broj 2 proizvoda 50'),
	(99, 'images/slika_proizvod_50_img3_id99.jpg', 'Slika 3 za proizvod 50 (ID slike: 99)', 'Automatski generirani opis za sliku 99, slika broj 3 proizvoda 50'),
	(100, 'images/slika_proizvod_51_img1_id100.jpg', 'Slika 1 za proizvod 51 (ID slike: 100)', 'Automatski generirani opis za sliku 100, slika broj 1 proizvoda 51'),
	(101, 'images/slika_proizvod_51_img2_id101.jpg', 'Slika 2 za proizvod 51 (ID slike: 101)', 'Automatski generirani opis za sliku 101, slika broj 2 proizvoda 51'),
	(102, 'images/slika_proizvod_51_img3_id102.jpg', 'Slika 3 za proizvod 51 (ID slike: 102)', 'Automatski generirani opis za sliku 102, slika broj 3 proizvoda 51'),
	(103, 'images/slika_proizvod_52_img1_id103.jpg', 'Slika 1 za proizvod 52 (ID slike: 103)', 'Automatski generirani opis za sliku 103, slika broj 1 proizvoda 52'),
	(104, 'images/slika_proizvod_52_img2_id104.jpg', 'Slika 2 za proizvod 52 (ID slike: 104)', 'Automatski generirani opis za sliku 104, slika broj 2 proizvoda 52'),
	(105, 'images/slika_proizvod_53_img1_id105.jpg', 'Slika 1 za proizvod 53 (ID slike: 105)', 'Automatski generirani opis za sliku 105, slika broj 1 proizvoda 53'),
	(106, 'images/slika_proizvod_53_img2_id106.jpg', 'Slika 2 za proizvod 53 (ID slike: 106)', 'Automatski generirani opis za sliku 106, slika broj 2 proizvoda 53'),
	(107, 'images/slika_proizvod_54_img1_id107.jpg', 'Slika 1 za proizvod 54 (ID slike: 107)', 'Automatski generirani opis za sliku 107, slika broj 1 proizvoda 54'),
	(108, 'images/slika_proizvod_54_img2_id108.jpg', 'Slika 2 za proizvod 54 (ID slike: 108)', 'Automatski generirani opis za sliku 108, slika broj 2 proizvoda 54'),
	(109, 'images/slika_proizvod_54_img3_id109.jpg', 'Slika 3 za proizvod 54 (ID slike: 109)', 'Automatski generirani opis za sliku 109, slika broj 3 proizvoda 54'),
	(110, 'images/slika_proizvod_55_img1_id110.jpg', 'Slika 1 za proizvod 55 (ID slike: 110)', 'Automatski generirani opis za sliku 110, slika broj 1 proizvoda 55'),
	(111, 'images/slika_proizvod_55_img2_id111.jpg', 'Slika 2 za proizvod 55 (ID slike: 111)', 'Automatski generirani opis za sliku 111, slika broj 2 proizvoda 55'),
	(112, 'images/slika_proizvod_55_img3_id112.jpg', 'Slika 3 za proizvod 55 (ID slike: 112)', 'Automatski generirani opis za sliku 112, slika broj 3 proizvoda 55'),
	(113, 'images/slika_proizvod_56_img1_id113.jpg', 'Slika 1 za proizvod 56 (ID slike: 113)', 'Automatski generirani opis za sliku 113, slika broj 1 proizvoda 56'),
	(114, 'images/slika_proizvod_56_img2_id114.jpg', 'Slika 2 za proizvod 56 (ID slike: 114)', 'Automatski generirani opis za sliku 114, slika broj 2 proizvoda 56'),
	(115, 'images/slika_proizvod_57_img1_id115.jpg', 'Slika 1 za proizvod 57 (ID slike: 115)', 'Automatski generirani opis za sliku 115, slika broj 1 proizvoda 57'),
	(116, 'images/slika_proizvod_58_img1_id116.jpg', 'Slika 1 za proizvod 58 (ID slike: 116)', 'Automatski generirani opis za sliku 116, slika broj 1 proizvoda 58'),
	(117, 'images/slika_proizvod_59_img1_id117.jpg', 'Slika 1 za proizvod 59 (ID slike: 117)', 'Automatski generirani opis za sliku 117, slika broj 1 proizvoda 59'),
	(118, 'images/slika_proizvod_60_img1_id118.jpg', 'Slika 1 za proizvod 60 (ID slike: 118)', 'Automatski generirani opis za sliku 118, slika broj 1 proizvoda 60'),
	(119, 'images/slika_proizvod_60_img2_id119.jpg', 'Slika 2 za proizvod 60 (ID slike: 119)', 'Automatski generirani opis za sliku 119, slika broj 2 proizvoda 60'),
	(120, 'images/slika_proizvod_61_img1_id120.jpg', 'Slika 1 za proizvod 61 (ID slike: 120)', 'Automatski generirani opis za sliku 120, slika broj 1 proizvoda 61'),
	(121, 'images/slika_proizvod_61_img2_id121.jpg', 'Slika 2 za proizvod 61 (ID slike: 121)', 'Automatski generirani opis za sliku 121, slika broj 2 proizvoda 61'),
	(122, 'images/slika_proizvod_62_img1_id122.jpg', 'Slika 1 za proizvod 62 (ID slike: 122)', 'Automatski generirani opis za sliku 122, slika broj 1 proizvoda 62'),
	(123, 'images/slika_proizvod_62_img2_id123.jpg', 'Slika 2 za proizvod 62 (ID slike: 123)', 'Automatski generirani opis za sliku 123, slika broj 2 proizvoda 62'),
	(124, 'images/slika_proizvod_63_img1_id124.jpg', 'Slika 1 za proizvod 63 (ID slike: 124)', 'Automatski generirani opis za sliku 124, slika broj 1 proizvoda 63'),
	(125, 'images/slika_proizvod_63_img2_id125.jpg', 'Slika 2 za proizvod 63 (ID slike: 125)', 'Automatski generirani opis za sliku 125, slika broj 2 proizvoda 63'),
	(126, 'images/slika_proizvod_64_img1_id126.jpg', 'Slika 1 za proizvod 64 (ID slike: 126)', 'Automatski generirani opis za sliku 126, slika broj 1 proizvoda 64'),
	(127, 'images/slika_proizvod_64_img2_id127.jpg', 'Slika 2 za proizvod 64 (ID slike: 127)', 'Automatski generirani opis za sliku 127, slika broj 2 proizvoda 64'),
	(128, 'images/slika_proizvod_65_img1_id128.jpg', 'Slika 1 za proizvod 65 (ID slike: 128)', 'Automatski generirani opis za sliku 128, slika broj 1 proizvoda 65'),
	(129, 'images/slika_proizvod_65_img2_id129.jpg', 'Slika 2 za proizvod 65 (ID slike: 129)', 'Automatski generirani opis za sliku 129, slika broj 2 proizvoda 65'),
	(130, 'images/slika_proizvod_66_img1_id130.jpg', 'Slika 1 za proizvod 66 (ID slike: 130)', 'Automatski generirani opis za sliku 130, slika broj 1 proizvoda 66'),
	(131, 'images/slika_proizvod_66_img2_id131.jpg', 'Slika 2 za proizvod 66 (ID slike: 131)', 'Automatski generirani opis za sliku 131, slika broj 2 proizvoda 66'),
	(132, 'images/slika_proizvod_66_img3_id132.jpg', 'Slika 3 za proizvod 66 (ID slike: 132)', 'Automatski generirani opis za sliku 132, slika broj 3 proizvoda 66'),
	(133, 'images/slika_proizvod_67_img1_id133.jpg', 'Slika 1 za proizvod 67 (ID slike: 133)', 'Automatski generirani opis za sliku 133, slika broj 1 proizvoda 67'),
	(134, 'images/slika_proizvod_68_img1_id134.jpg', 'Slika 1 za proizvod 68 (ID slike: 134)', 'Automatski generirani opis za sliku 134, slika broj 1 proizvoda 68'),
	(135, 'images/slika_proizvod_68_img2_id135.jpg', 'Slika 2 za proizvod 68 (ID slike: 135)', 'Automatski generirani opis za sliku 135, slika broj 2 proizvoda 68'),
	(136, 'images/slika_proizvod_68_img3_id136.jpg', 'Slika 3 za proizvod 68 (ID slike: 136)', 'Automatski generirani opis za sliku 136, slika broj 3 proizvoda 68'),
	(137, 'images/slika_proizvod_69_img1_id137.jpg', 'Slika 1 za proizvod 69 (ID slike: 137)', 'Automatski generirani opis za sliku 137, slika broj 1 proizvoda 69'),
	(138, 'images/slika_proizvod_69_img2_id138.jpg', 'Slika 2 za proizvod 69 (ID slike: 138)', 'Automatski generirani opis za sliku 138, slika broj 2 proizvoda 69'),
	(139, 'images/slika_proizvod_70_img1_id139.jpg', 'Slika 1 za proizvod 70 (ID slike: 139)', 'Automatski generirani opis za sliku 139, slika broj 1 proizvoda 70'),
	(140, 'images/slika_proizvod_70_img2_id140.jpg', 'Slika 2 za proizvod 70 (ID slike: 140)', 'Automatski generirani opis za sliku 140, slika broj 2 proizvoda 70'),
	(141, 'images/slika_proizvod_71_img1_id141.jpg', 'Slika 1 za proizvod 71 (ID slike: 141)', 'Automatski generirani opis za sliku 141, slika broj 1 proizvoda 71'),
	(142, 'images/slika_proizvod_71_img2_id142.jpg', 'Slika 2 za proizvod 71 (ID slike: 142)', 'Automatski generirani opis za sliku 142, slika broj 2 proizvoda 71'),
	(143, 'images/slika_proizvod_72_img1_id143.jpg', 'Slika 1 za proizvod 72 (ID slike: 143)', 'Automatski generirani opis za sliku 143, slika broj 1 proizvoda 72'),
	(144, 'images/slika_proizvod_72_img2_id144.jpg', 'Slika 2 za proizvod 72 (ID slike: 144)', 'Automatski generirani opis za sliku 144, slika broj 2 proizvoda 72'),
	(145, 'images/slika_proizvod_73_img1_id145.jpg', 'Slika 1 za proizvod 73 (ID slike: 145)', 'Automatski generirani opis za sliku 145, slika broj 1 proizvoda 73'),
	(146, 'images/slika_proizvod_73_img2_id146.jpg', 'Slika 2 za proizvod 73 (ID slike: 146)', 'Automatski generirani opis za sliku 146, slika broj 2 proizvoda 73'),
	(147, 'images/slika_proizvod_73_img3_id147.jpg', 'Slika 3 za proizvod 73 (ID slike: 147)', 'Automatski generirani opis za sliku 147, slika broj 3 proizvoda 73'),
	(148, 'images/slika_proizvod_74_img1_id148.jpg', 'Slika 1 za proizvod 74 (ID slike: 148)', 'Automatski generirani opis za sliku 148, slika broj 1 proizvoda 74'),
	(149, 'images/slika_proizvod_75_img1_id149.jpg', 'Slika 1 za proizvod 75 (ID slike: 149)', 'Automatski generirani opis za sliku 149, slika broj 1 proizvoda 75'),
	(150, 'images/slika_proizvod_75_img2_id150.jpg', 'Slika 2 za proizvod 75 (ID slike: 150)', 'Automatski generirani opis za sliku 150, slika broj 2 proizvoda 75'),
	(151, 'images/slika_proizvod_76_img1_id151.jpg', 'Slika 1 za proizvod 76 (ID slike: 151)', 'Automatski generirani opis za sliku 151, slika broj 1 proizvoda 76'),
	(152, 'images/slika_proizvod_76_img2_id152.jpg', 'Slika 2 za proizvod 76 (ID slike: 152)', 'Automatski generirani opis za sliku 152, slika broj 2 proizvoda 76'),
	(153, 'images/slika_proizvod_77_img1_id153.jpg', 'Slika 1 za proizvod 77 (ID slike: 153)', 'Automatski generirani opis za sliku 153, slika broj 1 proizvoda 77'),
	(154, 'images/slika_proizvod_78_img1_id154.jpg', 'Slika 1 za proizvod 78 (ID slike: 154)', 'Automatski generirani opis za sliku 154, slika broj 1 proizvoda 78'),
	(155, 'images/slika_proizvod_78_img2_id155.jpg', 'Slika 2 za proizvod 78 (ID slike: 155)', 'Automatski generirani opis za sliku 155, slika broj 2 proizvoda 78'),
	(156, 'images/slika_proizvod_79_img1_id156.jpg', 'Slika 1 za proizvod 79 (ID slike: 156)', 'Automatski generirani opis za sliku 156, slika broj 1 proizvoda 79'),
	(157, 'images/slika_proizvod_80_img1_id157.jpg', 'Slika 1 za proizvod 80 (ID slike: 157)', 'Automatski generirani opis za sliku 157, slika broj 1 proizvoda 80'),
	(158, 'images/slika_proizvod_81_img1_id158.jpg', 'Slika 1 za proizvod 81 (ID slike: 158)', 'Automatski generirani opis za sliku 158, slika broj 1 proizvoda 81'),
	(159, 'images/slika_proizvod_82_img1_id159.jpg', 'Slika 1 za proizvod 82 (ID slike: 159)', 'Automatski generirani opis za sliku 159, slika broj 1 proizvoda 82'),
	(160, 'images/slika_proizvod_82_img2_id160.jpg', 'Slika 2 za proizvod 82 (ID slike: 160)', 'Automatski generirani opis za sliku 160, slika broj 2 proizvoda 82'),
	(161, 'images/slika_proizvod_83_img1_id161.jpg', 'Slika 1 za proizvod 83 (ID slike: 161)', 'Automatski generirani opis za sliku 161, slika broj 1 proizvoda 83'),
	(162, 'images/slika_proizvod_84_img1_id162.jpg', 'Slika 1 za proizvod 84 (ID slike: 162)', 'Automatski generirani opis za sliku 162, slika broj 1 proizvoda 84'),
	(163, 'images/slika_proizvod_85_img1_id163.jpg', 'Slika 1 za proizvod 85 (ID slike: 163)', 'Automatski generirani opis za sliku 163, slika broj 1 proizvoda 85'),
	(164, 'images/slika_proizvod_85_img2_id164.jpg', 'Slika 2 za proizvod 85 (ID slike: 164)', 'Automatski generirani opis za sliku 164, slika broj 2 proizvoda 85'),
	(165, 'images/slika_proizvod_85_img3_id165.jpg', 'Slika 3 za proizvod 85 (ID slike: 165)', 'Automatski generirani opis za sliku 165, slika broj 3 proizvoda 85'),
	(166, 'images/slika_proizvod_86_img1_id166.jpg', 'Slika 1 za proizvod 86 (ID slike: 166)', 'Automatski generirani opis za sliku 166, slika broj 1 proizvoda 86'),
	(167, 'images/slika_proizvod_86_img2_id167.jpg', 'Slika 2 za proizvod 86 (ID slike: 167)', 'Automatski generirani opis za sliku 167, slika broj 2 proizvoda 86'),
	(168, 'images/slika_proizvod_86_img3_id168.jpg', 'Slika 3 za proizvod 86 (ID slike: 168)', 'Automatski generirani opis za sliku 168, slika broj 3 proizvoda 86'),
	(169, 'images/slika_proizvod_87_img1_id169.jpg', 'Slika 1 za proizvod 87 (ID slike: 169)', 'Automatski generirani opis za sliku 169, slika broj 1 proizvoda 87'),
	(170, 'images/slika_proizvod_87_img2_id170.jpg', 'Slika 2 za proizvod 87 (ID slike: 170)', 'Automatski generirani opis za sliku 170, slika broj 2 proizvoda 87'),
	(171, 'images/slika_proizvod_87_img3_id171.jpg', 'Slika 3 za proizvod 87 (ID slike: 171)', 'Automatski generirani opis za sliku 171, slika broj 3 proizvoda 87'),
	(172, 'images/slika_proizvod_88_img1_id172.jpg', 'Slika 1 za proizvod 88 (ID slike: 172)', 'Automatski generirani opis za sliku 172, slika broj 1 proizvoda 88'),
	(173, 'images/slika_proizvod_88_img2_id173.jpg', 'Slika 2 za proizvod 88 (ID slike: 173)', 'Automatski generirani opis za sliku 173, slika broj 2 proizvoda 88'),
	(174, 'images/slika_proizvod_89_img1_id174.jpg', 'Slika 1 za proizvod 89 (ID slike: 174)', 'Automatski generirani opis za sliku 174, slika broj 1 proizvoda 89'),
	(175, 'images/slika_proizvod_90_img1_id175.jpg', 'Slika 1 za proizvod 90 (ID slike: 175)', 'Automatski generirani opis za sliku 175, slika broj 1 proizvoda 90'),
	(176, 'images/slika_proizvod_90_img2_id176.jpg', 'Slika 2 za proizvod 90 (ID slike: 176)', 'Automatski generirani opis za sliku 176, slika broj 2 proizvoda 90'),
	(177, 'images/slika_proizvod_90_img3_id177.jpg', 'Slika 3 za proizvod 90 (ID slike: 177)', 'Automatski generirani opis za sliku 177, slika broj 3 proizvoda 90'),
	(178, 'images/slika_proizvod_91_img1_id178.jpg', 'Slika 1 za proizvod 91 (ID slike: 178)', 'Automatski generirani opis za sliku 178, slika broj 1 proizvoda 91'),
	(179, 'images/slika_proizvod_91_img2_id179.jpg', 'Slika 2 za proizvod 91 (ID slike: 179)', 'Automatski generirani opis za sliku 179, slika broj 2 proizvoda 91'),
	(180, 'images/slika_proizvod_92_img1_id180.jpg', 'Slika 1 za proizvod 92 (ID slike: 180)', 'Automatski generirani opis za sliku 180, slika broj 1 proizvoda 92'),
	(181, 'images/slika_proizvod_92_img2_id181.jpg', 'Slika 2 za proizvod 92 (ID slike: 181)', 'Automatski generirani opis za sliku 181, slika broj 2 proizvoda 92'),
	(182, 'images/slika_proizvod_92_img3_id182.jpg', 'Slika 3 za proizvod 92 (ID slike: 182)', 'Automatski generirani opis za sliku 182, slika broj 3 proizvoda 92'),
	(183, 'images/slika_proizvod_93_img1_id183.jpg', 'Slika 1 za proizvod 93 (ID slike: 183)', 'Automatski generirani opis za sliku 183, slika broj 1 proizvoda 93'),
	(184, 'images/slika_proizvod_93_img2_id184.jpg', 'Slika 2 za proizvod 93 (ID slike: 184)', 'Automatski generirani opis za sliku 184, slika broj 2 proizvoda 93'),
	(185, 'images/slika_proizvod_94_img1_id185.jpg', 'Slika 1 za proizvod 94 (ID slike: 185)', 'Automatski generirani opis za sliku 185, slika broj 1 proizvoda 94'),
	(186, 'images/slika_proizvod_95_img1_id186.jpg', 'Slika 1 za proizvod 95 (ID slike: 186)', 'Automatski generirani opis za sliku 186, slika broj 1 proizvoda 95'),
	(187, 'images/slika_proizvod_96_img1_id187.jpg', 'Slika 1 za proizvod 96 (ID slike: 187)', 'Automatski generirani opis za sliku 187, slika broj 1 proizvoda 96'),
	(188, 'images/slika_proizvod_96_img2_id188.jpg', 'Slika 2 za proizvod 96 (ID slike: 188)', 'Automatski generirani opis za sliku 188, slika broj 2 proizvoda 96'),
	(189, 'images/slika_proizvod_97_img1_id189.jpg', 'Slika 1 za proizvod 97 (ID slike: 189)', 'Automatski generirani opis za sliku 189, slika broj 1 proizvoda 97'),
	(190, 'images/slika_proizvod_97_img2_id190.jpg', 'Slika 2 za proizvod 97 (ID slike: 190)', 'Automatski generirani opis za sliku 190, slika broj 2 proizvoda 97'),
	(191, 'images/slika_proizvod_97_img3_id191.jpg', 'Slika 3 za proizvod 97 (ID slike: 191)', 'Automatski generirani opis za sliku 191, slika broj 3 proizvoda 97'),
	(192, 'images/slika_proizvod_98_img1_id192.jpg', 'Slika 1 za proizvod 98 (ID slike: 192)', 'Automatski generirani opis za sliku 192, slika broj 1 proizvoda 98'),
	(193, 'images/slika_proizvod_98_img2_id193.jpg', 'Slika 2 za proizvod 98 (ID slike: 193)', 'Automatski generirani opis za sliku 193, slika broj 2 proizvoda 98'),
	(194, 'images/slika_proizvod_99_img1_id194.jpg', 'Slika 1 za proizvod 99 (ID slike: 194)', 'Automatski generirani opis za sliku 194, slika broj 1 proizvoda 99'),
	(195, 'images/slika_proizvod_99_img2_id195.jpg', 'Slika 2 za proizvod 99 (ID slike: 195)', 'Automatski generirani opis za sliku 195, slika broj 2 proizvoda 99'),
	(196, 'images/slika_proizvod_99_img3_id196.jpg', 'Slika 3 za proizvod 99 (ID slike: 196)', 'Automatski generirani opis za sliku 196, slika broj 3 proizvoda 99'),
	(197, 'images/slika_proizvod_100_img1_id197.jpg', 'Slika 1 za proizvod 100 (ID slike: 197)', 'Automatski generirani opis za sliku 197, slika broj 1 proizvoda 100'),
	(198, 'images/slika_proizvod_100_img2_id198.jpg', 'Slika 2 za proizvod 100 (ID slike: 198)', 'Automatski generirani opis za sliku 198, slika broj 2 proizvoda 100'),
	(199, 'images/slika_proizvod_100_img3_id199.jpg', 'Slika 3 za proizvod 100 (ID slike: 199)', 'Automatski generirani opis za sliku 199, slika broj 3 proizvoda 100'),
	(200, 'images/slika_proizvod_101_img1_id200.jpg', 'Slika 1 za proizvod 101 (ID slike: 200)', 'Automatski generirani opis za sliku 200, slika broj 1 proizvoda 101'),
	(201, 'images/slika_proizvod_102_img1_id201.jpg', 'Slika 1 za proizvod 102 (ID slike: 201)', 'Automatski generirani opis za sliku 201, slika broj 1 proizvoda 102'),
	(202, 'images/slika_proizvod_102_img2_id202.jpg', 'Slika 2 za proizvod 102 (ID slike: 202)', 'Automatski generirani opis za sliku 202, slika broj 2 proizvoda 102'),
	(203, 'images/slika_proizvod_103_img1_id203.jpg', 'Slika 1 za proizvod 103 (ID slike: 203)', 'Automatski generirani opis za sliku 203, slika broj 1 proizvoda 103'),
	(204, 'images/slika_proizvod_103_img2_id204.jpg', 'Slika 2 za proizvod 103 (ID slike: 204)', 'Automatski generirani opis za sliku 204, slika broj 2 proizvoda 103'),
	(205, 'images/slika_proizvod_104_img1_id205.jpg', 'Slika 1 za proizvod 104 (ID slike: 205)', 'Automatski generirani opis za sliku 205, slika broj 1 proizvoda 104'),
	(206, 'images/slika_proizvod_104_img2_id206.jpg', 'Slika 2 za proizvod 104 (ID slike: 206)', 'Automatski generirani opis za sliku 206, slika broj 2 proizvoda 104'),
	(207, 'images/slika_proizvod_105_img1_id207.jpg', 'Slika 1 za proizvod 105 (ID slike: 207)', 'Automatski generirani opis za sliku 207, slika broj 1 proizvoda 105'),
	(208, 'images/slika_proizvod_106_img1_id208.jpg', 'Slika 1 za proizvod 106 (ID slike: 208)', 'Automatski generirani opis za sliku 208, slika broj 1 proizvoda 106'),
	(209, 'images/slika_proizvod_107_img1_id209.jpg', 'Slika 1 za proizvod 107 (ID slike: 209)', 'Automatski generirani opis za sliku 209, slika broj 1 proizvoda 107'),
	(210, 'images/slika_proizvod_107_img2_id210.jpg', 'Slika 2 za proizvod 107 (ID slike: 210)', 'Automatski generirani opis za sliku 210, slika broj 2 proizvoda 107'),
	(211, 'images/slika_proizvod_108_img1_id211.jpg', 'Slika 1 za proizvod 108 (ID slike: 211)', 'Automatski generirani opis za sliku 211, slika broj 1 proizvoda 108'),
	(212, 'images/slika_proizvod_109_img1_id212.jpg', 'Slika 1 za proizvod 109 (ID slike: 212)', 'Automatski generirani opis za sliku 212, slika broj 1 proizvoda 109'),
	(213, 'images/slika_proizvod_109_img2_id213.jpg', 'Slika 2 za proizvod 109 (ID slike: 213)', 'Automatski generirani opis za sliku 213, slika broj 2 proizvoda 109'),
	(214, 'images/slika_proizvod_109_img3_id214.jpg', 'Slika 3 za proizvod 109 (ID slike: 214)', 'Automatski generirani opis za sliku 214, slika broj 3 proizvoda 109'),
	(215, 'images/slika_proizvod_110_img1_id215.jpg', 'Slika 1 za proizvod 110 (ID slike: 215)', 'Automatski generirani opis za sliku 215, slika broj 1 proizvoda 110'),
	(216, 'images/slika_proizvod_110_img2_id216.jpg', 'Slika 2 za proizvod 110 (ID slike: 216)', 'Automatski generirani opis za sliku 216, slika broj 2 proizvoda 110'),
	(217, 'images/slika_proizvod_110_img3_id217.jpg', 'Slika 3 za proizvod 110 (ID slike: 217)', 'Automatski generirani opis za sliku 217, slika broj 3 proizvoda 110'),
	(218, 'images/slika_proizvod_111_img1_id218.jpg', 'Slika 1 za proizvod 111 (ID slike: 218)', 'Automatski generirani opis za sliku 218, slika broj 1 proizvoda 111'),
	(219, 'images/slika_proizvod_111_img2_id219.jpg', 'Slika 2 za proizvod 111 (ID slike: 219)', 'Automatski generirani opis za sliku 219, slika broj 2 proizvoda 111'),
	(220, 'images/slika_proizvod_112_img1_id220.jpg', 'Slika 1 za proizvod 112 (ID slike: 220)', 'Automatski generirani opis za sliku 220, slika broj 1 proizvoda 112'),
	(221, 'images/slika_proizvod_112_img2_id221.jpg', 'Slika 2 za proizvod 112 (ID slike: 221)', 'Automatski generirani opis za sliku 221, slika broj 2 proizvoda 112'),
	(222, 'images/slika_proizvod_113_img1_id222.jpg', 'Slika 1 za proizvod 113 (ID slike: 222)', 'Automatski generirani opis za sliku 222, slika broj 1 proizvoda 113'),
	(223, 'images/slika_proizvod_113_img2_id223.jpg', 'Slika 2 za proizvod 113 (ID slike: 223)', 'Automatski generirani opis za sliku 223, slika broj 2 proizvoda 113'),
	(224, 'images/slika_proizvod_113_img3_id224.jpg', 'Slika 3 za proizvod 113 (ID slike: 224)', 'Automatski generirani opis za sliku 224, slika broj 3 proizvoda 113'),
	(225, 'images/slika_proizvod_114_img1_id225.jpg', 'Slika 1 za proizvod 114 (ID slike: 225)', 'Automatski generirani opis za sliku 225, slika broj 1 proizvoda 114'),
	(226, 'images/slika_proizvod_114_img2_id226.jpg', 'Slika 2 za proizvod 114 (ID slike: 226)', 'Automatski generirani opis za sliku 226, slika broj 2 proizvoda 114'),
	(227, 'images/slika_proizvod_115_img1_id227.jpg', 'Slika 1 za proizvod 115 (ID slike: 227)', 'Automatski generirani opis za sliku 227, slika broj 1 proizvoda 115'),
	(228, 'images/slika_proizvod_116_img1_id228.jpg', 'Slika 1 za proizvod 116 (ID slike: 228)', 'Automatski generirani opis za sliku 228, slika broj 1 proizvoda 116'),
	(229, 'images/slika_proizvod_117_img1_id229.jpg', 'Slika 1 za proizvod 117 (ID slike: 229)', 'Automatski generirani opis za sliku 229, slika broj 1 proizvoda 117'),
	(230, 'images/slika_proizvod_117_img2_id230.jpg', 'Slika 2 za proizvod 117 (ID slike: 230)', 'Automatski generirani opis za sliku 230, slika broj 2 proizvoda 117'),
	(231, 'images/slika_proizvod_118_img1_id231.jpg', 'Slika 1 za proizvod 118 (ID slike: 231)', 'Automatski generirani opis za sliku 231, slika broj 1 proizvoda 118'),
	(232, 'images/slika_proizvod_118_img2_id232.jpg', 'Slika 2 za proizvod 118 (ID slike: 232)', 'Automatski generirani opis za sliku 232, slika broj 2 proizvoda 118'),
	(233, 'images/slika_proizvod_119_img1_id233.jpg', 'Slika 1 za proizvod 119 (ID slike: 233)', 'Automatski generirani opis za sliku 233, slika broj 1 proizvoda 119'),
	(234, 'images/slika_proizvod_119_img2_id234.jpg', 'Slika 2 za proizvod 119 (ID slike: 234)', 'Automatski generirani opis za sliku 234, slika broj 2 proizvoda 119'),
	(235, 'images/slika_proizvod_120_img1_id235.jpg', 'Slika 1 za proizvod 120 (ID slike: 235)', 'Automatski generirani opis za sliku 235, slika broj 1 proizvoda 120'),
	(236, 'images/slika_proizvod_121_img1_id236.jpg', 'Slika 1 za proizvod 121 (ID slike: 236)', 'Automatski generirani opis za sliku 236, slika broj 1 proizvoda 121'),
	(237, 'images/slika_proizvod_122_img1_id237.jpg', 'Slika 1 za proizvod 122 (ID slike: 237)', 'Automatski generirani opis za sliku 237, slika broj 1 proizvoda 122'),
	(238, 'images/slika_proizvod_122_img2_id238.jpg', 'Slika 2 za proizvod 122 (ID slike: 238)', 'Automatski generirani opis za sliku 238, slika broj 2 proizvoda 122'),
	(239, 'images/slika_proizvod_122_img3_id239.jpg', 'Slika 3 za proizvod 122 (ID slike: 239)', 'Automatski generirani opis za sliku 239, slika broj 3 proizvoda 122'),
	(240, 'images/slika_proizvod_123_img1_id240.jpg', 'Slika 1 za proizvod 123 (ID slike: 240)', 'Automatski generirani opis za sliku 240, slika broj 1 proizvoda 123'),
	(241, 'images/slika_proizvod_123_img2_id241.jpg', 'Slika 2 za proizvod 123 (ID slike: 241)', 'Automatski generirani opis za sliku 241, slika broj 2 proizvoda 123'),
	(242, 'images/slika_proizvod_123_img3_id242.jpg', 'Slika 3 za proizvod 123 (ID slike: 242)', 'Automatski generirani opis za sliku 242, slika broj 3 proizvoda 123'),
	(243, 'images/slika_proizvod_124_img1_id243.jpg', 'Slika 1 za proizvod 124 (ID slike: 243)', 'Automatski generirani opis za sliku 243, slika broj 1 proizvoda 124'),
	(244, 'images/slika_proizvod_125_img1_id244.jpg', 'Slika 1 za proizvod 125 (ID slike: 244)', 'Automatski generirani opis za sliku 244, slika broj 1 proizvoda 125'),
	(245, 'images/slika_proizvod_125_img2_id245.jpg', 'Slika 2 za proizvod 125 (ID slike: 245)', 'Automatski generirani opis za sliku 245, slika broj 2 proizvoda 125'),
	(246, 'images/slika_proizvod_126_img1_id246.jpg', 'Slika 1 za proizvod 126 (ID slike: 246)', 'Automatski generirani opis za sliku 246, slika broj 1 proizvoda 126'),
	(247, 'images/slika_proizvod_126_img2_id247.jpg', 'Slika 2 za proizvod 126 (ID slike: 247)', 'Automatski generirani opis za sliku 247, slika broj 2 proizvoda 126'),
	(248, 'images/slika_proizvod_127_img1_id248.jpg', 'Slika 1 za proizvod 127 (ID slike: 248)', 'Automatski generirani opis za sliku 248, slika broj 1 proizvoda 127'),
	(249, 'images/slika_proizvod_127_img2_id249.jpg', 'Slika 2 za proizvod 127 (ID slike: 249)', 'Automatski generirani opis za sliku 249, slika broj 2 proizvoda 127'),
	(250, 'images/slika_proizvod_127_img3_id250.jpg', 'Slika 3 za proizvod 127 (ID slike: 250)', 'Automatski generirani opis za sliku 250, slika broj 3 proizvoda 127'),
	(251, 'images/slika_proizvod_128_img1_id251.jpg', 'Slika 1 za proizvod 128 (ID slike: 251)', 'Automatski generirani opis za sliku 251, slika broj 1 proizvoda 128'),
	(252, 'images/slika_proizvod_128_img2_id252.jpg', 'Slika 2 za proizvod 128 (ID slike: 252)', 'Automatski generirani opis za sliku 252, slika broj 2 proizvoda 128'),
	(253, 'images/slika_proizvod_129_img1_id253.jpg', 'Slika 1 za proizvod 129 (ID slike: 253)', 'Automatski generirani opis za sliku 253, slika broj 1 proizvoda 129'),
	(254, 'images/slika_proizvod_130_img1_id254.jpg', 'Slika 1 za proizvod 130 (ID slike: 254)', 'Automatski generirani opis za sliku 254, slika broj 1 proizvoda 130'),
	(255, 'images/slika_proizvod_130_img2_id255.jpg', 'Slika 2 za proizvod 130 (ID slike: 255)', 'Automatski generirani opis za sliku 255, slika broj 2 proizvoda 130'),
	(256, 'images/slika_proizvod_130_img3_id256.jpg', 'Slika 3 za proizvod 130 (ID slike: 256)', 'Automatski generirani opis za sliku 256, slika broj 3 proizvoda 130'),
	(257, 'images/slika_proizvod_131_img1_id257.jpg', 'Slika 1 za proizvod 131 (ID slike: 257)', 'Automatski generirani opis za sliku 257, slika broj 1 proizvoda 131'),
	(258, 'images/slika_proizvod_131_img2_id258.jpg', 'Slika 2 za proizvod 131 (ID slike: 258)', 'Automatski generirani opis za sliku 258, slika broj 2 proizvoda 131'),
	(259, 'images/slika_proizvod_131_img3_id259.jpg', 'Slika 3 za proizvod 131 (ID slike: 259)', 'Automatski generirani opis za sliku 259, slika broj 3 proizvoda 131'),
	(260, 'images/slika_proizvod_132_img1_id260.jpg', 'Slika 1 za proizvod 132 (ID slike: 260)', 'Automatski generirani opis za sliku 260, slika broj 1 proizvoda 132'),
	(261, 'images/slika_proizvod_133_img1_id261.jpg', 'Slika 1 za proizvod 133 (ID slike: 261)', 'Automatski generirani opis za sliku 261, slika broj 1 proizvoda 133'),
	(262, 'images/slika_proizvod_133_img2_id262.jpg', 'Slika 2 za proizvod 133 (ID slike: 262)', 'Automatski generirani opis za sliku 262, slika broj 2 proizvoda 133'),
	(263, 'images/slika_proizvod_133_img3_id263.jpg', 'Slika 3 za proizvod 133 (ID slike: 263)', 'Automatski generirani opis za sliku 263, slika broj 3 proizvoda 133'),
	(264, 'images/slika_proizvod_134_img1_id264.jpg', 'Slika 1 za proizvod 134 (ID slike: 264)', 'Automatski generirani opis za sliku 264, slika broj 1 proizvoda 134'),
	(265, 'images/slika_proizvod_134_img2_id265.jpg', 'Slika 2 za proizvod 134 (ID slike: 265)', 'Automatski generirani opis za sliku 265, slika broj 2 proizvoda 134'),
	(266, 'images/slika_proizvod_134_img3_id266.jpg', 'Slika 3 za proizvod 134 (ID slike: 266)', 'Automatski generirani opis za sliku 266, slika broj 3 proizvoda 134'),
	(267, 'images/slika_proizvod_135_img1_id267.jpg', 'Slika 1 za proizvod 135 (ID slike: 267)', 'Automatski generirani opis za sliku 267, slika broj 1 proizvoda 135'),
	(268, 'images/slika_proizvod_135_img2_id268.jpg', 'Slika 2 za proizvod 135 (ID slike: 268)', 'Automatski generirani opis za sliku 268, slika broj 2 proizvoda 135'),
	(269, 'images/slika_proizvod_135_img3_id269.jpg', 'Slika 3 za proizvod 135 (ID slike: 269)', 'Automatski generirani opis za sliku 269, slika broj 3 proizvoda 135'),
	(270, 'images/slika_proizvod_136_img1_id270.jpg', 'Slika 1 za proizvod 136 (ID slike: 270)', 'Automatski generirani opis za sliku 270, slika broj 1 proizvoda 136'),
	(271, 'images/slika_proizvod_136_img2_id271.jpg', 'Slika 2 za proizvod 136 (ID slike: 271)', 'Automatski generirani opis za sliku 271, slika broj 2 proizvoda 136'),
	(272, 'images/slika_proizvod_137_img1_id272.jpg', 'Slika 1 za proizvod 137 (ID slike: 272)', 'Automatski generirani opis za sliku 272, slika broj 1 proizvoda 137'),
	(273, 'images/slika_proizvod_138_img1_id273.jpg', 'Slika 1 za proizvod 138 (ID slike: 273)', 'Automatski generirani opis za sliku 273, slika broj 1 proizvoda 138'),
	(274, 'images/slika_proizvod_138_img2_id274.jpg', 'Slika 2 za proizvod 138 (ID slike: 274)', 'Automatski generirani opis za sliku 274, slika broj 2 proizvoda 138'),
	(275, 'images/slika_proizvod_138_img3_id275.jpg', 'Slika 3 za proizvod 138 (ID slike: 275)', 'Automatski generirani opis za sliku 275, slika broj 3 proizvoda 138'),
	(276, 'images/slika_proizvod_139_img1_id276.jpg', 'Slika 1 za proizvod 139 (ID slike: 276)', 'Automatski generirani opis za sliku 276, slika broj 1 proizvoda 139'),
	(277, 'images/slika_proizvod_140_img1_id277.jpg', 'Slika 1 za proizvod 140 (ID slike: 277)', 'Automatski generirani opis za sliku 277, slika broj 1 proizvoda 140'),
	(278, 'images/slika_proizvod_140_img2_id278.jpg', 'Slika 2 za proizvod 140 (ID slike: 278)', 'Automatski generirani opis za sliku 278, slika broj 2 proizvoda 140'),
	(279, 'images/slika_proizvod_140_img3_id279.jpg', 'Slika 3 za proizvod 140 (ID slike: 279)', 'Automatski generirani opis za sliku 279, slika broj 3 proizvoda 140'),
	(280, 'images/slika_proizvod_141_img1_id280.jpg', 'Slika 1 za proizvod 141 (ID slike: 280)', 'Automatski generirani opis za sliku 280, slika broj 1 proizvoda 141'),
	(281, 'images/slika_proizvod_141_img2_id281.jpg', 'Slika 2 za proizvod 141 (ID slike: 281)', 'Automatski generirani opis za sliku 281, slika broj 2 proizvoda 141'),
	(282, 'images/slika_proizvod_142_img1_id282.jpg', 'Slika 1 za proizvod 142 (ID slike: 282)', 'Automatski generirani opis za sliku 282, slika broj 1 proizvoda 142'),
	(283, 'images/slika_proizvod_142_img2_id283.jpg', 'Slika 2 za proizvod 142 (ID slike: 283)', 'Automatski generirani opis za sliku 283, slika broj 2 proizvoda 142'),
	(284, 'images/slika_proizvod_143_img1_id284.jpg', 'Slika 1 za proizvod 143 (ID slike: 284)', 'Automatski generirani opis za sliku 284, slika broj 1 proizvoda 143'),
	(285, 'images/slika_proizvod_143_img2_id285.jpg', 'Slika 2 za proizvod 143 (ID slike: 285)', 'Automatski generirani opis za sliku 285, slika broj 2 proizvoda 143'),
	(286, 'images/slika_proizvod_144_img1_id286.jpg', 'Slika 1 za proizvod 144 (ID slike: 286)', 'Automatski generirani opis za sliku 286, slika broj 1 proizvoda 144'),
	(287, 'images/slika_proizvod_144_img2_id287.jpg', 'Slika 2 za proizvod 144 (ID slike: 287)', 'Automatski generirani opis za sliku 287, slika broj 2 proizvoda 144'),
	(288, 'images/slika_proizvod_145_img1_id288.jpg', 'Slika 1 za proizvod 145 (ID slike: 288)', 'Automatski generirani opis za sliku 288, slika broj 1 proizvoda 145'),
	(289, 'images/slika_proizvod_146_img1_id289.jpg', 'Slika 1 za proizvod 146 (ID slike: 289)', 'Automatski generirani opis za sliku 289, slika broj 1 proizvoda 146'),
	(290, 'images/slika_proizvod_146_img2_id290.jpg', 'Slika 2 za proizvod 146 (ID slike: 290)', 'Automatski generirani opis za sliku 290, slika broj 2 proizvoda 146'),
	(291, 'images/slika_proizvod_147_img1_id291.jpg', 'Slika 1 za proizvod 147 (ID slike: 291)', 'Automatski generirani opis za sliku 291, slika broj 1 proizvoda 147'),
	(292, 'images/slika_proizvod_148_img1_id292.jpg', 'Slika 1 za proizvod 148 (ID slike: 292)', 'Automatski generirani opis za sliku 292, slika broj 1 proizvoda 148'),
	(293, 'images/slika_proizvod_148_img2_id293.jpg', 'Slika 2 za proizvod 148 (ID slike: 293)', 'Automatski generirani opis za sliku 293, slika broj 2 proizvoda 148'),
	(294, 'images/slika_proizvod_148_img3_id294.jpg', 'Slika 3 za proizvod 148 (ID slike: 294)', 'Automatski generirani opis za sliku 294, slika broj 3 proizvoda 148'),
	(295, 'images/slika_proizvod_149_img1_id295.jpg', 'Slika 1 za proizvod 149 (ID slike: 295)', 'Automatski generirani opis za sliku 295, slika broj 1 proizvoda 149'),
	(296, 'images/slika_proizvod_149_img2_id296.jpg', 'Slika 2 za proizvod 149 (ID slike: 296)', 'Automatski generirani opis za sliku 296, slika broj 2 proizvoda 149'),
	(297, 'images/slika_proizvod_150_img1_id297.jpg', 'Slika 1 za proizvod 150 (ID slike: 297)', 'Automatski generirani opis za sliku 297, slika broj 1 proizvoda 150'),
	(298, 'images/slika_proizvod_150_img2_id298.jpg', 'Slika 2 za proizvod 150 (ID slike: 298)', 'Automatski generirani opis za sliku 298, slika broj 2 proizvoda 150'),
	(299, 'images/slika_proizvod_151_img1_id299.jpg', 'Slika 1 za proizvod 151 (ID slike: 299)', 'Automatski generirani opis za sliku 299, slika broj 1 proizvoda 151'),
	(300, 'images/slika_proizvod_151_img2_id300.jpg', 'Slika 2 za proizvod 151 (ID slike: 300)', 'Automatski generirani opis za sliku 300, slika broj 2 proizvoda 151'),
	(301, 'images/slika_proizvod_152_img1_id301.jpg', 'Slika 1 za proizvod 152 (ID slike: 301)', 'Automatski generirani opis za sliku 301, slika broj 1 proizvoda 152'),
	(302, 'images/slika_proizvod_152_img2_id302.jpg', 'Slika 2 za proizvod 152 (ID slike: 302)', 'Automatski generirani opis za sliku 302, slika broj 2 proizvoda 152'),
	(303, 'images/slika_proizvod_153_img1_id303.jpg', 'Slika 1 za proizvod 153 (ID slike: 303)', 'Automatski generirani opis za sliku 303, slika broj 1 proizvoda 153'),
	(304, 'images/slika_proizvod_153_img2_id304.jpg', 'Slika 2 za proizvod 153 (ID slike: 304)', 'Automatski generirani opis za sliku 304, slika broj 2 proizvoda 153'),
	(305, 'images/slika_proizvod_153_img3_id305.jpg', 'Slika 3 za proizvod 153 (ID slike: 305)', 'Automatski generirani opis za sliku 305, slika broj 3 proizvoda 153'),
	(306, 'images/slika_proizvod_154_img1_id306.jpg', 'Slika 1 za proizvod 154 (ID slike: 306)', 'Automatski generirani opis za sliku 306, slika broj 1 proizvoda 154'),
	(307, 'images/slika_proizvod_155_img1_id307.jpg', 'Slika 1 za proizvod 155 (ID slike: 307)', 'Automatski generirani opis za sliku 307, slika broj 1 proizvoda 155'),
	(308, 'images/slika_proizvod_155_img2_id308.jpg', 'Slika 2 za proizvod 155 (ID slike: 308)', 'Automatski generirani opis za sliku 308, slika broj 2 proizvoda 155'),
	(309, 'images/slika_proizvod_155_img3_id309.jpg', 'Slika 3 za proizvod 155 (ID slike: 309)', 'Automatski generirani opis za sliku 309, slika broj 3 proizvoda 155'),
	(310, 'images/slika_proizvod_156_img1_id310.jpg', 'Slika 1 za proizvod 156 (ID slike: 310)', 'Automatski generirani opis za sliku 310, slika broj 1 proizvoda 156'),
	(311, 'images/slika_proizvod_157_img1_id311.jpg', 'Slika 1 za proizvod 157 (ID slike: 311)', 'Automatski generirani opis za sliku 311, slika broj 1 proizvoda 157'),
	(312, 'images/slika_proizvod_157_img2_id312.jpg', 'Slika 2 za proizvod 157 (ID slike: 312)', 'Automatski generirani opis za sliku 312, slika broj 2 proizvoda 157'),
	(313, 'images/slika_proizvod_158_img1_id313.jpg', 'Slika 1 za proizvod 158 (ID slike: 313)', 'Automatski generirani opis za sliku 313, slika broj 1 proizvoda 158'),
	(314, 'images/slika_proizvod_159_img1_id314.jpg', 'Slika 1 za proizvod 159 (ID slike: 314)', 'Automatski generirani opis za sliku 314, slika broj 1 proizvoda 159'),
	(315, 'images/slika_proizvod_160_img1_id315.jpg', 'Slika 1 za proizvod 160 (ID slike: 315)', 'Automatski generirani opis za sliku 315, slika broj 1 proizvoda 160'),
	(316, 'images/slika_proizvod_160_img2_id316.jpg', 'Slika 2 za proizvod 160 (ID slike: 316)', 'Automatski generirani opis za sliku 316, slika broj 2 proizvoda 160'),
	(317, 'images/slika_proizvod_160_img3_id317.jpg', 'Slika 3 za proizvod 160 (ID slike: 317)', 'Automatski generirani opis za sliku 317, slika broj 3 proizvoda 160'),
	(318, 'images/slika_proizvod_161_img1_id318.jpg', 'Slika 1 za proizvod 161 (ID slike: 318)', 'Automatski generirani opis za sliku 318, slika broj 1 proizvoda 161'),
	(319, 'images/slika_proizvod_162_img1_id319.jpg', 'Slika 1 za proizvod 162 (ID slike: 319)', 'Automatski generirani opis za sliku 319, slika broj 1 proizvoda 162'),
	(320, 'images/slika_proizvod_162_img2_id320.jpg', 'Slika 2 za proizvod 162 (ID slike: 320)', 'Automatski generirani opis za sliku 320, slika broj 2 proizvoda 162'),
	(321, 'images/slika_proizvod_163_img1_id321.jpg', 'Slika 1 za proizvod 163 (ID slike: 321)', 'Automatski generirani opis za sliku 321, slika broj 1 proizvoda 163'),
	(322, 'images/slika_proizvod_163_img2_id322.jpg', 'Slika 2 za proizvod 163 (ID slike: 322)', 'Automatski generirani opis za sliku 322, slika broj 2 proizvoda 163'),
	(323, 'images/slika_proizvod_164_img1_id323.jpg', 'Slika 1 za proizvod 164 (ID slike: 323)', 'Automatski generirani opis za sliku 323, slika broj 1 proizvoda 164'),
	(324, 'images/slika_proizvod_164_img2_id324.jpg', 'Slika 2 za proizvod 164 (ID slike: 324)', 'Automatski generirani opis za sliku 324, slika broj 2 proizvoda 164'),
	(325, 'images/slika_proizvod_164_img3_id325.jpg', 'Slika 3 za proizvod 164 (ID slike: 325)', 'Automatski generirani opis za sliku 325, slika broj 3 proizvoda 164'),
	(326, 'images/slika_proizvod_165_img1_id326.jpg', 'Slika 1 za proizvod 165 (ID slike: 326)', 'Automatski generirani opis za sliku 326, slika broj 1 proizvoda 165'),
	(327, 'images/slika_proizvod_165_img2_id327.jpg', 'Slika 2 za proizvod 165 (ID slike: 327)', 'Automatski generirani opis za sliku 327, slika broj 2 proizvoda 165'),
	(328, 'images/slika_proizvod_165_img3_id328.jpg', 'Slika 3 za proizvod 165 (ID slike: 328)', 'Automatski generirani opis za sliku 328, slika broj 3 proizvoda 165'),
	(329, 'images/slika_proizvod_166_img1_id329.jpg', 'Slika 1 za proizvod 166 (ID slike: 329)', 'Automatski generirani opis za sliku 329, slika broj 1 proizvoda 166'),
	(330, 'images/slika_proizvod_167_img1_id330.jpg', 'Slika 1 za proizvod 167 (ID slike: 330)', 'Automatski generirani opis za sliku 330, slika broj 1 proizvoda 167'),
	(331, 'images/slika_proizvod_167_img2_id331.jpg', 'Slika 2 za proizvod 167 (ID slike: 331)', 'Automatski generirani opis za sliku 331, slika broj 2 proizvoda 167'),
	(332, 'images/slika_proizvod_167_img3_id332.jpg', 'Slika 3 za proizvod 167 (ID slike: 332)', 'Automatski generirani opis za sliku 332, slika broj 3 proizvoda 167'),
	(333, 'images/slika_proizvod_168_img1_id333.jpg', 'Slika 1 za proizvod 168 (ID slike: 333)', 'Automatski generirani opis za sliku 333, slika broj 1 proizvoda 168'),
	(334, 'images/slika_proizvod_168_img2_id334.jpg', 'Slika 2 za proizvod 168 (ID slike: 334)', 'Automatski generirani opis za sliku 334, slika broj 2 proizvoda 168'),
	(335, 'images/slika_proizvod_169_img1_id335.jpg', 'Slika 1 za proizvod 169 (ID slike: 335)', 'Automatski generirani opis za sliku 335, slika broj 1 proizvoda 169'),
	(336, 'images/slika_proizvod_169_img2_id336.jpg', 'Slika 2 za proizvod 169 (ID slike: 336)', 'Automatski generirani opis za sliku 336, slika broj 2 proizvoda 169'),
	(337, 'images/slika_proizvod_169_img3_id337.jpg', 'Slika 3 za proizvod 169 (ID slike: 337)', 'Automatski generirani opis za sliku 337, slika broj 3 proizvoda 169'),
	(338, 'images/slika_proizvod_170_img1_id338.jpg', 'Slika 1 za proizvod 170 (ID slike: 338)', 'Automatski generirani opis za sliku 338, slika broj 1 proizvoda 170'),
	(339, 'images/slika_proizvod_171_img1_id339.jpg', 'Slika 1 za proizvod 171 (ID slike: 339)', 'Automatski generirani opis za sliku 339, slika broj 1 proizvoda 171'),
	(340, 'images/slika_proizvod_171_img2_id340.jpg', 'Slika 2 za proizvod 171 (ID slike: 340)', 'Automatski generirani opis za sliku 340, slika broj 2 proizvoda 171'),
	(341, 'images/slika_proizvod_172_img1_id341.jpg', 'Slika 1 za proizvod 172 (ID slike: 341)', 'Automatski generirani opis za sliku 341, slika broj 1 proizvoda 172'),
	(342, 'images/slika_proizvod_172_img2_id342.jpg', 'Slika 2 za proizvod 172 (ID slike: 342)', 'Automatski generirani opis za sliku 342, slika broj 2 proizvoda 172'),
	(343, 'images/slika_proizvod_172_img3_id343.jpg', 'Slika 3 za proizvod 172 (ID slike: 343)', 'Automatski generirani opis za sliku 343, slika broj 3 proizvoda 172'),
	(344, 'images/slika_proizvod_173_img1_id344.jpg', 'Slika 1 za proizvod 173 (ID slike: 344)', 'Automatski generirani opis za sliku 344, slika broj 1 proizvoda 173'),
	(345, 'images/slika_proizvod_173_img2_id345.jpg', 'Slika 2 za proizvod 173 (ID slike: 345)', 'Automatski generirani opis za sliku 345, slika broj 2 proizvoda 173'),
	(346, 'images/slika_proizvod_174_img1_id346.jpg', 'Slika 1 za proizvod 174 (ID slike: 346)', 'Automatski generirani opis za sliku 346, slika broj 1 proizvoda 174'),
	(347, 'images/slika_proizvod_174_img2_id347.jpg', 'Slika 2 za proizvod 174 (ID slike: 347)', 'Automatski generirani opis za sliku 347, slika broj 2 proizvoda 174'),
	(348, 'images/slika_proizvod_174_img3_id348.jpg', 'Slika 3 za proizvod 174 (ID slike: 348)', 'Automatski generirani opis za sliku 348, slika broj 3 proizvoda 174'),
	(349, 'images/slika_proizvod_175_img1_id349.jpg', 'Slika 1 za proizvod 175 (ID slike: 349)', 'Automatski generirani opis za sliku 349, slika broj 1 proizvoda 175'),
	(350, 'images/slika_proizvod_175_img2_id350.jpg', 'Slika 2 za proizvod 175 (ID slike: 350)', 'Automatski generirani opis za sliku 350, slika broj 2 proizvoda 175'),
	(351, 'images/slika_proizvod_176_img1_id351.jpg', 'Slika 1 za proizvod 176 (ID slike: 351)', 'Automatski generirani opis za sliku 351, slika broj 1 proizvoda 176'),
	(352, 'images/slika_proizvod_177_img1_id352.jpg', 'Slika 1 za proizvod 177 (ID slike: 352)', 'Automatski generirani opis za sliku 352, slika broj 1 proizvoda 177'),
	(353, 'images/slika_proizvod_177_img2_id353.jpg', 'Slika 2 za proizvod 177 (ID slike: 353)', 'Automatski generirani opis za sliku 353, slika broj 2 proizvoda 177'),
	(354, 'images/slika_proizvod_178_img1_id354.jpg', 'Slika 1 za proizvod 178 (ID slike: 354)', 'Automatski generirani opis za sliku 354, slika broj 1 proizvoda 178'),
	(355, 'images/slika_proizvod_179_img1_id355.jpg', 'Slika 1 za proizvod 179 (ID slike: 355)', 'Automatski generirani opis za sliku 355, slika broj 1 proizvoda 179'),
	(356, 'images/slika_proizvod_180_img1_id356.jpg', 'Slika 1 za proizvod 180 (ID slike: 356)', 'Automatski generirani opis za sliku 356, slika broj 1 proizvoda 180'),
	(357, 'images/slika_proizvod_180_img2_id357.jpg', 'Slika 2 za proizvod 180 (ID slike: 357)', 'Automatski generirani opis za sliku 357, slika broj 2 proizvoda 180'),
	(358, 'images/slika_proizvod_181_img1_id358.jpg', 'Slika 1 za proizvod 181 (ID slike: 358)', 'Automatski generirani opis za sliku 358, slika broj 1 proizvoda 181'),
	(359, 'images/slika_proizvod_182_img1_id359.jpg', 'Slika 1 za proizvod 182 (ID slike: 359)', 'Automatski generirani opis za sliku 359, slika broj 1 proizvoda 182'),
	(360, 'images/slika_proizvod_182_img2_id360.jpg', 'Slika 2 za proizvod 182 (ID slike: 360)', 'Automatski generirani opis za sliku 360, slika broj 2 proizvoda 182'),
	(361, 'images/slika_proizvod_183_img1_id361.jpg', 'Slika 1 za proizvod 183 (ID slike: 361)', 'Automatski generirani opis za sliku 361, slika broj 1 proizvoda 183'),
	(362, 'images/slika_proizvod_184_img1_id362.jpg', 'Slika 1 za proizvod 184 (ID slike: 362)', 'Automatski generirani opis za sliku 362, slika broj 1 proizvoda 184'),
	(363, 'images/slika_proizvod_184_img2_id363.jpg', 'Slika 2 za proizvod 184 (ID slike: 363)', 'Automatski generirani opis za sliku 363, slika broj 2 proizvoda 184'),
	(364, 'images/slika_proizvod_184_img3_id364.jpg', 'Slika 3 za proizvod 184 (ID slike: 364)', 'Automatski generirani opis za sliku 364, slika broj 3 proizvoda 184'),
	(365, 'images/slika_proizvod_185_img1_id365.jpg', 'Slika 1 za proizvod 185 (ID slike: 365)', 'Automatski generirani opis za sliku 365, slika broj 1 proizvoda 185'),
	(366, 'images/slika_proizvod_185_img2_id366.jpg', 'Slika 2 za proizvod 185 (ID slike: 366)', 'Automatski generirani opis za sliku 366, slika broj 2 proizvoda 185'),
	(367, 'images/slika_proizvod_185_img3_id367.jpg', 'Slika 3 za proizvod 185 (ID slike: 367)', 'Automatski generirani opis za sliku 367, slika broj 3 proizvoda 185'),
	(368, 'images/slika_proizvod_186_img1_id368.jpg', 'Slika 1 za proizvod 186 (ID slike: 368)', 'Automatski generirani opis za sliku 368, slika broj 1 proizvoda 186'),
	(369, 'images/slika_proizvod_187_img1_id369.jpg', 'Slika 1 za proizvod 187 (ID slike: 369)', 'Automatski generirani opis za sliku 369, slika broj 1 proizvoda 187'),
	(370, 'images/slika_proizvod_187_img2_id370.jpg', 'Slika 2 za proizvod 187 (ID slike: 370)', 'Automatski generirani opis za sliku 370, slika broj 2 proizvoda 187'),
	(371, 'images/slika_proizvod_187_img3_id371.jpg', 'Slika 3 za proizvod 187 (ID slike: 371)', 'Automatski generirani opis za sliku 371, slika broj 3 proizvoda 187'),
	(372, 'images/slika_proizvod_188_img1_id372.jpg', 'Slika 1 za proizvod 188 (ID slike: 372)', 'Automatski generirani opis za sliku 372, slika broj 1 proizvoda 188'),
	(373, 'images/slika_proizvod_188_img2_id373.jpg', 'Slika 2 za proizvod 188 (ID slike: 373)', 'Automatski generirani opis za sliku 373, slika broj 2 proizvoda 188'),
	(374, 'images/slika_proizvod_189_img1_id374.jpg', 'Slika 1 za proizvod 189 (ID slike: 374)', 'Automatski generirani opis za sliku 374, slika broj 1 proizvoda 189'),
	(375, 'images/slika_proizvod_189_img2_id375.jpg', 'Slika 2 za proizvod 189 (ID slike: 375)', 'Automatski generirani opis za sliku 375, slika broj 2 proizvoda 189'),
	(376, 'images/slika_proizvod_189_img3_id376.jpg', 'Slika 3 za proizvod 189 (ID slike: 376)', 'Automatski generirani opis za sliku 376, slika broj 3 proizvoda 189'),
	(377, 'images/slika_proizvod_190_img1_id377.jpg', 'Slika 1 za proizvod 190 (ID slike: 377)', 'Automatski generirani opis za sliku 377, slika broj 1 proizvoda 190'),
	(378, 'images/slika_proizvod_190_img2_id378.jpg', 'Slika 2 za proizvod 190 (ID slike: 378)', 'Automatski generirani opis za sliku 378, slika broj 2 proizvoda 190'),
	(379, 'images/slika_proizvod_190_img3_id379.jpg', 'Slika 3 za proizvod 190 (ID slike: 379)', 'Automatski generirani opis za sliku 379, slika broj 3 proizvoda 190'),
	(380, 'images/slika_proizvod_191_img1_id380.jpg', 'Slika 1 za proizvod 191 (ID slike: 380)', 'Automatski generirani opis za sliku 380, slika broj 1 proizvoda 191'),
	(381, 'images/slika_proizvod_192_img1_id381.jpg', 'Slika 1 za proizvod 192 (ID slike: 381)', 'Automatski generirani opis za sliku 381, slika broj 1 proizvoda 192'),
	(382, 'images/slika_proizvod_192_img2_id382.jpg', 'Slika 2 za proizvod 192 (ID slike: 382)', 'Automatski generirani opis za sliku 382, slika broj 2 proizvoda 192'),
	(383, 'images/slika_proizvod_192_img3_id383.jpg', 'Slika 3 za proizvod 192 (ID slike: 383)', 'Automatski generirani opis za sliku 383, slika broj 3 proizvoda 192'),
	(384, 'images/slika_proizvod_193_img1_id384.jpg', 'Slika 1 za proizvod 193 (ID slike: 384)', 'Automatski generirani opis za sliku 384, slika broj 1 proizvoda 193'),
	(385, 'images/slika_proizvod_194_img1_id385.jpg', 'Slika 1 za proizvod 194 (ID slike: 385)', 'Automatski generirani opis za sliku 385, slika broj 1 proizvoda 194'),
	(386, 'images/slika_proizvod_194_img2_id386.jpg', 'Slika 2 za proizvod 194 (ID slike: 386)', 'Automatski generirani opis za sliku 386, slika broj 2 proizvoda 194'),
	(387, 'images/slika_proizvod_194_img3_id387.jpg', 'Slika 3 za proizvod 194 (ID slike: 387)', 'Automatski generirani opis za sliku 387, slika broj 3 proizvoda 194'),
	(388, 'images/slika_proizvod_195_img1_id388.jpg', 'Slika 1 za proizvod 195 (ID slike: 388)', 'Automatski generirani opis za sliku 388, slika broj 1 proizvoda 195'),
	(389, 'images/slika_proizvod_196_img1_id389.jpg', 'Slika 1 za proizvod 196 (ID slike: 389)', 'Automatski generirani opis za sliku 389, slika broj 1 proizvoda 196'),
	(390, 'images/slika_proizvod_197_img1_id390.jpg', 'Slika 1 za proizvod 197 (ID slike: 390)', 'Automatski generirani opis za sliku 390, slika broj 1 proizvoda 197'),
	(391, 'images/slika_proizvod_198_img1_id391.jpg', 'Slika 1 za proizvod 198 (ID slike: 391)', 'Automatski generirani opis za sliku 391, slika broj 1 proizvoda 198'),
	(392, 'images/slika_proizvod_199_img1_id392.jpg', 'Slika 1 za proizvod 199 (ID slike: 392)', 'Automatski generirani opis za sliku 392, slika broj 1 proizvoda 199'),
	(393, 'images/slika_proizvod_199_img2_id393.jpg', 'Slika 2 za proizvod 199 (ID slike: 393)', 'Automatski generirani opis za sliku 393, slika broj 2 proizvoda 199'),
	(394, 'images/slika_proizvod_199_img3_id394.jpg', 'Slika 3 za proizvod 199 (ID slike: 394)', 'Automatski generirani opis za sliku 394, slika broj 3 proizvoda 199'),
	(395, 'images/slika_proizvod_200_img1_id395.jpg', 'Slika 1 za proizvod 200 (ID slike: 395)', 'Automatski generirani opis za sliku 395, slika broj 1 proizvoda 200'),
	(396, 'images/slika_proizvod_201_img1_id396.jpg', 'Slika 1 za proizvod 201 (ID slike: 396)', 'Automatski generirani opis za sliku 396, slika broj 1 proizvoda 201'),
	(397, 'images/slika_proizvod_201_img2_id397.jpg', 'Slika 2 za proizvod 201 (ID slike: 397)', 'Automatski generirani opis za sliku 397, slika broj 2 proizvoda 201'),
	(398, 'images/slika_proizvod_202_img1_id398.jpg', 'Slika 1 za proizvod 202 (ID slike: 398)', 'Automatski generirani opis za sliku 398, slika broj 1 proizvoda 202'),
	(399, 'images/slika_proizvod_202_img2_id399.jpg', 'Slika 2 za proizvod 202 (ID slike: 399)', 'Automatski generirani opis za sliku 399, slika broj 2 proizvoda 202'),
	(400, 'images/slika_proizvod_203_img1_id400.jpg', 'Slika 1 za proizvod 203 (ID slike: 400)', 'Automatski generirani opis za sliku 400, slika broj 1 proizvoda 203'),
	(401, 'images/slika_proizvod_204_img1_id401.jpg', 'Slika 1 za proizvod 204 (ID slike: 401)', 'Automatski generirani opis za sliku 401, slika broj 1 proizvoda 204'),
	(402, 'images/slika_proizvod_204_img2_id402.jpg', 'Slika 2 za proizvod 204 (ID slike: 402)', 'Automatski generirani opis za sliku 402, slika broj 2 proizvoda 204'),
	(403, 'images/slika_proizvod_204_img3_id403.jpg', 'Slika 3 za proizvod 204 (ID slike: 403)', 'Automatski generirani opis za sliku 403, slika broj 3 proizvoda 204'),
	(404, 'images/slika_proizvod_205_img1_id404.jpg', 'Slika 1 za proizvod 205 (ID slike: 404)', 'Automatski generirani opis za sliku 404, slika broj 1 proizvoda 205'),
	(405, 'images/slika_proizvod_206_img1_id405.jpg', 'Slika 1 za proizvod 206 (ID slike: 405)', 'Automatski generirani opis za sliku 405, slika broj 1 proizvoda 206'),
	(406, 'images/slika_proizvod_206_img2_id406.jpg', 'Slika 2 za proizvod 206 (ID slike: 406)', 'Automatski generirani opis za sliku 406, slika broj 2 proizvoda 206'),
	(407, 'images/slika_proizvod_207_img1_id407.jpg', 'Slika 1 za proizvod 207 (ID slike: 407)', 'Automatski generirani opis za sliku 407, slika broj 1 proizvoda 207'),
	(408, 'images/slika_proizvod_208_img1_id408.jpg', 'Slika 1 za proizvod 208 (ID slike: 408)', 'Automatski generirani opis za sliku 408, slika broj 1 proizvoda 208'),
	(409, 'images/slika_proizvod_208_img2_id409.jpg', 'Slika 2 za proizvod 208 (ID slike: 409)', 'Automatski generirani opis za sliku 409, slika broj 2 proizvoda 208'),
	(410, 'images/slika_proizvod_208_img3_id410.jpg', 'Slika 3 za proizvod 208 (ID slike: 410)', 'Automatski generirani opis za sliku 410, slika broj 3 proizvoda 208'),
	(411, 'images/slika_proizvod_209_img1_id411.jpg', 'Slika 1 za proizvod 209 (ID slike: 411)', 'Automatski generirani opis za sliku 411, slika broj 1 proizvoda 209'),
	(412, 'images/slika_proizvod_209_img2_id412.jpg', 'Slika 2 za proizvod 209 (ID slike: 412)', 'Automatski generirani opis za sliku 412, slika broj 2 proizvoda 209'),
	(413, 'images/slika_proizvod_209_img3_id413.jpg', 'Slika 3 za proizvod 209 (ID slike: 413)', 'Automatski generirani opis za sliku 413, slika broj 3 proizvoda 209'),
	(414, 'images/slika_proizvod_210_img1_id414.jpg', 'Slika 1 za proizvod 210 (ID slike: 414)', 'Automatski generirani opis za sliku 414, slika broj 1 proizvoda 210'),
	(415, 'images/slika_proizvod_210_img2_id415.jpg', 'Slika 2 za proizvod 210 (ID slike: 415)', 'Automatski generirani opis za sliku 415, slika broj 2 proizvoda 210'),
	(416, 'images/slika_proizvod_210_img3_id416.jpg', 'Slika 3 za proizvod 210 (ID slike: 416)', 'Automatski generirani opis za sliku 416, slika broj 3 proizvoda 210'),
	(417, 'images/slika_proizvod_211_img1_id417.jpg', 'Slika 1 za proizvod 211 (ID slike: 417)', 'Automatski generirani opis za sliku 417, slika broj 1 proizvoda 211'),
	(418, 'images/slika_proizvod_211_img2_id418.jpg', 'Slika 2 za proizvod 211 (ID slike: 418)', 'Automatski generirani opis za sliku 418, slika broj 2 proizvoda 211'),
	(419, 'images/slika_proizvod_212_img1_id419.jpg', 'Slika 1 za proizvod 212 (ID slike: 419)', 'Automatski generirani opis za sliku 419, slika broj 1 proizvoda 212'),
	(420, 'images/slika_proizvod_212_img2_id420.jpg', 'Slika 2 za proizvod 212 (ID slike: 420)', 'Automatski generirani opis za sliku 420, slika broj 2 proizvoda 212'),
	(421, 'images/slika_proizvod_212_img3_id421.jpg', 'Slika 3 za proizvod 212 (ID slike: 421)', 'Automatski generirani opis za sliku 421, slika broj 3 proizvoda 212'),
	(422, 'images/slika_proizvod_213_img1_id422.jpg', 'Slika 1 za proizvod 213 (ID slike: 422)', 'Automatski generirani opis za sliku 422, slika broj 1 proizvoda 213'),
	(423, 'images/slika_proizvod_213_img2_id423.jpg', 'Slika 2 za proizvod 213 (ID slike: 423)', 'Automatski generirani opis za sliku 423, slika broj 2 proizvoda 213'),
	(424, 'images/slika_proizvod_214_img1_id424.jpg', 'Slika 1 za proizvod 214 (ID slike: 424)', 'Automatski generirani opis za sliku 424, slika broj 1 proizvoda 214'),
	(425, 'images/slika_proizvod_214_img2_id425.jpg', 'Slika 2 za proizvod 214 (ID slike: 425)', 'Automatski generirani opis za sliku 425, slika broj 2 proizvoda 214'),
	(426, 'images/slika_proizvod_214_img3_id426.jpg', 'Slika 3 za proizvod 214 (ID slike: 426)', 'Automatski generirani opis za sliku 426, slika broj 3 proizvoda 214'),
	(427, 'images/slika_proizvod_215_img1_id427.jpg', 'Slika 1 za proizvod 215 (ID slike: 427)', 'Automatski generirani opis za sliku 427, slika broj 1 proizvoda 215'),
	(428, 'images/slika_proizvod_216_img1_id428.jpg', 'Slika 1 za proizvod 216 (ID slike: 428)', 'Automatski generirani opis za sliku 428, slika broj 1 proizvoda 216'),
	(429, 'images/slika_proizvod_217_img1_id429.jpg', 'Slika 1 za proizvod 217 (ID slike: 429)', 'Automatski generirani opis za sliku 429, slika broj 1 proizvoda 217'),
	(430, 'images/slika_proizvod_218_img1_id430.jpg', 'Slika 1 za proizvod 218 (ID slike: 430)', 'Automatski generirani opis za sliku 430, slika broj 1 proizvoda 218'),
	(431, 'images/slika_proizvod_218_img2_id431.jpg', 'Slika 2 za proizvod 218 (ID slike: 431)', 'Automatski generirani opis za sliku 431, slika broj 2 proizvoda 218'),
	(432, 'images/slika_proizvod_218_img3_id432.jpg', 'Slika 3 za proizvod 218 (ID slike: 432)', 'Automatski generirani opis za sliku 432, slika broj 3 proizvoda 218'),
	(433, 'images/slika_proizvod_219_img1_id433.jpg', 'Slika 1 za proizvod 219 (ID slike: 433)', 'Automatski generirani opis za sliku 433, slika broj 1 proizvoda 219'),
	(434, 'images/slika_proizvod_219_img2_id434.jpg', 'Slika 2 za proizvod 219 (ID slike: 434)', 'Automatski generirani opis za sliku 434, slika broj 2 proizvoda 219'),
	(435, 'images/slika_proizvod_219_img3_id435.jpg', 'Slika 3 za proizvod 219 (ID slike: 435)', 'Automatski generirani opis za sliku 435, slika broj 3 proizvoda 219'),
	(436, 'images/slika_proizvod_220_img1_id436.jpg', 'Slika 1 za proizvod 220 (ID slike: 436)', 'Automatski generirani opis za sliku 436, slika broj 1 proizvoda 220'),
	(437, 'images/slika_proizvod_220_img2_id437.jpg', 'Slika 2 za proizvod 220 (ID slike: 437)', 'Automatski generirani opis za sliku 437, slika broj 2 proizvoda 220'),
	(438, 'images/slika_proizvod_220_img3_id438.jpg', 'Slika 3 za proizvod 220 (ID slike: 438)', 'Automatski generirani opis za sliku 438, slika broj 3 proizvoda 220'),
	(439, 'images/slika_proizvod_221_img1_id439.jpg', 'Slika 1 za proizvod 221 (ID slike: 439)', 'Automatski generirani opis za sliku 439, slika broj 1 proizvoda 221'),
	(440, 'images/slika_proizvod_221_img2_id440.jpg', 'Slika 2 za proizvod 221 (ID slike: 440)', 'Automatski generirani opis za sliku 440, slika broj 2 proizvoda 221'),
	(441, 'images/slika_proizvod_221_img3_id441.jpg', 'Slika 3 za proizvod 221 (ID slike: 441)', 'Automatski generirani opis za sliku 441, slika broj 3 proizvoda 221'),
	(442, 'images/slika_proizvod_222_img1_id442.jpg', 'Slika 1 za proizvod 222 (ID slike: 442)', 'Automatski generirani opis za sliku 442, slika broj 1 proizvoda 222'),
	(443, 'images/slika_proizvod_222_img2_id443.jpg', 'Slika 2 za proizvod 222 (ID slike: 443)', 'Automatski generirani opis za sliku 443, slika broj 2 proizvoda 222'),
	(444, 'images/slika_proizvod_222_img3_id444.jpg', 'Slika 3 za proizvod 222 (ID slike: 444)', 'Automatski generirani opis za sliku 444, slika broj 3 proizvoda 222'),
	(445, 'images/slika_proizvod_223_img1_id445.jpg', 'Slika 1 za proizvod 223 (ID slike: 445)', 'Automatski generirani opis za sliku 445, slika broj 1 proizvoda 223'),
	(446, 'images/slika_proizvod_223_img2_id446.jpg', 'Slika 2 za proizvod 223 (ID slike: 446)', 'Automatski generirani opis za sliku 446, slika broj 2 proizvoda 223'),
	(447, 'images/slika_proizvod_224_img1_id447.jpg', 'Slika 1 za proizvod 224 (ID slike: 447)', 'Automatski generirani opis za sliku 447, slika broj 1 proizvoda 224'),
	(448, 'images/slika_proizvod_224_img2_id448.jpg', 'Slika 2 za proizvod 224 (ID slike: 448)', 'Automatski generirani opis za sliku 448, slika broj 2 proizvoda 224'),
	(449, 'images/slika_proizvod_224_img3_id449.jpg', 'Slika 3 za proizvod 224 (ID slike: 449)', 'Automatski generirani opis za sliku 449, slika broj 3 proizvoda 224'),
	(450, 'images/slika_proizvod_225_img1_id450.jpg', 'Slika 1 za proizvod 225 (ID slike: 450)', 'Automatski generirani opis za sliku 450, slika broj 1 proizvoda 225'),
	(451, 'images/slika_proizvod_225_img2_id451.jpg', 'Slika 2 za proizvod 225 (ID slike: 451)', 'Automatski generirani opis za sliku 451, slika broj 2 proizvoda 225'),
	(452, 'images/slika_proizvod_225_img3_id452.jpg', 'Slika 3 za proizvod 225 (ID slike: 452)', 'Automatski generirani opis za sliku 452, slika broj 3 proizvoda 225'),
	(453, 'images/slika_proizvod_226_img1_id453.jpg', 'Slika 1 za proizvod 226 (ID slike: 453)', 'Automatski generirani opis za sliku 453, slika broj 1 proizvoda 226'),
	(454, 'images/slika_proizvod_226_img2_id454.jpg', 'Slika 2 za proizvod 226 (ID slike: 454)', 'Automatski generirani opis za sliku 454, slika broj 2 proizvoda 226'),
	(455, 'images/slika_proizvod_227_img1_id455.jpg', 'Slika 1 za proizvod 227 (ID slike: 455)', 'Automatski generirani opis za sliku 455, slika broj 1 proizvoda 227'),
	(456, 'images/slika_proizvod_227_img2_id456.jpg', 'Slika 2 za proizvod 227 (ID slike: 456)', 'Automatski generirani opis za sliku 456, slika broj 2 proizvoda 227'),
	(457, 'images/slika_proizvod_227_img3_id457.jpg', 'Slika 3 za proizvod 227 (ID slike: 457)', 'Automatski generirani opis za sliku 457, slika broj 3 proizvoda 227'),
	(458, 'images/slika_proizvod_228_img1_id458.jpg', 'Slika 1 za proizvod 228 (ID slike: 458)', 'Automatski generirani opis za sliku 458, slika broj 1 proizvoda 228'),
	(459, 'images/slika_proizvod_228_img2_id459.jpg', 'Slika 2 za proizvod 228 (ID slike: 459)', 'Automatski generirani opis za sliku 459, slika broj 2 proizvoda 228'),
	(460, 'images/slika_proizvod_228_img3_id460.jpg', 'Slika 3 za proizvod 228 (ID slike: 460)', 'Automatski generirani opis za sliku 460, slika broj 3 proizvoda 228'),
	(461, 'images/slika_proizvod_229_img1_id461.jpg', 'Slika 1 za proizvod 229 (ID slike: 461)', 'Automatski generirani opis za sliku 461, slika broj 1 proizvoda 229'),
	(462, 'images/slika_proizvod_229_img2_id462.jpg', 'Slika 2 za proizvod 229 (ID slike: 462)', 'Automatski generirani opis za sliku 462, slika broj 2 proizvoda 229'),
	(463, 'images/slika_proizvod_229_img3_id463.jpg', 'Slika 3 za proizvod 229 (ID slike: 463)', 'Automatski generirani opis za sliku 463, slika broj 3 proizvoda 229'),
	(464, 'images/slika_proizvod_230_img1_id464.jpg', 'Slika 1 za proizvod 230 (ID slike: 464)', 'Automatski generirani opis za sliku 464, slika broj 1 proizvoda 230'),
	(465, 'images/slika_proizvod_231_img1_id465.jpg', 'Slika 1 za proizvod 231 (ID slike: 465)', 'Automatski generirani opis za sliku 465, slika broj 1 proizvoda 231'),
	(466, 'images/slika_proizvod_231_img2_id466.jpg', 'Slika 2 za proizvod 231 (ID slike: 466)', 'Automatski generirani opis za sliku 466, slika broj 2 proizvoda 231'),
	(467, 'images/slika_proizvod_231_img3_id467.jpg', 'Slika 3 za proizvod 231 (ID slike: 467)', 'Automatski generirani opis za sliku 467, slika broj 3 proizvoda 231'),
	(468, 'images/slika_proizvod_232_img1_id468.jpg', 'Slika 1 za proizvod 232 (ID slike: 468)', 'Automatski generirani opis za sliku 468, slika broj 1 proizvoda 232'),
	(469, 'images/slika_proizvod_232_img2_id469.jpg', 'Slika 2 za proizvod 232 (ID slike: 469)', 'Automatski generirani opis za sliku 469, slika broj 2 proizvoda 232'),
	(470, 'images/slika_proizvod_233_img1_id470.jpg', 'Slika 1 za proizvod 233 (ID slike: 470)', 'Automatski generirani opis za sliku 470, slika broj 1 proizvoda 233'),
	(471, 'images/slika_proizvod_234_img1_id471.jpg', 'Slika 1 za proizvod 234 (ID slike: 471)', 'Automatski generirani opis za sliku 471, slika broj 1 proizvoda 234'),
	(472, 'images/slika_proizvod_234_img2_id472.jpg', 'Slika 2 za proizvod 234 (ID slike: 472)', 'Automatski generirani opis za sliku 472, slika broj 2 proizvoda 234'),
	(473, 'images/slika_proizvod_235_img1_id473.jpg', 'Slika 1 za proizvod 235 (ID slike: 473)', 'Automatski generirani opis za sliku 473, slika broj 1 proizvoda 235'),
	(474, 'images/slika_proizvod_236_img1_id474.jpg', 'Slika 1 za proizvod 236 (ID slike: 474)', 'Automatski generirani opis za sliku 474, slika broj 1 proizvoda 236'),
	(475, 'images/slika_proizvod_236_img2_id475.jpg', 'Slika 2 za proizvod 236 (ID slike: 475)', 'Automatski generirani opis za sliku 475, slika broj 2 proizvoda 236'),
	(476, 'images/slika_proizvod_236_img3_id476.jpg', 'Slika 3 za proizvod 236 (ID slike: 476)', 'Automatski generirani opis za sliku 476, slika broj 3 proizvoda 236'),
	(477, 'images/slika_proizvod_237_img1_id477.jpg', 'Slika 1 za proizvod 237 (ID slike: 477)', 'Automatski generirani opis za sliku 477, slika broj 1 proizvoda 237'),
	(478, 'images/slika_proizvod_237_img2_id478.jpg', 'Slika 2 za proizvod 237 (ID slike: 478)', 'Automatski generirani opis za sliku 478, slika broj 2 proizvoda 237'),
	(479, 'images/slika_proizvod_238_img1_id479.jpg', 'Slika 1 za proizvod 238 (ID slike: 479)', 'Automatski generirani opis za sliku 479, slika broj 1 proizvoda 238'),
	(480, 'images/slika_proizvod_238_img2_id480.jpg', 'Slika 2 za proizvod 238 (ID slike: 480)', 'Automatski generirani opis za sliku 480, slika broj 2 proizvoda 238'),
	(481, 'images/slika_proizvod_239_img1_id481.jpg', 'Slika 1 za proizvod 239 (ID slike: 481)', 'Automatski generirani opis za sliku 481, slika broj 1 proizvoda 239'),
	(482, 'images/slika_proizvod_239_img2_id482.jpg', 'Slika 2 za proizvod 239 (ID slike: 482)', 'Automatski generirani opis za sliku 482, slika broj 2 proizvoda 239'),
	(483, 'images/slika_proizvod_240_img1_id483.jpg', 'Slika 1 za proizvod 240 (ID slike: 483)', 'Automatski generirani opis za sliku 483, slika broj 1 proizvoda 240'),
	(484, 'images/slika_proizvod_240_img2_id484.jpg', 'Slika 2 za proizvod 240 (ID slike: 484)', 'Automatski generirani opis za sliku 484, slika broj 2 proizvoda 240'),
	(485, 'images/slika_proizvod_241_img1_id485.jpg', 'Slika 1 za proizvod 241 (ID slike: 485)', 'Automatski generirani opis za sliku 485, slika broj 1 proizvoda 241'),
	(486, 'images/slika_proizvod_242_img1_id486.jpg', 'Slika 1 za proizvod 242 (ID slike: 486)', 'Automatski generirani opis za sliku 486, slika broj 1 proizvoda 242'),
	(487, 'images/slika_proizvod_242_img2_id487.jpg', 'Slika 2 za proizvod 242 (ID slike: 487)', 'Automatski generirani opis za sliku 487, slika broj 2 proizvoda 242'),
	(488, 'images/slika_proizvod_242_img3_id488.jpg', 'Slika 3 za proizvod 242 (ID slike: 488)', 'Automatski generirani opis za sliku 488, slika broj 3 proizvoda 242'),
	(489, 'images/slika_proizvod_243_img1_id489.jpg', 'Slika 1 za proizvod 243 (ID slike: 489)', 'Automatski generirani opis za sliku 489, slika broj 1 proizvoda 243'),
	(490, 'images/slika_proizvod_244_img1_id490.jpg', 'Slika 1 za proizvod 244 (ID slike: 490)', 'Automatski generirani opis za sliku 490, slika broj 1 proizvoda 244'),
	(491, 'images/slika_proizvod_244_img2_id491.jpg', 'Slika 2 za proizvod 244 (ID slike: 491)', 'Automatski generirani opis za sliku 491, slika broj 2 proizvoda 244'),
	(492, 'images/slika_proizvod_244_img3_id492.jpg', 'Slika 3 za proizvod 244 (ID slike: 492)', 'Automatski generirani opis za sliku 492, slika broj 3 proizvoda 244'),
	(493, 'images/slika_proizvod_245_img1_id493.jpg', 'Slika 1 za proizvod 245 (ID slike: 493)', 'Automatski generirani opis za sliku 493, slika broj 1 proizvoda 245'),
	(494, 'images/slika_proizvod_246_img1_id494.jpg', 'Slika 1 za proizvod 246 (ID slike: 494)', 'Automatski generirani opis za sliku 494, slika broj 1 proizvoda 246'),
	(495, 'images/slika_proizvod_247_img1_id495.jpg', 'Slika 1 za proizvod 247 (ID slike: 495)', 'Automatski generirani opis za sliku 495, slika broj 1 proizvoda 247'),
	(496, 'images/slika_proizvod_248_img1_id496.jpg', 'Slika 1 za proizvod 248 (ID slike: 496)', 'Automatski generirani opis za sliku 496, slika broj 1 proizvoda 248'),
	(497, 'images/slika_proizvod_248_img2_id497.jpg', 'Slika 2 za proizvod 248 (ID slike: 497)', 'Automatski generirani opis za sliku 497, slika broj 2 proizvoda 248'),
	(498, 'images/slika_proizvod_248_img3_id498.jpg', 'Slika 3 za proizvod 248 (ID slike: 498)', 'Automatski generirani opis za sliku 498, slika broj 3 proizvoda 248'),
	(499, 'images/slika_proizvod_249_img1_id499.jpg', 'Slika 1 za proizvod 249 (ID slike: 499)', 'Automatski generirani opis za sliku 499, slika broj 1 proizvoda 249'),
	(500, 'images/slika_proizvod_250_img1_id500.jpg', 'Slika 1 za proizvod 250 (ID slike: 500)', 'Automatski generirani opis za sliku 500, slika broj 1 proizvoda 250'),
	(501, 'images/slika_proizvod_250_img2_id501.jpg', 'Slika 2 za proizvod 250 (ID slike: 501)', 'Automatski generirani opis za sliku 501, slika broj 2 proizvoda 250'),
	(502, 'images/slika_proizvod_250_img3_id502.jpg', 'Slika 3 za proizvod 250 (ID slike: 502)', 'Automatski generirani opis za sliku 502, slika broj 3 proizvoda 250');

INSERT INTO `slika_proizvod` (`id`, `proizvod_id`, `slika_id`) VALUES
	(1, 1, 1),
	(2, 1, 2),
	(3, 2, 3),
	(4, 3, 4),
	(5, 4, 5),
	(6, 5, 6),
	(7, 6, 7),
	(8, 6, 8),
	(9, 7, 9),
	(10, 7, 10),
	(11, 8, 11),
	(12, 9, 12),
	(13, 9, 13),
	(14, 9, 14),
	(15, 10, 15),
	(16, 10, 16),
	(17, 11, 17),
	(18, 11, 18),
	(19, 11, 19),
	(20, 12, 20),
	(21, 13, 21),
	(22, 14, 22),
	(23, 15, 23),
	(24, 15, 24),
	(25, 15, 25),
	(26, 16, 26),
	(27, 17, 27),
	(28, 17, 28),
	(29, 17, 29),
	(30, 18, 30),
	(31, 18, 31),
	(32, 19, 32),
	(33, 19, 33),
	(34, 19, 34),
	(35, 20, 35),
	(36, 20, 36),
	(37, 20, 37),
	(38, 21, 38),
	(39, 21, 39),
	(40, 22, 40),
	(41, 22, 41),
	(42, 22, 42),
	(43, 23, 43),
	(44, 23, 44),
	(45, 24, 45),
	(46, 24, 46),
	(47, 25, 47),
	(48, 25, 48),
	(49, 25, 49),
	(50, 26, 50),
	(51, 26, 51),
	(52, 26, 52),
	(53, 27, 53),
	(54, 27, 54),
	(55, 28, 55),
	(56, 29, 56),
	(57, 29, 57),
	(58, 29, 58),
	(59, 30, 59),
	(60, 30, 60),
	(61, 31, 61),
	(62, 31, 62),
	(63, 32, 63),
	(64, 32, 64),
	(65, 33, 65),
	(66, 33, 66),
	(67, 33, 67),
	(68, 34, 68),
	(69, 34, 69),
	(70, 35, 70),
	(71, 36, 71),
	(72, 37, 72),
	(73, 37, 73),
	(74, 38, 74),
	(75, 38, 75),
	(76, 38, 76),
	(77, 39, 77),
	(78, 40, 78),
	(79, 40, 79),
	(80, 41, 80),
	(81, 41, 81),
	(82, 42, 82),
	(83, 43, 83),
	(84, 44, 84),
	(85, 45, 85),
	(86, 45, 86),
	(87, 46, 87),
	(88, 46, 88),
	(89, 46, 89),
	(90, 47, 90),
	(91, 47, 91),
	(92, 48, 92),
	(93, 48, 93),
	(94, 49, 94),
	(95, 49, 95),
	(96, 49, 96),
	(97, 50, 97),
	(98, 50, 98),
	(99, 50, 99),
	(100, 51, 100),
	(101, 51, 101),
	(102, 51, 102),
	(103, 52, 103),
	(104, 52, 104),
	(105, 53, 105),
	(106, 53, 106),
	(107, 54, 107),
	(108, 54, 108),
	(109, 54, 109),
	(110, 55, 110),
	(111, 55, 111),
	(112, 55, 112),
	(113, 56, 113),
	(114, 56, 114),
	(115, 57, 115),
	(116, 58, 116),
	(117, 59, 117),
	(118, 60, 118),
	(119, 60, 119),
	(120, 61, 120),
	(121, 61, 121),
	(122, 62, 122),
	(123, 62, 123),
	(124, 63, 124),
	(125, 63, 125),
	(126, 64, 126),
	(127, 64, 127),
	(128, 65, 128),
	(129, 65, 129),
	(130, 66, 130),
	(131, 66, 131),
	(132, 66, 132),
	(133, 67, 133),
	(134, 68, 134),
	(135, 68, 135),
	(136, 68, 136),
	(137, 69, 137),
	(138, 69, 138),
	(139, 70, 139),
	(140, 70, 140),
	(141, 71, 141),
	(142, 71, 142),
	(143, 72, 143),
	(144, 72, 144),
	(145, 73, 145),
	(146, 73, 146),
	(147, 73, 147),
	(148, 74, 148),
	(149, 75, 149),
	(150, 75, 150),
	(151, 76, 151),
	(152, 76, 152),
	(153, 77, 153),
	(154, 78, 154),
	(155, 78, 155),
	(156, 79, 156),
	(157, 80, 157),
	(158, 81, 158),
	(159, 82, 159),
	(160, 82, 160),
	(161, 83, 161),
	(162, 84, 162),
	(163, 85, 163),
	(164, 85, 164),
	(165, 85, 165),
	(166, 86, 166),
	(167, 86, 167),
	(168, 86, 168),
	(169, 87, 169),
	(170, 87, 170),
	(171, 87, 171),
	(172, 88, 172),
	(173, 88, 173),
	(174, 89, 174),
	(175, 90, 175),
	(176, 90, 176),
	(177, 90, 177),
	(178, 91, 178),
	(179, 91, 179),
	(180, 92, 180),
	(181, 92, 181),
	(182, 92, 182),
	(183, 93, 183),
	(184, 93, 184),
	(185, 94, 185),
	(186, 95, 186),
	(187, 96, 187),
	(188, 96, 188),
	(189, 97, 189),
	(190, 97, 190),
	(191, 97, 191),
	(192, 98, 192),
	(193, 98, 193),
	(194, 99, 194),
	(195, 99, 195),
	(196, 99, 196),
	(197, 100, 197),
	(198, 100, 198),
	(199, 100, 199),
	(200, 101, 200),
	(201, 102, 201),
	(202, 102, 202),
	(203, 103, 203),
	(204, 103, 204),
	(205, 104, 205),
	(206, 104, 206),
	(207, 105, 207),
	(208, 106, 208),
	(209, 107, 209),
	(210, 107, 210),
	(211, 108, 211),
	(212, 109, 212),
	(213, 109, 213),
	(214, 109, 214),
	(215, 110, 215),
	(216, 110, 216),
	(217, 110, 217),
	(218, 111, 218),
	(219, 111, 219),
	(220, 112, 220),
	(221, 112, 221),
	(222, 113, 222),
	(223, 113, 223),
	(224, 113, 224),
	(225, 114, 225),
	(226, 114, 226),
	(227, 115, 227),
	(228, 116, 228),
	(229, 117, 229),
	(230, 117, 230),
	(231, 118, 231),
	(232, 118, 232),
	(233, 119, 233),
	(234, 119, 234),
	(235, 120, 235),
	(236, 121, 236),
	(237, 122, 237),
	(238, 122, 238),
	(239, 122, 239),
	(240, 123, 240),
	(241, 123, 241),
	(242, 123, 242),
	(243, 124, 243),
	(244, 125, 244),
	(245, 125, 245),
	(246, 126, 246),
	(247, 126, 247),
	(248, 127, 248),
	(249, 127, 249),
	(250, 127, 250),
	(251, 128, 251),
	(252, 128, 252),
	(253, 129, 253),
	(254, 130, 254),
	(255, 130, 255),
	(256, 130, 256),
	(257, 131, 257),
	(258, 131, 258),
	(259, 131, 259),
	(260, 132, 260),
	(261, 133, 261),
	(262, 133, 262),
	(263, 133, 263),
	(264, 134, 264),
	(265, 134, 265),
	(266, 134, 266),
	(267, 135, 267),
	(268, 135, 268),
	(269, 135, 269),
	(270, 136, 270),
	(271, 136, 271),
	(272, 137, 272),
	(273, 138, 273),
	(274, 138, 274),
	(275, 138, 275),
	(276, 139, 276),
	(277, 140, 277),
	(278, 140, 278),
	(279, 140, 279),
	(280, 141, 280),
	(281, 141, 281),
	(282, 142, 282),
	(283, 142, 283),
	(284, 143, 284),
	(285, 143, 285),
	(286, 144, 286),
	(287, 144, 287),
	(288, 145, 288),
	(289, 146, 289),
	(290, 146, 290),
	(291, 147, 291),
	(292, 148, 292),
	(293, 148, 293),
	(294, 148, 294),
	(295, 149, 295),
	(296, 149, 296),
	(297, 150, 297),
	(298, 150, 298),
	(299, 151, 299),
	(300, 151, 300),
	(301, 152, 301),
	(302, 152, 302),
	(303, 153, 303),
	(304, 153, 304),
	(305, 153, 305),
	(306, 154, 306),
	(307, 155, 307),
	(308, 155, 308),
	(309, 155, 309),
	(310, 156, 310),
	(311, 157, 311),
	(312, 157, 312),
	(313, 158, 313),
	(314, 159, 314),
	(315, 160, 315),
	(316, 160, 316),
	(317, 160, 317),
	(318, 161, 318),
	(319, 162, 319),
	(320, 162, 320),
	(321, 163, 321),
	(322, 163, 322),
	(323, 164, 323),
	(324, 164, 324),
	(325, 164, 325),
	(326, 165, 326),
	(327, 165, 327),
	(328, 165, 328),
	(329, 166, 329),
	(330, 167, 330),
	(331, 167, 331),
	(332, 167, 332),
	(333, 168, 333),
	(334, 168, 334),
	(335, 169, 335),
	(336, 169, 336),
	(337, 169, 337),
	(338, 170, 338),
	(339, 171, 339),
	(340, 171, 340),
	(341, 172, 341),
	(342, 172, 342),
	(343, 172, 343),
	(344, 173, 344),
	(345, 173, 345),
	(346, 174, 346),
	(347, 174, 347),
	(348, 174, 348),
	(349, 175, 349),
	(350, 175, 350),
	(351, 176, 351),
	(352, 177, 352),
	(353, 177, 353),
	(354, 178, 354),
	(355, 179, 355),
	(356, 180, 356),
	(357, 180, 357),
	(358, 181, 358),
	(359, 182, 359),
	(360, 182, 360),
	(361, 183, 361),
	(362, 184, 362),
	(363, 184, 363),
	(364, 184, 364),
	(365, 185, 365),
	(366, 185, 366),
	(367, 185, 367),
	(368, 186, 368),
	(369, 187, 369),
	(370, 187, 370),
	(371, 187, 371),
	(372, 188, 372),
	(373, 188, 373),
	(374, 189, 374),
	(375, 189, 375),
	(376, 189, 376),
	(377, 190, 377),
	(378, 190, 378),
	(379, 190, 379),
	(380, 191, 380),
	(381, 192, 381),
	(382, 192, 382),
	(383, 192, 383),
	(384, 193, 384),
	(385, 194, 385),
	(386, 194, 386),
	(387, 194, 387),
	(388, 195, 388),
	(389, 196, 389),
	(390, 197, 390),
	(391, 198, 391),
	(392, 199, 392),
	(393, 199, 393),
	(394, 199, 394),
	(395, 200, 395),
	(396, 201, 396),
	(397, 201, 397),
	(398, 202, 398),
	(399, 202, 399),
	(400, 203, 400),
	(401, 204, 401),
	(402, 204, 402),
	(403, 204, 403),
	(404, 205, 404),
	(405, 206, 405),
	(406, 206, 406),
	(407, 207, 407),
	(408, 208, 408),
	(409, 208, 409),
	(410, 208, 410),
	(411, 209, 411),
	(412, 209, 412),
	(413, 209, 413),
	(414, 210, 414),
	(415, 210, 415),
	(416, 210, 416),
	(417, 211, 417),
	(418, 211, 418),
	(419, 212, 419),
	(420, 212, 420),
	(421, 212, 421),
	(422, 213, 422),
	(423, 213, 423),
	(424, 214, 424),
	(425, 214, 425),
	(426, 214, 426),
	(427, 215, 427),
	(428, 216, 428),
	(429, 217, 429),
	(430, 218, 430),
	(431, 218, 431),
	(432, 218, 432),
	(433, 219, 433),
	(434, 219, 434),
	(435, 219, 435),
	(436, 220, 436),
	(437, 220, 437),
	(438, 220, 438),
	(439, 221, 439),
	(440, 221, 440),
	(441, 221, 441),
	(442, 222, 442),
	(443, 222, 443),
	(444, 222, 444),
	(445, 223, 445),
	(446, 223, 446),
	(447, 224, 447),
	(448, 224, 448),
	(449, 224, 449),
	(450, 225, 450),
	(451, 225, 451),
	(452, 225, 452),
	(453, 226, 453),
	(454, 226, 454),
	(455, 227, 455),
	(456, 227, 456),
	(457, 227, 457),
	(458, 228, 458),
	(459, 228, 459),
	(460, 228, 460),
	(461, 229, 461),
	(462, 229, 462),
	(463, 229, 463),
	(464, 230, 464),
	(465, 231, 465),
	(466, 231, 466),
	(467, 231, 467),
	(468, 232, 468),
	(469, 232, 469),
	(470, 233, 470),
	(471, 234, 471),
	(472, 234, 472),
	(473, 235, 473),
	(474, 236, 474),
	(475, 236, 475),
	(476, 236, 476),
	(477, 237, 477),
	(478, 237, 478),
	(479, 238, 479),
	(480, 238, 480),
	(481, 239, 481),
	(482, 239, 482),
	(483, 240, 483),
	(484, 240, 484),
	(485, 241, 485),
	(486, 242, 486),
	(487, 242, 487),
	(488, 242, 488),
	(489, 243, 489),
	(490, 244, 490),
	(491, 244, 491),
	(492, 244, 492),
	(493, 245, 493),
	(494, 246, 494),
	(495, 247, 495),
	(496, 248, 496),
	(497, 248, 497),
	(498, 248, 498),
	(499, 249, 499),
	(500, 250, 500),
	(501, 250, 501),
	(502, 250, 502);

INSERT INTO `kategorija` (`id`, `naziv`, `opis`) VALUES
	(1, 'Kočioni sustav', 'Komponente kočionog sustava: pločice, diskovi, senzori'),
	(2, 'Filteri', 'Filteri ulja, zraka, kabine i goriva'),
	(3, 'Akumulatori', 'Auto akumulatori raznih kapaciteta'),
	(4, 'Brisači', 'Brisači i brisne četkice'),
	(5, 'Paljenje i svjećice', 'Svjećice i dijelovi sustava paljenja'),
	(6, 'Kvačilo i prijenos', 'Setovi kvačila i dijelovi prijenosa'),
	(7, 'Ovjes i amortizeri', 'Amortizeri, kuglični zglobovi, krajnice'),
	(8, 'Remenje i zatezači', 'Zupčasti i klinasti remeni, zatezači'),
	(9, 'Elektrika i elektronika', 'Alternatori, senzori, žarulje'),
	(10, 'Motorna ulja i maziva', 'Motorna ulja, maziva i aditivi'),
	(11, 'Karoserija i oprema', 'Univerzalni dijelovi i oprema'),
	(12, 'Električni dijelovi', 'Svi električni dijelovi vozila, uključujući akumulatore, alternatore, senzore, žarulje'),
	(13, 'Potrošni materijal', 'Dijelovi i materijali koji se redovito mijenjaju: filteri, ulja, svjećice, brisači'),
	(14, 'Servisni dijelovi', 'Dijelovi potrebni za redovan servis: filteri, ulja, remenje, svjećice, kočnice'),
	(15, 'Rezervni dijelovi', 'Opći rezervni dijelovi za održavanje i popravak vozila');

INSERT INTO `proizvod_kategorija` (`id`, `proizvod_id`, `kategorija_id`) VALUES
	(2, 1, 1),
	(3, 1, 13),
	(4, 1, 14),
	(5, 2, 2),
	(6, 2, 13),
	(7, 2, 14),
	(8, 3, 3),
	(9, 3, 12),
	(10, 3, 15),
	(11, 4, 4),
	(12, 4, 13),
	(13, 4, 14),
	(14, 5, 5),
	(15, 5, 13),
	(16, 5, 14),
	(17, 6, 6),
	(18, 6, 14),
	(19, 7, 7),
	(20, 7, 15),
	(21, 8, 8),
	(22, 8, 14),
	(23, 9, 1),
	(24, 9, 9),
	(25, 9, 12),
	(26, 10, 9),
	(27, 10, 12),
	(28, 11, 7),
	(29, 11, 15),
	(30, 12, 1),
	(31, 12, 13),
	(32, 12, 14),
	(33, 13, 7),
	(34, 13, 15),
	(35, 14, 7),
	(36, 14, 15),
	(37, 15, 1),
	(38, 15, 14),
	(39, 16, 9),
	(40, 16, 12),
	(41, 17, 9),
	(42, 17, 12),
	(43, 18, 10),
	(44, 18, 13),
	(45, 18, 14),
	(46, 19, 10),
	(47, 19, 13),
	(48, 19, 14),
	(49, 20, 10),
	(50, 20, 13),
	(51, 20, 14),
	(52, 21, 4),
	(53, 21, 13),
	(54, 21, 14),
	(55, 22, 2),
	(56, 22, 13),
	(57, 22, 14),
	(58, 23, 3),
	(59, 23, 12),
	(60, 23, 15),
	(61, 24, 4),
	(62, 24, 13),
	(63, 24, 14),
	(64, 25, 5),
	(65, 25, 13),
	(66, 25, 14),
	(67, 26, 6),
	(68, 26, 14),
	(69, 27, 7),
	(70, 27, 15),
	(71, 28, 8),
	(72, 28, 14),
	(73, 29, 1),
	(74, 29, 9),
	(75, 29, 12),
	(76, 30, 9),
	(77, 30, 12),
	(78, 31, 7),
	(79, 31, 15),
	(80, 32, 1),
	(81, 32, 13),
	(82, 32, 14),
	(83, 33, 7),
	(84, 33, 15),
	(85, 34, 7),
	(86, 34, 15),
	(87, 35, 1),
	(88, 35, 14),
	(89, 36, 9),
	(90, 36, 12),
	(91, 37, 9),
	(92, 37, 12),
	(93, 38, 10),
	(94, 38, 13),
	(95, 38, 14),
	(96, 39, 10),
	(97, 39, 13),
	(98, 39, 14),
	(99, 40, 10),
	(100, 40, 13),
	(101, 40, 14),
	(102, 41, 4),
	(103, 41, 13),
	(104, 41, 14),
	(105, 42, 2),
	(106, 42, 13),
	(107, 42, 14),
	(108, 43, 3),
	(109, 43, 12),
	(110, 43, 15),
	(111, 44, 4),
	(112, 44, 13),
	(113, 44, 14),
	(114, 45, 5),
	(115, 45, 13),
	(116, 45, 14),
	(117, 46, 6),
	(118, 46, 14),
	(119, 47, 7),
	(120, 47, 15),
	(121, 48, 8),
	(122, 48, 14),
	(123, 49, 1),
	(124, 49, 9),
	(125, 49, 12),
	(126, 50, 9),
	(127, 50, 12),
	(128, 51, 7),
	(129, 51, 15),
	(130, 52, 1),
	(131, 52, 13),
	(132, 52, 14),
	(133, 53, 7),
	(134, 53, 15),
	(135, 54, 7),
	(136, 54, 15),
	(137, 55, 1),
	(138, 55, 14),
	(139, 56, 9),
	(140, 56, 12),
	(141, 57, 9),
	(142, 57, 12),
	(143, 58, 10),
	(144, 58, 13),
	(145, 58, 14),
	(146, 59, 10),
	(147, 59, 13),
	(148, 59, 14),
	(149, 60, 10),
	(150, 60, 13),
	(151, 60, 14),
	(152, 61, 4),
	(153, 61, 13),
	(154, 61, 14),
	(155, 62, 2),
	(156, 62, 13),
	(157, 62, 14),
	(158, 63, 3),
	(159, 63, 12),
	(160, 63, 15),
	(161, 64, 4),
	(162, 64, 13),
	(163, 64, 14),
	(164, 65, 5),
	(165, 65, 13),
	(166, 65, 14),
	(167, 66, 6),
	(168, 66, 14),
	(169, 67, 7),
	(170, 67, 15),
	(171, 68, 8),
	(172, 68, 14),
	(173, 69, 1),
	(174, 69, 9),
	(175, 69, 12),
	(176, 70, 9),
	(177, 70, 12),
	(178, 71, 7),
	(179, 71, 15),
	(180, 72, 1),
	(181, 72, 13),
	(182, 72, 14),
	(183, 73, 7),
	(184, 73, 15),
	(185, 74, 7),
	(186, 74, 15),
	(187, 75, 1),
	(188, 75, 14),
	(189, 76, 9),
	(190, 76, 12),
	(191, 77, 9),
	(192, 77, 12),
	(193, 78, 10),
	(194, 78, 13),
	(195, 78, 14),
	(196, 79, 10),
	(197, 79, 13),
	(198, 79, 14),
	(199, 80, 10),
	(200, 80, 13),
	(201, 80, 14),
	(202, 81, 4),
	(203, 81, 13),
	(204, 81, 14),
	(205, 82, 2),
	(206, 82, 13),
	(207, 82, 14),
	(208, 83, 3),
	(209, 83, 12),
	(210, 83, 15),
	(211, 84, 4),
	(212, 84, 13),
	(213, 84, 14),
	(214, 85, 5),
	(215, 85, 13),
	(216, 85, 14),
	(217, 86, 6),
	(218, 86, 14),
	(219, 87, 7),
	(220, 87, 15),
	(221, 88, 8),
	(222, 88, 14),
	(223, 89, 1),
	(224, 89, 9),
	(225, 89, 12),
	(226, 90, 9),
	(227, 90, 12),
	(228, 91, 7),
	(229, 91, 15),
	(230, 92, 1),
	(231, 92, 13),
	(232, 92, 14),
	(233, 93, 7),
	(234, 93, 15),
	(235, 94, 7),
	(236, 94, 15),
	(237, 95, 1),
	(238, 95, 14),
	(239, 96, 9),
	(240, 96, 12),
	(241, 97, 9),
	(242, 97, 12),
	(243, 98, 10),
	(244, 98, 13),
	(245, 98, 14),
	(246, 99, 10),
	(247, 99, 13),
	(248, 99, 14),
	(249, 100, 10),
	(250, 100, 13),
	(251, 100, 14),
	(252, 101, 4),
	(253, 101, 13),
	(254, 101, 14),
	(255, 102, 2),
	(256, 102, 13),
	(257, 102, 14),
	(258, 103, 3),
	(259, 103, 12),
	(260, 103, 15),
	(261, 104, 4),
	(262, 104, 13),
	(263, 104, 14),
	(264, 105, 5),
	(265, 105, 13),
	(266, 105, 14),
	(267, 106, 6),
	(268, 106, 14),
	(269, 107, 7),
	(270, 107, 15),
	(271, 108, 8),
	(272, 108, 14),
	(273, 109, 1),
	(274, 109, 9),
	(275, 109, 12),
	(276, 110, 9),
	(277, 110, 12),
	(278, 111, 7),
	(279, 111, 15),
	(280, 112, 1),
	(281, 112, 13),
	(282, 112, 14),
	(283, 113, 7),
	(284, 113, 15),
	(285, 114, 7),
	(286, 114, 15),
	(287, 115, 1),
	(288, 115, 14),
	(289, 116, 9),
	(290, 116, 12),
	(291, 117, 9),
	(292, 117, 12),
	(293, 118, 10),
	(294, 118, 13),
	(295, 118, 14),
	(296, 119, 10),
	(297, 119, 13),
	(298, 119, 14),
	(299, 120, 10),
	(300, 120, 13),
	(301, 120, 14),
	(302, 121, 4),
	(303, 121, 13),
	(304, 121, 14),
	(305, 122, 2),
	(306, 122, 13),
	(307, 122, 14),
	(308, 123, 3),
	(309, 123, 12),
	(310, 123, 15),
	(311, 124, 4),
	(312, 124, 13),
	(313, 124, 14),
	(314, 125, 5),
	(315, 125, 13),
	(316, 125, 14),
	(317, 126, 6),
	(318, 126, 14),
	(319, 127, 7),
	(320, 127, 15),
	(321, 128, 8),
	(322, 128, 14),
	(323, 129, 1),
	(324, 129, 9),
	(325, 129, 12),
	(326, 130, 9),
	(327, 130, 12),
	(328, 131, 7),
	(329, 131, 15),
	(330, 132, 1),
	(331, 132, 13),
	(332, 132, 14),
	(333, 133, 7),
	(334, 133, 15),
	(335, 134, 7),
	(336, 134, 15),
	(337, 135, 1),
	(338, 135, 14),
	(339, 136, 9),
	(340, 136, 12),
	(341, 137, 9),
	(342, 137, 12),
	(343, 138, 10),
	(344, 138, 13),
	(345, 138, 14),
	(346, 139, 10),
	(347, 139, 13),
	(348, 139, 14),
	(349, 140, 10),
	(350, 140, 13),
	(351, 140, 14),
	(352, 141, 4),
	(353, 141, 13),
	(354, 141, 14),
	(355, 142, 2),
	(356, 142, 13),
	(357, 142, 14),
	(358, 143, 3),
	(359, 143, 12),
	(360, 143, 15),
	(361, 144, 4),
	(362, 144, 13),
	(363, 144, 14),
	(364, 145, 5),
	(365, 145, 13),
	(366, 145, 14),
	(367, 146, 6),
	(368, 146, 14),
	(369, 147, 7),
	(370, 147, 15),
	(371, 148, 8),
	(372, 148, 14),
	(373, 149, 1),
	(374, 149, 9),
	(375, 149, 12),
	(376, 150, 9),
	(377, 150, 12),
	(378, 151, 7),
	(379, 151, 15),
	(380, 152, 1),
	(381, 152, 13),
	(382, 152, 14),
	(383, 153, 7),
	(384, 153, 15),
	(385, 154, 7),
	(386, 154, 15),
	(387, 155, 1),
	(388, 155, 14),
	(389, 156, 9),
	(390, 156, 12),
	(391, 157, 9),
	(392, 157, 12),
	(393, 158, 10),
	(394, 158, 13),
	(395, 158, 14),
	(396, 159, 10),
	(397, 159, 13),
	(398, 159, 14),
	(399, 160, 10),
	(400, 160, 13),
	(401, 160, 14),
	(402, 161, 4),
	(403, 161, 13),
	(404, 161, 14),
	(405, 162, 2),
	(406, 162, 13),
	(407, 162, 14),
	(408, 163, 3),
	(409, 163, 12),
	(410, 163, 15),
	(411, 164, 4),
	(412, 164, 13),
	(413, 164, 14),
	(414, 165, 5),
	(415, 165, 13),
	(416, 165, 14),
	(417, 166, 6),
	(418, 166, 14),
	(419, 167, 7),
	(420, 167, 15),
	(421, 168, 8),
	(422, 168, 14),
	(423, 169, 1),
	(424, 169, 9),
	(425, 169, 12),
	(426, 170, 9),
	(427, 170, 12),
	(428, 171, 7),
	(429, 171, 15),
	(430, 172, 1),
	(431, 172, 13),
	(432, 172, 14),
	(433, 173, 7),
	(434, 173, 15),
	(435, 174, 7),
	(436, 174, 15),
	(437, 175, 1),
	(438, 175, 14),
	(439, 176, 9),
	(440, 176, 12),
	(441, 177, 9),
	(442, 177, 12),
	(443, 178, 10),
	(444, 178, 13),
	(445, 178, 14),
	(446, 179, 10),
	(447, 179, 13),
	(448, 179, 14),
	(449, 180, 10),
	(450, 180, 13),
	(451, 180, 14),
	(452, 181, 4),
	(453, 181, 13),
	(454, 181, 14),
	(455, 182, 2),
	(456, 182, 13),
	(457, 182, 14),
	(458, 183, 3),
	(459, 183, 12),
	(460, 183, 15),
	(461, 184, 4),
	(462, 184, 13),
	(463, 184, 14),
	(464, 185, 5),
	(465, 185, 13),
	(466, 185, 14),
	(467, 186, 6),
	(468, 186, 14),
	(469, 187, 7),
	(470, 187, 15),
	(471, 188, 8),
	(472, 188, 14),
	(473, 189, 1),
	(474, 189, 9),
	(475, 189, 12),
	(476, 190, 9),
	(477, 190, 12),
	(478, 191, 7),
	(479, 191, 15),
	(480, 192, 1),
	(481, 192, 13),
	(482, 192, 14),
	(483, 193, 7),
	(484, 193, 15),
	(485, 194, 7),
	(486, 194, 15),
	(487, 195, 1),
	(488, 195, 14),
	(489, 196, 9),
	(490, 196, 12),
	(491, 197, 9),
	(492, 197, 12),
	(493, 198, 10),
	(494, 198, 13),
	(495, 198, 14),
	(496, 199, 10),
	(497, 199, 13),
	(498, 199, 14),
	(499, 200, 10),
	(500, 200, 13),
	(501, 200, 14),
	(502, 201, 4),
	(503, 201, 13),
	(504, 201, 14),
	(505, 202, 2),
	(506, 202, 13),
	(507, 202, 14),
	(508, 203, 3),
	(509, 203, 12),
	(510, 203, 15),
	(511, 204, 4),
	(512, 204, 13),
	(513, 204, 14),
	(514, 205, 5),
	(515, 205, 13),
	(516, 205, 14),
	(517, 206, 6),
	(518, 206, 14),
	(519, 207, 7),
	(520, 207, 15),
	(521, 208, 8),
	(522, 208, 14),
	(523, 209, 1),
	(524, 209, 9),
	(525, 209, 12),
	(526, 210, 9),
	(527, 210, 12),
	(528, 211, 7),
	(529, 211, 15),
	(530, 212, 1),
	(531, 212, 13),
	(532, 212, 14),
	(533, 213, 7),
	(534, 213, 15),
	(535, 214, 7),
	(536, 214, 15),
	(537, 215, 1),
	(538, 215, 14),
	(539, 216, 9),
	(540, 216, 12),
	(541, 217, 9),
	(542, 217, 12),
	(543, 218, 10),
	(544, 218, 13),
	(545, 218, 14),
	(546, 219, 10),
	(547, 219, 13),
	(548, 219, 14),
	(549, 220, 10),
	(550, 220, 13),
	(551, 220, 14),
	(552, 221, 4),
	(553, 221, 13),
	(554, 221, 14),
	(555, 222, 2),
	(556, 222, 13),
	(557, 222, 14),
	(558, 223, 3),
	(559, 223, 12),
	(560, 223, 15),
	(561, 224, 4),
	(562, 224, 13),
	(563, 224, 14),
	(564, 225, 5),
	(565, 225, 13),
	(566, 225, 14),
	(567, 226, 6),
	(568, 226, 14),
	(569, 227, 7),
	(570, 227, 15),
	(571, 228, 8),
	(572, 228, 14),
	(573, 229, 1),
	(574, 229, 9),
	(575, 229, 12),
	(576, 230, 9),
	(577, 230, 12),
	(578, 231, 7),
	(579, 231, 15),
	(580, 232, 1),
	(581, 232, 13),
	(582, 232, 14),
	(583, 233, 7),
	(584, 233, 15),
	(585, 234, 7),
	(586, 234, 15),
	(587, 235, 1),
	(588, 235, 14),
	(589, 236, 9),
	(590, 236, 12),
	(591, 237, 9),
	(592, 237, 12),
	(593, 238, 10),
	(594, 238, 13),
	(595, 238, 14),
	(596, 239, 10),
	(597, 239, 13),
	(598, 239, 14),
	(599, 240, 10),
	(600, 240, 13),
	(601, 240, 14),
	(602, 241, 4),
	(603, 241, 13),
	(604, 241, 14),
	(605, 242, 2),
	(606, 242, 13),
	(607, 242, 14),
	(608, 243, 3),
	(609, 243, 12),
	(610, 243, 15),
	(611, 244, 4),
	(612, 244, 13),
	(613, 244, 14),
	(614, 245, 5),
	(615, 245, 13),
	(616, 245, 14),
	(617, 246, 6),
	(618, 246, 14),
	(619, 247, 7),
	(620, 247, 15),
	(621, 248, 8),
	(622, 248, 14),
	(623, 249, 1),
	(624, 249, 9),
	(625, 249, 12),
	(626, 250, 9),
	(627, 250, 12);

INSERT INTO `korisnik` (`id`, `ime`, `prezime`, `email`, `lozinka`, `adresa`, `grad`, `drzava`, `telefon`) VALUES
	(1, 'Niko', 'Bačak', 'stana65@example.com', '&*8GbkSqU81k', 'Jabukovac 6', 'Križevci', 'Hrvatska', '044 577 158'),
	(2, 'Janko', 'Bučar', 'djurdjica63@example.org', 'aG#rK3Mw%n%2', 'Radnički dol 1b/8', 'Oroslavje', 'Hrvatska', '0800 31 02'),
	(3, 'Aldo', 'Trnski', 'dejan06@example.com', 'ZN%e6VTcz)Fy', 'Mašekova 1b/7', 'Pula', 'Hrvatska', '074 013 362'),
	(4, 'Darko', 'Krznarić', 'berakovicmateo@example.org', 'Hk8+XnKb%H+T', 'Draškovićeva 9b', 'Grubišno Polje', 'Hrvatska', '095 5441 373'),
	(5, 'Slavica', 'Mikulčić', 'matea16@example.com', 'p6)WDpNc+aD8', 'Ksaver 7b/3', 'Makarska', 'Hrvatska', '072 985 509'),
	(6, 'Zora', 'Baričević', 'barbara01@example.com', 'A!0FKDIb&o*@', 'Visoka 6', 'Cres', 'Hrvatska', '072 874 755'),
	(7, 'Joso', 'Krpan', 'alen41@example.org', 's6%LQHX1^QvK', 'Zamenhofove 1a/1', 'Opuzen', 'Hrvatska', '074 465 529'),
	(8, 'Renata', 'Čuček', 'josipa54@example.com', 'f6q(Q(Xt@&s7', 'Vončinina 7b/7', 'Opatija', 'Hrvatska', '023 802 896'),
	(9, 'Martina', 'Karamarko', 'iterzic@example.net', 'BXVBeYgi%1Kj', 'Radnički dol 4b', 'Krapina', 'Hrvatska', '040 277 285'),
	(10, 'Suzana', 'Prelec', 'bruno88@example.com', 'gi8xPnuyF*Tl', 'Vinogradska 5b/0', 'Zlatar', 'Hrvatska', '047 115 363'),
	(11, 'Lea', 'Šarlija', 'fucekpetra@example.org', '!NO6OjHFw$uw', 'Šestinski vijenac 8c', 'Đurđevac', 'Hrvatska', '049 618 335'),
	(12, 'Lea', 'Šoštarić', 'dmirosavljevic@example.net', 'D+9B6)ld(@*Y', 'Paunovac 6a/3', 'Pleternica', 'Hrvatska', '048 816 803'),
	(13, 'Ema', 'Erceg', 'gordanahranic@example.com', 'DI1#sxUnnZLQ', 'Ksaver 2b', 'Popovača', 'Hrvatska', '0800 57 09'),
	(14, 'Jure', 'Kralj', 'severduje@example.com', '1i14WCFur)PS', 'Rokova 0b', 'Otok', 'Hrvatska', '031 546 180'),
	(15, 'Dora', 'Žabjačan', 'edzapo@example.com', '(org%T%xp8$L', 'Golubovac 3', 'Komiža', 'Hrvatska', '053 869 590'),
	(16, 'Romano', 'Borak', 'nmaricevic@example.org', '^0dI9K662vOv', 'Ribnjak 609', 'Opatija', 'Hrvatska', '044 764 299'),
	(17, 'Lara', 'Tuksar', 'antun12@example.org', '0!B(Sm+hGf1r', 'Mala 80', 'Knin', 'Hrvatska', '022 337 788'),
	(18, 'Marko', 'Jurić', 'qbasic@example.net', '^FJUXPwjq1t^', 'Jezuitski trg 85', 'Ogulin', 'Hrvatska', '031 744 599'),
	(19, 'Sara', 'Britvec', 'milan24@example.net', 'pP8DlOdK!qJv', 'Novi Goljak 4a/4', 'Krapina', 'Hrvatska', '051 372 942'),
	(20, 'Pero', 'Hardi', 'natasa04@example.com', '^2CAkSeG6nnP', 'Grič 28', 'Labin', 'Hrvatska', '033 399 940'),
	(21, 'Zorka', 'Lazar', 'tomislavsokac@example.org', '%VIZPHdj86k8', 'Medveščak 2b', 'Trilj', 'Hrvatska', '022 725 183'),
	(22, 'Janja', 'Bingula', 'mmartinic@example.com', 'K05ntlbf%!Is', 'Mašekova 9', 'Kastav', 'Hrvatska', '042 256 747'),
	(23, 'Danica', 'Lukša', 'esurbek@example.org', '(kCgOumy9rcH', 'Slavujevac 294', 'Donja Stubica', 'Hrvatska', '047 143 366'),
	(24, 'Jozo', 'Cvitan', 'sinisamatko@example.net', '@5BEkxNm+mQT', 'Gradec 353', 'Bjelovar', 'Hrvatska', '040 140 794'),
	(25, 'Igor', 'Dobrić', 'ygrgurevic@example.org', '+_!+I$!lKyH2', 'Klenovac 9c', 'Rijeka', 'Hrvatska', '092 8834 536'),
	(26, 'Nada', 'Andrijašević', 'viktor91@example.com', 'a7MZT#*zu)2S', 'Kozarčev vijenac 3c/5', 'Otočac', 'Hrvatska', '020 650 331'),
	(27, 'Ivan', 'Legović', 'leskovicmara@example.org', '_4)w(%S+0eAA', 'Bijenička 8b', 'Ozalj', 'Hrvatska', '01 5298 814'),
	(28, 'Lana', 'Stančin', 'stefovicmara@example.net', '!9%bLIu_D0Zy', 'Jurjevska 53', 'Rovinj', 'Hrvatska', '049 834 763'),
	(29, 'Dražen', 'Kukučka', 'pedisicluka@example.org', 'M#17PeiL%7g1', 'Nova Ves 7', 'Skradin', 'Hrvatska', '049 981 137'),
	(30, 'Hana', 'Begonja', 'opeharda@example.net', 'y(atyLrS&%3Q', 'Perivoj srpanjskih žrtava 297', 'Vrbovec', 'Hrvatska', '074 554 558'),
	(31, 'Jozo', 'Marin', 'gmatijevic@example.org', '#4$N)TiRFI0J', 'Krležin gvozd 2c', 'Vrbovsko', 'Hrvatska', '060 868 147'),
	(32, 'Joso', 'Bušljeta', 'elvis78@example.net', 'iHrIxaBp&+7%', 'Ribnjak 841', 'Đakovo', 'Hrvatska', '047 319 128'),
	(33, 'Toni', 'Bunčić', 'gbarbieri@example.org', '_4lb+cIwV&*5', 'Palmotićeva 6', 'Prelog', 'Hrvatska', '097 9650 295'),
	(34, 'Sara', 'Horak', 'fuma01@example.org', 'Nw7TtlMsb_Wy', 'Rokova 4a/2', 'Belišće', 'Hrvatska', '098 6055 873'),
	(35, 'Rudolf', 'Harapin', 'vera26@example.org', '*CEM+2wyW2%K', 'Horvatovac 1b/9', 'Sveta Nedelja', 'Hrvatska', '053 526 634'),
	(36, 'Snježana', 'Smolić', 'ekarlovic@example.com', '&1IO^NAJaPER', 'Vijenac 31', 'Ludbreg', 'Hrvatska', '097 5104 956'),
	(37, 'Željko', 'Radelić', 'grgureviclovro@example.org', '#4Bzyr!yO&&X', 'Hercegovačka 703', 'Komiža', 'Hrvatska', '020 867 568'),
	(38, 'Leon', 'Šošić', 'marticelvis@example.org', '%ahP3Hy$UHUm', 'Orlovac 1', 'Karlovac', 'Hrvatska', '042 752 147'),
	(39, 'Matea', 'Stipanović', 'darojkovicjoso@example.net', '!jsIajdVW1YX', 'Palmotićeva 630', 'Vrgorac', 'Hrvatska', '040 707 096'),
	(40, 'Vladimir', 'Vugdelija', 'pero11@example.org', '$W_ExIucId2K', 'Voćarsko naselje 7', 'Vrbovsko', 'Hrvatska', '033 548 608'),
	(41, 'Petra', 'Čop', 'stjepanmiklecic@example.net', '9a#y&JWhn^j3', 'Lobmayerove 6', 'Beli Manastir', 'Hrvatska', '044 307 639'),
	(42, 'Laura', 'Mamula', 'zrojnic@example.net', 'P!Rl2Ptk*8RH', 'Ksaverska 6a/4', 'Osijek', 'Hrvatska', '020 193 981'),
	(43, 'Danijela', 'Matijević', 'sakacvlado@example.com', 'P@1Ff8n6ow7N', 'Voćarska 74', 'Obrovac', 'Hrvatska', '092 9892 994'),
	(44, 'Anica', 'Vozila', 'jdamijanic@example.net', '^cH0QwBtp52n', 'Zamenhofova 9b', 'Vrgorac', 'Hrvatska', '047 243 333'),
	(45, 'Jele', 'Peterlik', 'tzunec@example.org', 'm@#($bpIg4bB', 'Naumovac 5a', 'Supetar', 'Hrvatska', '047 021 379'),
	(46, 'Tomislav', 'Matas', 'eturk@example.com', 'w0D&ah!r*2kU', 'Goljak 2c', 'Prelog', 'Hrvatska', '049 529 044'),
	(47, 'Jasminka', 'Lukinić', 'marijanovicbara@example.org', 'SSuEgYtxaz)1', 'Zamenhofove 8a/2', 'Grubišno Polje', 'Hrvatska', '091 1652 617'),
	(48, 'Alen', 'Cafuk', 'leon47@example.net', 'f7O2f+J*^10T', 'Klanac Grgura Tepečića 5a/1', 'Buzet', 'Hrvatska', '033 464 660'),
	(49, 'Željko', 'Abramović', 'simunicbozo@example.com', 'r)2uK8_cGL&f', 'Male 0a', 'Novi Vinodolski', 'Hrvatska', '095 8146 822'),
	(50, 'Toni', 'Čizmić', 'zbicak@example.net', 'tR1LVClr1@cV', 'Mesnička 431', 'Buje', 'Hrvatska', '091 6395 357'),
	(51, 'Jure', 'Šimunović', 'orlicanica@example.com', 'EBgDIwo+M$1f', 'Kamaufova 6b', 'Benkovac', 'Hrvatska', '042 620 605'),
	(52, 'Marko', 'Kelić', 'andjelaozimec@example.net', 'gglO3!Pa+j&k', 'Palmotićeva 9a/5', 'Novi Marof', 'Hrvatska', '049 018 322'),
	(53, 'Tomo', 'Marić', 'antonija84@example.com', 'WbD&kPd&QI7Y', 'Mala 4b/3', 'Nova Gradiška', 'Hrvatska', '023 618 100'),
	(54, 'Jana', 'Petričević', 'cvenicalen@example.com', '5km1KeZg_BOr', 'Vijenac 2', 'Vinkovci', 'Hrvatska', '047 624 679'),
	(55, 'Jasminka', 'Bolčević', 'jana32@example.org', '1@SD1C5hU14%', 'Zmajevac 4b/9', 'Belišće', 'Hrvatska', '052 349 888'),
	(56, 'Ivanka', 'Pokos', 'natasa35@example.com', 'X!mU8XEfpI9S', 'Arnoldova 4a', 'Zaprešić', 'Hrvatska', '031 608 224'),
	(57, 'Terezija', 'Čižmešija', 'tbarkovic@example.net', '!XmI8aPz@RBk', 'Ksaver 8b/6', 'Zadar', 'Hrvatska', '053 629 061'),
	(58, 'Mile', 'Barišić', 'vladimirorsos@example.com', 'Pe10P6wvk5%(', 'Kraljevečki ogranak 0a/1', 'Dugo Selo', 'Hrvatska', '048 200 996'),
	(59, 'Vjekoslav', 'Božanić', 'karlabogdan@example.org', '7eL#5%Pl+w6R', 'Ksaver 5c', 'Skradin', 'Hrvatska', '049 166 105'),
	(60, 'Božo', 'Bošnjaković', 'matejabarbir@example.org', 'X(Y5Gh$r3xwS', 'Ksaverska 6b', 'Umag', 'Hrvatska', '051 419 142'),
	(61, 'Dragica', 'Šarić', 'stefica88@example.org', '4H9+m5eiP@t+', 'Vlaška 1b', 'Kraljevica', 'Hrvatska', '095 7255 143'),
	(62, 'Martina', 'Jaković', 'predovanivan@example.com', 'jG^yhYiWk9N4', 'Svibovac 6', 'Ivanić-Grad', 'Hrvatska', '023 339 718'),
	(63, 'Jasminka', 'Marasović', 'jbozanovic@example.org', 'utPkfrzFn8S)', 'Istarska 80', 'Labin', 'Hrvatska', '074 841 529'),
	(64, 'Vedran', 'Merkaš', 'franjo25@example.net', 'a6yl32Vw%74%', 'Kraljevečki ogranak 3a', 'Slunj', 'Hrvatska', '098 0379 621'),
	(65, 'Mijo', 'Ljubičić', 'jakusana@example.com', 'dj$)7V5wC+oR', 'Voćarska 8b', 'Vrbovsko', 'Hrvatska', '074 104 943'),
	(66, 'Bara', 'Lisica', 'zagarmato@example.net', 'U^SUUoTfED*3', 'Podgaj 5b', 'Sveta Nedelja', 'Hrvatska', '040 849 426'),
	(67, 'Zlatko', 'Knezović', 'nikolabencic@example.com', '^T7YHSsY9gu1', 'Lisinskoga 221', 'Otočac', 'Hrvatska', '098 6276 655'),
	(68, 'Milena', 'Zrinski', 'damirgracin@example.com', '^5BI$Orq%3aX', 'Tuškanac 901', 'Valpovo', 'Hrvatska', '099 1396 931'),
	(69, 'David', 'Glavan', 'ttrgovcic@example.com', 'y_5y3OxDinr+', 'Višnjica 1', 'Pula', 'Hrvatska', '049 939 519'),
	(70, 'Zvonko', 'Miletić', 'czabjacan@example.org', 'U$$8A7tLhMRn', 'Ribnjak 6a', 'Čakovec', 'Hrvatska', '043 634 389'),
	(71, 'Vera', 'Jureško', 'jelenasurina@example.net', '+I3Z_qq83N8v', 'Naumovac 46', 'Mursko Središće', 'Hrvatska', '092 1431 335'),
	(72, 'Saša', 'Mihelčić', 'branka58@example.org', '(c2PWLs+S&2b', 'Tkalčićeva 1c/3', 'Novi Marof', 'Hrvatska', '092 1905 599'),
	(73, 'Anica', 'Bojanić', 'galesicnenad@example.com', '44JP6ZaF#PEf', 'Jagodnjak 7b/2', 'Čakovec', 'Hrvatska', '042 307 031'),
	(74, 'Mate', 'Madunić', 'branko19@example.net', 'ZJ_S^MRk@QN4', 'Dvoranski prečac 129', 'Pag', 'Hrvatska', '052 655 041'),
	(75, 'Lovro', 'Vučković', 'evuckovic@example.org', 'h1IfsyPA*t19', 'Nova Ves 4', 'Velika Gorica', 'Hrvatska', '047 191 454'),
	(76, 'Jana', 'Komar', 'kopjarmara@example.com', '1kJ181WvH@z%', 'Kozarčev vijenac 8c/3', 'Daruvar', 'Hrvatska', '095 6152 358'),
	(77, 'Davor', 'Božić', 'mirkohrastinski@example.net', '+6SZPtYD16Vv', 'Vrazovo šetalište 0b/2', 'Našice', 'Hrvatska', '072 732 068'),
	(78, 'Lana', 'Bučanac', 'zilijic@example.com', 'a!05Dksni%oJ', 'Opatička 4b/1', 'Varaždinske Toplice', 'Hrvatska', '033 538 934'),
	(79, 'Damir', 'Čizmić', 'matejpetrovic@example.net', '@7%*CRum&1t*', 'Hercegovačka 4a/2', 'Omiš', 'Hrvatska', '035 366 901'),
	(80, 'Marko', 'Šeparović', 'matosevicjosipa@example.net', '^aR2#NSbzOoI', 'Goljak 4a', 'Pleternica', 'Hrvatska', '042 344 484'),
	(81, 'Martin', 'Čudić', 'rgalic@example.net', '!Ge2IbPjVk3z', 'Streljačka 8', 'Zaprešić', 'Hrvatska', '072 641 825'),
	(82, 'Sanja', 'Simić', 'lovrosever@example.com', '18+SIuBp!jAs', 'Medvedgradska 3a/1', 'Zagreb', 'Hrvatska', '035 659 411'),
	(83, 'Jadranka', 'Cvetnić', 'bozica77@example.org', 'T02HV+gd+x!W', 'Dolac 2b', 'Kutjevo', 'Hrvatska', '053 357 147'),
	(84, 'Laura', 'Stiperski', 'marinaozimec@example.org', '04*7*Ib3E_rA', 'Kamenita 0c', 'Dubrovnik', 'Hrvatska', '035 435 041'),
	(85, 'Igor', 'Pavić', 'bruno58@example.net', '&Eoh!5Ey5LSL', 'Vrazovo šetalište 4', 'Osijek', 'Hrvatska', '052 041 804'),
	(86, 'Tomo', 'Forjan', 'vuckovicdavor@example.com', '#zO2tpjjt8eO', 'Rikardove 7', 'Trogir', 'Hrvatska', '099 9167 213'),
	(87, 'Dominik', 'Vozila', 'vjekoslavurlic@example.net', 'k@p4C$9o8MVd', 'Skalinska 3a', 'Orahovica', 'Hrvatska', '01 3904 707'),
	(88, 'Dino', 'Šverko', 'xstosic@example.org', '3cRG2jTapx^&', 'Skalinska 9c/6', 'Knin', 'Hrvatska', '043 556 749'),
	(89, 'Vlado', 'Kuveždić', 'barbaramarkovic@example.net', '*pAEn6gFh8bT', 'Javorovac 3a/7', 'Benkovac', 'Hrvatska', '035 312 065'),
	(90, 'Kristijan', 'Poropat', 'bmihelcic@example.net', 'GP94LuZ76%tk', 'Lobmayerove 1b/7', 'Nova Gradiška', 'Hrvatska', '01 3139 470'),
	(91, 'Ivica', 'Brandić', 'gfucek@example.net', '5JIBkljp)E7$', 'Hercegovačka 6c', 'Pleternica', 'Hrvatska', '023 295 571'),
	(92, 'Viktor', 'Maraš', 'cindricnatasa@example.org', '*8J9IPl$F&PR', 'Šestinski vijenac 4a', 'Zadar', 'Hrvatska', '060 473 160'),
	(93, 'Božena', 'Žabjačan', 'snjezana10@example.com', '+0ASbhrWo2Tv', 'Visoka 1', 'Opatija', 'Hrvatska', '060 525 688'),
	(94, 'Toni', 'Šipek', 'vesnadebelic@example.net', '%d6QVMIoq6^p', 'Mirogojska 1a/5', 'Čazma', 'Hrvatska', '048 198 805'),
	(95, 'Josipa', 'Bogdan', 'milasivka@example.net', 'u#9SzmEzXWfm', 'Davor 7b', 'Korčula', 'Hrvatska', '0800 94 69'),
	(96, 'Hrvoje', 'Leščić', 'vrbanivana@example.org', 'E6eY3GMlBM#P', 'Mala 2a', 'Vrgorac', 'Hrvatska', '092 7637 017'),
	(97, 'Goran', 'Tonc', 'mirjana20@example.net', '5dtOoWyr%%y%', 'Kraljevec 2a/4', 'Varaždinske Toplice', 'Hrvatska', '092 7258 391'),
	(98, 'Nevenka', 'Božanović', 'mileklarin@example.org', 'uJ7*@Hvt1YW1', 'Cmrok 0b', 'Vodnjan', 'Hrvatska', '022 245 772'),
	(99, 'Tomo', 'Čotić', 'bslavica@example.org', 'yn%Xu$wud6v!', 'Kraljevec II. 1b', 'Cres', 'Hrvatska', '034 315 776'),
	(100, 'Mia', 'Rašeta', 'mijomilovac@example.com', 'BN2u1csw&DhS', 'Dvoranski prečac 3a', 'Umag', 'Hrvatska', '060 740 678'),
	(101, 'Iva', 'Jovanovac', 'rokobrlek@example.com', 'ph7X8VfvQzf%', 'Rokova 8c', 'Umag', 'Hrvatska', '091 1902 260'),
	(102, 'Jasminka', 'Pandurić', 'mbicanic@example.org', '*$3%5aJhYM#%', 'Ilica 8b', 'Nova Gradiška', 'Hrvatska', '074 233 977'),
	(103, 'Tea', 'Mužić', 'cudicpetra@example.com', '+2YEoXY$@J1c', 'Visoka 33', 'Beli Manastir', 'Hrvatska', '099 6744 929'),
	(104, 'Branko', 'Bojanić', 'jurajvrabelj@example.com', '(8+rT0+l4Q@E', 'Tuškanac 6a', 'Rab', 'Hrvatska', '060 487 729'),
	(105, 'Siniša', 'Modrić', 'sturlanvalentina@example.net', 'Hrhe0X^yzc_8', 'Podgaj 1b/9', 'Mali Lošinj', 'Hrvatska', '020 540 321'),
	(106, 'Filip', 'Josipović', 'gkramaric@example.org', 'y@wHOtB(49N4', 'Kamaufova 6c/7', 'Imotski', 'Hrvatska', '040 907 795'),
	(107, 'Nenad', 'Vela', 'dragan68@example.com', 'T!zq3JMh)$8F', 'Srebrnjak 0', 'Kaštela', 'Hrvatska', '043 088 635'),
	(108, 'Jasna', 'Zeba', 'barbaracucek@example.org', 'L!HW4vSiGWxG', 'Jurjeve 6a/8', 'Beli Manastir', 'Hrvatska', '044 802 136'),
	(109, 'Martin', 'Marjanović', 'denis27@example.net', '16(j1WkY*EYo', 'Kamaufova 82', 'Buje', 'Hrvatska', '022 627 151'),
	(110, 'Julijana', 'Batrac', 'vukusicdalibor@example.net', '@#hv+KTd$L74', 'Glogovac 4a', 'Orahovica', 'Hrvatska', '049 279 239'),
	(111, 'Jasna', 'Orbanić', 'kvozila@example.com', ')JgslLUKC2Gc', 'Hercegovačka 2b/7', 'Pleternica', 'Hrvatska', '01 4139 357'),
	(112, 'Dalibor', 'Miočić', 'gligoraigor@example.com', 'XVg7C5KoGu(X', 'Kožarska 1c/0', 'Čakovec', 'Hrvatska', '049 666 782'),
	(113, 'Marko', 'Viljevac', 'fpamic@example.org', 'mzfFTifl)3Ge', 'Jurjevska 4', 'Belišće', 'Hrvatska', '052 079 721'),
	(114, 'Mira', 'Hadžić', 'yjugovac@example.net', 'a^D8lWm_lrYc', 'Gornje Prekrižje 42', 'Mursko Središće', 'Hrvatska', '049 308 517'),
	(115, 'Željka', 'Crevar', 'mskrnicki@example.org', '^Dh#l!8Am4UQ', 'Bakačeva 0c/7', 'Dubrovnik', 'Hrvatska', '033 852 192'),
	(116, 'Juraj', 'Jakupić', 'miaspoljaric@example.com', 'Y7_kZshpOpW2', 'Šestinski vijenac 0a', 'Biograd na Moru', 'Hrvatska', '040 213 224'),
	(117, 'Nenad', 'Sabol', 'fmihalic@example.net', '2(x%Q3Rcug9B', 'Slavujevac 9c/8', 'Novi Marof', 'Hrvatska', '092 3680 765'),
	(118, 'Janja', 'Ušić', 'katabalincic@example.com', 'v&$&@8henOs1', 'Svibovac 0c', 'Popovača', 'Hrvatska', '021 947 216'),
	(119, 'Ružica', 'Škrlin', 'psipic@example.org', 'usV2FJi@^9G&', 'Rockefellerova 0b', 'Mali Lošinj', 'Hrvatska', '044 286 577'),
	(120, 'Ilija', 'Bogdan', 'dominik95@example.org', 'c(ysGoxbGg5$', 'Visoka 7b/9', 'Sinj', 'Hrvatska', '033 987 287'),
	(121, 'Mateo', 'Trgovčić', 'juraj42@example.com', '#8&A1c(e#koY', 'Davor 424', 'Velika Gorica', 'Hrvatska', '047 144 894'),
	(122, 'Pavao', 'Ladavac', 'stipanovicbozica@example.net', 'y$z%oYa@Y6Oy', 'Nova Ves 046', 'Čabar', 'Hrvatska', '032 727 907'),
	(123, 'Nina', 'Jurčić', 'bozo29@example.net', '(2HHq9W5fsNh', 'Paunovac 7a/7', 'Obrovac', 'Hrvatska', '048 877 697'),
	(124, 'Katarina', 'Veić', 'fpokos@example.com', '(M5kHTfty(nq', 'Ksaver 6a/9', 'Solin', 'Hrvatska', '049 593 984'),
	(125, 'Branko', 'Vranić', 'nikapercic@example.net', '^CP1FivN)^mL', 'Demetrova 1c', 'Novalja', 'Hrvatska', '032 589 345'),
	(126, 'Milica', 'Kokorić', 'ankasolomun@example.net', '^6plH&CfXai(', 'Zmajevac 355', 'Beli Manastir', 'Hrvatska', '095 0427 131'),
	(127, 'Saša', 'Smolić', 'rajcicdario@example.net', '3_88x0Fdw@w*', 'Rokova 6a/9', 'Vukovar', 'Hrvatska', '032 816 792'),
	(128, 'Ane', 'Ribarić', 'slavicabicanic@example.net', '4pOgYtb%%0^J', 'Jezuitski trg 8', 'Novi Marof', 'Hrvatska', '034 049 744'),
	(129, 'Erik', 'Hršak', 'ante55@example.org', '!8YMYj1A$5d&', 'Bučarova 3b', 'Trilj', 'Hrvatska', '099 7914 717'),
	(130, 'Mijo', 'Peroš', 'jseparovic@example.com', '5+DP78t_$h_n', 'Klesarski put 8', 'Ludbreg', 'Hrvatska', '033 584 759'),
	(131, 'Milka', 'Krpan', 'ncafuk@example.net', '87&yWoec(rxI', 'Pantovčak 764', 'Šibenik', 'Hrvatska', '035 561 117'),
	(132, 'Matija', 'Palić', 'matogulan@example.org', 'wb)lcFaHv^5l', 'Golubovac 3b/9', 'Orahovica', 'Hrvatska', '074 358 716'),
	(133, 'Rudolf', 'Vidas', 'barbirmarin@example.net', '&0+^Zvcg0A_R', 'Jagodnjak 3', 'Korčula', 'Hrvatska', '034 649 314'),
	(134, 'Janko', 'Dautović', 'skukucka@example.com', '(+9g@CQ+$8xE', 'Krvavi most 0a', 'Slatina', 'Hrvatska', '099 5358 844'),
	(135, 'Lara', 'Šinković', 'gjovic@example.com', '!YzPtLqtz5B9', 'Mirogojska 1c/4', 'Novska', 'Hrvatska', '031 714 356'),
	(136, 'Mladen', 'Žeželić', 'bebicane@example.net', '6t3#jBV)_&*D', 'Višnjičke 1c/6', 'Sinj', 'Hrvatska', '098 0603 158'),
	(137, 'Vlado', 'Kresonja', 'nenadcudic@example.net', 'F3TticzT#VDr', 'Rokov perivoj 2b/2', 'Lipik', 'Hrvatska', '034 374 920'),
	(138, 'Iva', 'Pikec', 'snjezanabursic@example.com', 'bh&cUukH)%6a', 'Naumovac 4b/0', 'Cres', 'Hrvatska', '099 8117 870'),
	(139, 'Janko', 'Špoljarić', 'andja75@example.com', 'Ggl8ZvHv^Kdq', 'Ružičnjak 4a/4', 'Delnice', 'Hrvatska', '052 524 827'),
	(140, 'Roko', 'Kinkela', 'ivicamikulcic@example.org', '@$N7(G!AnapU', 'Kurelčeva 9c', 'Opatija', 'Hrvatska', '022 595 731'),
	(141, 'Stjepan', 'Forjan', 'jakovstipanovic@example.net', '^wbYSvmL^6pK', 'Kozarčev vijenac 26', 'Hvar', 'Hrvatska', '033 346 021'),
	(142, 'Ivanka', 'Ričko', 'skrzelj@example.com', 'zjUZMGluB)4y', 'Demetrova 6c', 'Požega', 'Hrvatska', '031 845 528'),
	(143, 'Tea', 'Hrastinski', 'elizabetavitasovic@example.com', '%cVX0YckrX#&', 'Bučarova 0b', 'Ivanec', 'Hrvatska', '020 304 073'),
	(144, 'Andrija', 'Vincetić', 'zlatkobaricevic@example.org', 'WKvLgtWF*@0J', 'Palmotićeva 8', 'Split', 'Hrvatska', '099 9399 292'),
	(145, 'Anita', 'Balatinac', 'davor32@example.net', 'OX2VRArRw_Vl', 'Krvavi most 27', 'Senj', 'Hrvatska', '021 053 271'),
	(146, 'Gordana', 'Licul', 'gzabjacan@example.com', '%z+U49Ua7gOW', 'Jurjevska 9b/8', 'Križevci', 'Hrvatska', '01 8095 297'),
	(147, 'Mile', 'Balinčić', 'zora77@example.net', 'L)ULTiv4$0Z&', 'Svibovac 4a/5', 'Beli Manastir', 'Hrvatska', '023 514 292'),
	(148, 'Andrija', 'Franušić', 'lorena89@example.org', 'qhSYo^z#_12q', 'Svibovac 4a', 'Zadar', 'Hrvatska', '092 7595 202'),
	(149, 'Davor', 'Šalić', 'mate63@example.com', '#(g+HojS3MaV', 'Vinogradska 93', 'Nin', 'Hrvatska', '043 903 952'),
	(150, 'Kate', 'Baljak', 'anegalic@example.net', '(1wWOj7vAq1B', 'Goljačke 7a', 'Ploče', 'Hrvatska', '023 368 414');

INSERT INTO `narudzba` (`id`, `korisnik_id`, `datum`, `status`, `ukupni_iznos`, `nacin_placanja`) VALUES
	(1, 7, '2025-01-02 08:15:10', 'isporučeno', 9900, 'kreditna kartica'),
	(2, 2, '2025-01-05 09:11:45', 'na čekanju', 44700, 'pouzeće'),
	(3, 15, '2025-01-08 10:05:33', 'isporučeno', 76600, 'bankovni transfer'),
	(4, 2, '2025-01-10 11:44:02', 'otkazano', 32800, 'kreditna kartica'),
	(5, 23, '2025-01-13 12:18:27', 'isporučeno', 65800, 'pouzeće'),
	(6, 7, '2025-01-15 13:55:12', 'isporučeno', 60500, 'bankovni transfer'),
	(7, 31, '2025-01-18 14:33:50', 'na čekanju', 79000, 'kreditna kartica'),
	(8, 8, '2025-01-20 16:21:09', 'isporučeno', 56100, 'pouzeće'),
	(9, 19, '2025-01-22 17:10:44', 'isporučeno', 400, 'bankovni transfer'),
	(10, 4, '2025-01-25 18:47:36', 'isporučeno', 8400, 'kreditna kartica'),
	(11, 12, '2025-01-26 09:00:00', 'isporučeno', 28500, 'pouzeće'),
	(12, 5, '2025-01-27 10:30:00', 'na čekanju', 63300, 'kreditna kartica'),
	(13, 3, '2025-01-28 11:45:00', 'isporučeno', 36400, 'bankovni transfer'),
	(14, 8, '2025-01-29 14:00:00', 'otkazano', 77000, 'pouzeće'),
	(15, 21, '2025-01-30 15:15:00', 'isporučeno', 30000, 'kreditna kartica'),
	(16, 1, '2025-02-02 09:30:00', 'isporučeno', 65400, 'bankovni transfer'),
	(17, 6, '2025-02-03 10:45:00', 'na čekanju', 71700, 'pouzeće'),
	(18, 9, '2025-02-04 11:00:00', 'isporučeno', 46940, 'kreditna kartica'),
	(19, 4, '2025-02-05 12:15:00', 'otkazano', 57500, 'bankovni transfer'),
	(20, 15, '2025-02-06 13:30:00', 'isporučeno', 117000, 'pouzeće'),
	(21, 22, '2025-02-07 14:45:00', 'isporučeno', 18100, 'kreditna kartica'),
	(22, 3, '2025-02-08 15:00:00', 'na čekanju', 132100, 'bankovni transfer'),
	(23, 7, '2025-02-09 16:15:00', 'isporučeno', 94000, 'pouzeće'),
	(24, 11, '2025-02-10 17:30:00', 'isporučeno', 20600, 'kreditna kartica'),
	(25, 18, '2025-02-11 18:00:00', 'otkazano', 205500, 'pouzeće'),
	(26, 14, '2025-02-12 09:15:00', 'isporučeno', 7200, 'bankovni transfer'),
	(27, 2, '2025-02-13 10:30:00', 'isporučeno', 58300, 'kreditna kartica'),
	(28, 6, '2025-02-14 11:45:00', 'na čekanju', 37100, 'pouzeće'),
	(29, 19, '2025-02-15 13:00:00', 'isporučeno', 117700, 'bankovni transfer'),
	(30, 8, '2025-02-16 14:15:00', 'isporučeno', 49700, 'kreditna kartica'),
	(31, 3, '2025-02-17 15:30:00', 'otkazano', 2100, 'pouzeće'),
	(32, 12, '2025-02-18 16:45:00', 'isporučeno', 30800, 'bankovni transfer'),
	(33, 5, '2025-02-19 18:00:00', 'isporučeno', 91500, 'kreditna kartica'),
	(34, 15, '2025-02-20 09:15:00', 'na čekanju', 85200, 'pouzeće'),
	(35, 22, '2025-02-21 10:30:00', 'isporučeno', 71300, 'bankovni transfer'),
	(36, 1, '2025-02-22 11:45:00', 'isporučeno', 2700, 'kreditna kartica'),
	(37, 9, '2025-02-23 13:00:00', 'otkazano', 28500, 'pouzeće'),
	(38, 14, '2025-02-24 14:15:00', 'isporučeno', 85500, 'bankovni transfer'),
	(39, 7, '2025-02-25 15:30:00', 'isporučeno', 22000, 'kreditna kartica'),
	(40, 18, '2025-02-26 16:45:00', 'na čekanju', 22800, 'pouzeće'),
	(41, 3, '2025-02-27 18:00:00', 'isporučeno', 2700, 'bankovni transfer'),
	(42, 11, '2025-02-28 09:15:00', 'isporučeno', 18100, 'kreditna kartica'),
	(43, 2, '2025-03-01 10:30:00', 'otkazano', 45940, 'pouzeće'),
	(44, 6, '2025-03-02 11:45:00', 'isporučeno', 117000, 'bankovni transfer'),
	(45, 15, '2025-03-03 13:00:00', 'isporučeno', 12000, 'kreditna kartica'),
	(46, 22, '2025-03-04 14:15:00', 'na čekanju', 25400, 'pouzeće'),
	(47, 1, '2025-03-05 15:30:00', 'isporučeno', 165500, 'bankovni transfer'),
	(48, 8, '2025-03-06 16:45:00', 'isporučeno', 135400, 'kreditna kartica'),
	(49, 19, '2025-03-07 18:00:00', 'otkazano', 8800, 'pouzeće'),
	(50, 14, '2025-03-08 09:15:00', 'isporučeno', 108800, 'bankovni transfer'),
	(51, 3, '2025-03-09 10:30:00', 'isporučeno', 89260, 'kreditna kartica'),
	(52, 7, '2025-03-10 11:45:00', 'na čekanju', 5000, 'pouzeće'),
	(53, 12, '2025-03-11 13:00:00', 'isporučeno', 101000, 'bankovni transfer'),
	(54, 5, '2025-03-12 14:15:00', 'isporučeno', 67000, 'kreditna kartica'),
	(55, 18, '2025-03-13 15:30:00', 'otkazano', 48300, 'pouzeće'),
	(56, 15, '2025-03-14 16:45:00', 'isporučeno', 98000, 'bankovni transfer'),
	(57, 22, '2025-03-15 18:00:00', 'isporučeno', 96840, 'kreditna kartica'),
	(58, 1, '2025-03-16 09:15:00', 'na čekanju', 7380, 'pouzeće'),
	(59, 9, '2025-03-17 10:30:00', 'isporučeno', 25100, 'bankovni transfer'),
	(60, 14, '2025-03-18 11:45:00', 'isporučeno', 96900, 'kreditna kartica'),
	(61, 3, '2025-03-19 13:00:00', 'otkazano', 171600, 'pouzeće'),
	(62, 11, '2025-03-20 14:15:00', 'isporučeno', 23000, 'bankovni transfer'),
	(63, 2, '2025-03-21 15:30:00', 'isporučeno', 89100, 'kreditna kartica'),
	(64, 6, '2025-03-22 16:45:00', 'na čekanju', 28500, 'pouzeće'),
	(65, 15, '2025-03-23 18:00:00', 'isporučeno', 71350, 'bankovni transfer'),
	(66, 22, '2025-03-24 09:15:00', 'isporučeno', 2300, 'kreditna kartica'),
	(67, 1, '2025-03-25 10:30:00', 'otkazano', 32700, 'pouzeće'),
	(68, 7, '2025-03-26 11:45:00', 'isporučeno', 110000, 'bankovni transfer'),
	(69, 19, '2025-03-27 13:00:00', 'isporučeno', 104900, 'kreditna kartica'),
	(70, 8, '2025-03-28 14:15:00', 'na čekanju', 28500, 'pouzeće'),
	(71, 3, '2025-03-29 15:30:00', 'isporučeno', 3040, 'bankovni transfer'),
	(72, 12, '2025-03-30 16:45:00', 'isporučeno', 155240, 'kreditna kartica'),
	(73, 5, '2025-03-31 18:00:00', 'otkazano', 9550, 'pouzeće'),
	(74, 15, '2025-04-01 09:15:00', 'isporučeno', 74400, 'bankovni transfer'),
	(75, 22, '2025-04-02 10:30:00', 'isporučeno', 32100, 'kreditna kartica'),
	(76, 1, '2025-04-03 11:45:00', 'na čekanju', 24800, 'pouzeće'),
	(77, 9, '2025-04-04 13:00:00', 'isporučeno', 74400, 'bankovni transfer'),
	(78, 14, '2025-04-05 14:15:00', 'isporučeno', 31600, 'kreditna kartica'),
	(79, 18, '2025-04-06 15:30:00', 'otkazano', 98860, 'pouzeće'),
	(80, 15, '2025-04-07 16:45:00', 'isporučeno', 72400, 'bankovni transfer'),
	(81, 22, '2025-04-08 18:00:00', 'isporučeno', 126800, 'kreditna kartica'),
	(82, 1, '2025-04-09 09:15:00', 'na čekanju', 143400, 'pouzeće'),
	(83, 3, '2025-04-10 10:30:00', 'isporučeno', 109840, 'bankovni transfer'),
	(84, 14, '2025-04-11 11:45:00', 'isporučeno', 4200, 'kreditna kartica'),
	(85, 11, '2025-04-12 13:00:00', 'otkazano', 58900, 'pouzeće'),
	(86, 2, '2025-04-13 14:15:00', 'isporučeno', 182100, 'bankovni transfer'),
	(87, 6, '2025-04-14 15:30:00', 'isporučeno', 55100, 'kreditna kartica'),
	(88, 15, '2025-04-15 16:45:00', 'na čekanju', 9000, 'pouzeće'),
	(89, 22, '2025-04-16 18:00:00', 'isporučeno', 136200, 'bankovni transfer'),
	(90, 1, '2025-04-17 09:15:00', 'isporučeno', 114800, 'kreditna kartica'),
	(91, 7, '2025-04-18 10:30:00', 'otkazano', 97800, 'pouzeće'),
	(92, 19, '2025-04-19 11:45:00', 'isporučeno', 129800, 'bankovni transfer'),
	(93, 8, '2025-04-20 13:00:00', 'isporučeno', 9800, 'kreditna kartica'),
	(94, 3, '2025-04-21 14:15:00', 'na čekanju', 62300, 'pouzeće'),
	(95, 12, '2025-04-22 15:30:00', 'isporučeno', 54200, 'bankovni transfer'),
	(96, 5, '2025-04-23 16:45:00', 'isporučeno', 71600, 'kreditna kartica'),
	(97, 15, '2025-04-24 18:00:00', 'otkazano', 26500, 'pouzeće'),
	(98, 22, '2025-04-25 09:15:00', 'isporučeno', 21000, 'bankovni transfer'),
	(99, 1, '2025-04-26 10:30:00', 'isporučeno', 63000, 'kreditna kartica'),
	(100, 6, '2025-04-27 11:45:00', 'na čekanju', 90450, 'pouzeće'),
	(101, 19, '2025-04-28 13:00:00', 'isporučeno', 49300, 'bankovni transfer'),
	(102, 14, '2025-04-29 14:15:00', 'isporučeno', 87400, 'kreditna kartica'),
	(103, 18, '2025-04-30 15:30:00', 'otkazano', 143700, 'pouzeće'),
	(104, 15, '2025-05-01 16:45:00', 'isporučeno', 29500, 'bankovni transfer'),
	(105, 22, '2025-05-02 18:00:00', 'isporučeno', 139200, 'kreditna kartica'),
	(106, 1, '2025-05-03 09:15:00', 'na čekanju', 21200, 'pouzeće'),
	(107, 3, '2025-05-04 10:30:00', 'isporučeno', 102900, 'bankovni transfer'),
	(108, 14, '2025-05-05 11:45:00', 'isporučeno', 38500, 'kreditna kartica'),
	(109, 11, '2025-05-06 13:00:00', 'otkazano', 78350, 'pouzeće'),
	(110, 2, '2025-05-07 14:15:00', 'isporučeno', 8400, 'bankovni transfer'),
	(111, 6, '2025-05-08 15:30:00', 'isporučeno', 134800, 'kreditna kartica'),
	(112, 15, '2025-05-09 16:45:00', 'na čekanju', 99000, 'pouzeće'),
	(113, 22, '2025-05-10 18:00:00', 'isporučeno', 920, 'bankovni transfer'),
	(114, 1, '2025-05-11 09:15:00', 'isporučeno', 85000, 'kreditna kartica'),
	(115, 7, '2025-05-12 10:30:00', 'otkazano', 51900, 'pouzeće'),
	(116, 19, '2025-05-13 11:45:00', 'isporučeno', 35200, 'bankovni transfer'),
	(117, 8, '2025-05-14 13:00:00', 'isporučeno', 4800, 'kreditna kartica'),
	(118, 3, '2025-05-15 14:15:00', 'na čekanju', 181700, 'pouzeće'),
	(119, 12, '2025-05-16 15:30:00', 'isporučeno', 38500, 'bankovni transfer'),
	(120, 5, '2025-05-17 16:45:00', 'isporučeno', 37500, 'kreditna kartica'),
	(121, 15, '2025-05-18 18:00:00', 'otkazano', 54600, 'pouzeće'),
	(122, 22, '2025-05-19 09:15:00', 'isporučeno', 16300, 'bankovni transfer'),
	(123, 1, '2025-05-20 10:30:00', 'isporučeno', 63700, 'kreditna kartica'),
	(124, 6, '2025-05-21 11:45:00', 'na čekanju', 73200, 'pouzeće'),
	(125, 19, '2025-05-22 13:00:00', 'isporučeno', 27900, 'bankovni transfer'),
	(126, 14, '2025-05-23 14:15:00', 'isporučeno', 52600, 'kreditna kartica'),
	(127, 18, '2025-05-24 15:30:00', 'otkazano', 6900, 'pouzeće'),
	(128, 15, '2025-05-25 16:45:00', 'isporučeno', 26200, 'bankovni transfer'),
	(129, 22, '2025-05-26 18:00:00', 'isporučeno', 52000, 'kreditna kartica');

INSERT INTO `narudzba_proizvod` (`id`, `narudzba_id`, `proizvod_id`, `kolicina`, `cijena`) VALUES
	(1, 1, 84, 3, 3300),
	(2, 2, 12, 1, 8700),
	(3, 2, 55, 3, 12000),
	(4, 3, 162, 2, 2500),
	(5, 3, 20, 2, 28500),
	(6, 3, 192, 1, 10000),
	(7, 3, 102, 2, 2300),
	(8, 4, 13, 2, 2100),
	(9, 4, 112, 2, 9500),
	(10, 4, 133, 2, 2700),
	(11, 4, 65, 1, 4200),
	(12, 5, 24, 3, 2700),
	(13, 5, 72, 3, 9500),
	(14, 5, 196, 2, 650),
	(15, 5, 233, 3, 2900),
	(16, 5, 10, 1, 19200),
	(17, 6, 95, 2, 12500),
	(18, 6, 135, 2, 13000),
	(19, 6, 158, 1, 9500),
	(20, 7, 154, 3, 8000),
	(21, 7, 146, 2, 27500),
	(22, 8, 152, 2, 9800),
	(23, 8, 158, 3, 9500),
	(24, 8, 134, 1, 8000),
	(25, 9, 37, 1, 400),
	(26, 10, 65, 2, 4200),
	(27, 11, 132, 3, 9500),
	(28, 12, 225, 1, 5200),
	(29, 12, 114, 2, 7800),
	(30, 12, 44, 1, 2900),
	(31, 12, 171, 3, 5200),
	(32, 12, 187, 2, 12000),
	(33, 13, 12, 1, 8700),
	(34, 13, 106, 1, 26500),
	(35, 13, 16, 3, 400),
	(36, 14, 28, 2, 19000),
	(37, 14, 96, 3, 520),
	(38, 14, 187, 3, 12000),
	(39, 14, 76, 3, 480),
	(40, 15, 123, 2, 15000),
	(41, 16, 14, 1, 6900),
	(42, 16, 147, 3, 11500),
	(43, 16, 11, 1, 4200),
	(44, 16, 37, 2, 400),
	(45, 16, 132, 2, 9500),
	(46, 17, 125, 3, 4400),
	(47, 17, 90, 3, 19500),
	(48, 18, 117, 3, 480),
	(49, 18, 90, 1, 19500),
	(50, 18, 109, 1, 4000),
	(51, 18, 168, 1, 22000),
	(52, 19, 94, 3, 7600),
	(53, 19, 18, 1, 32000),
	(54, 19, 133, 1, 2700),
	(55, 20, 208, 2, 22000),
	(56, 20, 229, 1, 4600),
	(57, 20, 243, 1, 16500),
	(58, 20, 69, 3, 3800),
	(59, 20, 23, 3, 13500),
	(60, 21, 49, 1, 3700),
	(61, 21, 205, 3, 4800),
	(62, 22, 174, 3, 8200),
	(63, 22, 18, 2, 32000),
	(64, 22, 160, 1, 8500),
	(65, 22, 98, 1, 33000),
	(66, 22, 22, 1, 2000),
	(67, 23, 187, 1, 12000),
	(68, 23, 61, 3, 1700),
	(69, 23, 40, 2, 29000),
	(70, 23, 89, 3, 3900),
	(71, 23, 73, 3, 2400),
	(72, 24, 25, 3, 3800),
	(73, 24, 229, 2, 4600),
	(74, 25, 238, 3, 10500),
	(75, 25, 146, 1, 27500),
	(76, 25, 244, 2, 3500),
	(77, 25, 190, 3, 21000),
	(78, 25, 86, 3, 25500),
	(79, 26, 122, 3, 2400),
	(80, 27, 38, 1, 31000),
	(81, 27, 52, 3, 9100),
	(82, 28, 80, 1, 7500),
	(83, 28, 221, 2, 2100),
	(84, 28, 107, 1, 11000),
	(85, 28, 205, 3, 4800),
	(86, 29, 148, 2, 22000),
	(87, 29, 249, 2, 4600),
	(88, 29, 210, 3, 21500),
	(89, 30, 168, 1, 22000),
	(90, 30, 91, 3, 4800),
	(91, 30, 89, 3, 3900),
	(92, 30, 41, 1, 1600),
	(93, 31, 42, 1, 2100),
	(94, 32, 204, 2, 3400),
	(95, 32, 79, 3, 8000),
	(96, 33, 88, 3, 20500),
	(97, 33, 211, 3, 5400),
	(98, 33, 165, 3, 4600),
	(99, 34, 235, 3, 14000),
	(100, 34, 18, 1, 32000),
	(101, 34, 134, 1, 8000),
	(102, 34, 41, 2, 1600),
	(103, 35, 129, 1, 4000),
	(104, 35, 77, 2, 350),
	(105, 35, 194, 3, 8200),
	(106, 35, 128, 2, 21000),
	(107, 36, 133, 1, 2700),
	(108, 37, 199, 3, 9500),
	(109, 38, 206, 3, 26000),
	(110, 38, 162, 1, 2500),
	(111, 38, 93, 2, 2500),
	(112, 39, 148, 1, 22000),
	(113, 40, 94, 3, 7600),
	(114, 41, 242, 1, 2700),
	(115, 42, 32, 1, 8900),
	(116, 42, 51, 2, 4600),
	(117, 43, 76, 3, 480),
	(118, 43, 205, 2, 4800),
	(119, 43, 79, 2, 8000),
	(120, 43, 229, 2, 4600),
	(121, 43, 172, 1, 9700),
	(122, 44, 139, 2, 32000),
	(123, 44, 59, 2, 7500),
	(124, 44, 232, 2, 10200),
	(125, 44, 193, 2, 2800),
	(126, 44, 129, 3, 4000),
	(127, 45, 129, 3, 4000),
	(128, 46, 163, 1, 16500),
	(129, 46, 32, 1, 8900),
	(130, 47, 86, 3, 25500),
	(131, 47, 239, 3, 10000),
	(132, 47, 140, 1, 30500),
	(133, 47, 240, 3, 9500),
	(134, 48, 183, 2, 17000),
	(135, 48, 103, 1, 16000),
	(136, 48, 135, 2, 13000),
	(137, 48, 30, 3, 19800),
	(138, 49, 189, 2, 4400),
	(139, 50, 225, 3, 5200),
	(140, 50, 188, 1, 23000),
	(141, 50, 70, 1, 18000),
	(142, 50, 198, 3, 10000),
	(143, 50, 74, 3, 7400),
	(144, 51, 166, 2, 25000),
	(145, 51, 193, 1, 2800),
	(146, 51, 132, 3, 9500),
	(147, 51, 162, 3, 2500),
	(148, 51, 97, 1, 460),
	(149, 52, 245, 1, 5000),
	(150, 53, 55, 3, 12000),
	(151, 53, 38, 1, 31000),
	(152, 53, 183, 2, 17000),
	(153, 54, 123, 3, 15000),
	(154, 54, 168, 1, 22000),
	(155, 55, 221, 3, 2100),
	(156, 55, 23, 2, 13500),
	(157, 55, 111, 3, 5000),
	(158, 56, 23, 1, 13500),
	(159, 56, 126, 1, 24000),
	(160, 56, 55, 1, 12000),
	(161, 56, 72, 3, 9500),
	(162, 56, 192, 2, 10000),
	(163, 57, 114, 3, 7800),
	(164, 57, 76, 3, 480),
	(165, 57, 150, 2, 20500),
	(166, 57, 99, 1, 31000),
	(167, 58, 14, 1, 6900),
	(168, 58, 117, 1, 480),
	(169, 59, 158, 1, 9500),
	(170, 59, 232, 1, 10200),
	(171, 59, 191, 1, 5400),
	(172, 60, 107, 3, 11000),
	(173, 60, 178, 1, 35000),
	(174, 60, 223, 1, 17500),
	(175, 60, 25, 3, 3800),
	(176, 61, 92, 3, 9300),
	(177, 61, 221, 1, 2100),
	(178, 61, 113, 1, 2600),
	(179, 61, 110, 2, 20000),
	(180, 61, 179, 3, 33000),
	(181, 62, 147, 2, 11500),
	(182, 63, 108, 3, 21000),
	(183, 63, 33, 2, 2300),
	(184, 63, 192, 2, 10000),
	(185, 63, 157, 3, 500),
	(186, 64, 132, 3, 9500),
	(187, 65, 39, 2, 30000),
	(188, 65, 77, 1, 350),
	(189, 65, 107, 1, 11000),
	(190, 66, 33, 1, 2300),
	(191, 67, 211, 3, 5400),
	(192, 67, 243, 1, 16500),
	(193, 68, 168, 2, 22000),
	(194, 68, 179, 2, 33000),
	(195, 69, 100, 3, 29500),
	(196, 69, 120, 1, 8000),
	(197, 69, 169, 2, 4200),
	(198, 70, 20, 1, 28500),
	(199, 71, 41, 1, 1600),
	(200, 71, 117, 3, 480),
	(201, 72, 197, 2, 520),
	(202, 72, 141, 3, 1900),
	(203, 72, 223, 3, 17500),
	(204, 72, 18, 3, 32000),
	(205, 73, 165, 2, 4600),
	(206, 73, 77, 1, 350),
	(207, 74, 129, 3, 4000),
	(208, 74, 126, 2, 24000),
	(209, 74, 121, 3, 1900),
	(210, 74, 213, 3, 2900),
	(211, 75, 207, 3, 10700),
	(212, 76, 71, 1, 11000),
	(213, 76, 165, 3, 4600),
	(214, 77, 7, 2, 9700),
	(215, 77, 146, 2, 27500),
	(216, 78, 120, 3, 8000),
	(217, 78, 94, 1, 7600),
	(218, 79, 171, 2, 5200),
	(219, 79, 63, 1, 15500),
	(220, 79, 126, 3, 24000),
	(221, 79, 137, 2, 480),
	(222, 80, 231, 2, 5600),
	(223, 80, 215, 3, 14000),
	(224, 80, 24, 1, 2700),
	(225, 80, 143, 1, 16500),
	(226, 81, 35, 3, 11800),
	(227, 81, 118, 2, 9000),
	(228, 81, 153, 2, 2700),
	(229, 81, 138, 2, 34000),
	(230, 82, 74, 1, 7400),
	(231, 82, 168, 3, 22000),
	(232, 82, 130, 2, 20500),
	(233, 82, 40, 1, 29000),
	(234, 83, 59, 2, 7500),
	(235, 83, 99, 2, 31000),
	(236, 83, 217, 2, 520),
	(237, 83, 147, 2, 11500),
	(238, 83, 125, 2, 4400),
	(239, 84, 11, 1, 4200),
	(240, 85, 37, 1, 400),
	(241, 85, 58, 3, 8500),
	(242, 85, 83, 2, 16500),
	(243, 86, 53, 3, 2200),
	(244, 86, 179, 2, 33000),
	(245, 86, 191, 3, 5400),
	(246, 86, 5, 3, 3600),
	(247, 86, 146, 3, 27500),
	(248, 87, 246, 2, 27000),
	(249, 87, 116, 2, 550),
	(250, 88, 200, 1, 9000),
	(251, 89, 10, 1, 19200),
	(252, 89, 99, 1, 31000),
	(253, 89, 180, 2, 31500),
	(254, 89, 147, 2, 11500),
	(255, 90, 140, 3, 30500),
	(256, 90, 87, 1, 9900),
	(257, 90, 249, 2, 4600),
	(258, 90, 169, 1, 4200),
	(259, 91, 79, 3, 8000),
	(260, 91, 3, 2, 10900),
	(261, 91, 187, 1, 12000),
	(262, 91, 110, 2, 20000),
	(263, 92, 73, 1, 2400),
	(264, 92, 103, 2, 16000),
	(265, 92, 148, 3, 22000),
	(266, 92, 152, 3, 9800),
	(267, 93, 47, 1, 9800),
	(268, 94, 34, 2, 7200),
	(269, 94, 142, 3, 2400),
	(270, 94, 64, 2, 3100),
	(271, 94, 11, 2, 4200),
	(272, 94, 12, 3, 8700),
	(273, 95, 245, 1, 5000),
	(274, 95, 60, 3, 7000),
	(275, 95, 78, 1, 8700),
	(276, 95, 90, 1, 19500),
	(277, 96, 104, 3, 3500),
	(278, 96, 51, 3, 4600),
	(279, 96, 88, 2, 20500),
	(280, 96, 201, 3, 2100),
	(281, 97, 106, 1, 26500),
	(282, 98, 194, 2, 8200),
	(283, 98, 105, 1, 4600),
	(284, 99, 190, 3, 21000),
	(285, 100, 196, 3, 650),
	(286, 100, 100, 3, 29500),
	(287, 101, 43, 2, 14500),
	(288, 101, 37, 2, 400),
	(289, 101, 90, 1, 19500),
	(290, 102, 226, 2, 29500),
	(291, 102, 173, 3, 2800),
	(292, 102, 110, 1, 20000),
	(293, 103, 218, 3, 36000),
	(294, 103, 194, 3, 8200),
	(295, 103, 184, 3, 3700),
	(296, 104, 226, 1, 29500),
	(297, 105, 28, 3, 19000),
	(298, 105, 87, 2, 9900),
	(299, 105, 225, 3, 5200),
	(300, 105, 170, 2, 21000),
	(301, 105, 73, 2, 2400),
	(302, 106, 160, 2, 8500),
	(303, 106, 11, 1, 4200),
	(304, 107, 72, 3, 9500),
	(305, 107, 30, 2, 19800),
	(306, 107, 99, 1, 31000),
	(307, 107, 121, 2, 1900),
	(308, 108, 249, 2, 4600),
	(309, 108, 134, 1, 8000),
	(310, 108, 54, 3, 7100),
	(311, 109, 113, 1, 2600),
	(312, 109, 153, 1, 2700),
	(313, 109, 242, 2, 2700),
	(314, 109, 237, 3, 550),
	(315, 109, 98, 2, 33000),
	(316, 110, 173, 3, 2800),
	(317, 111, 86, 3, 25500),
	(318, 111, 23, 2, 13500),
	(319, 111, 28, 1, 19000),
	(320, 111, 211, 1, 5400),
	(321, 111, 82, 3, 2300),
	(322, 112, 98, 3, 33000),
	(323, 113, 97, 2, 460),
	(324, 114, 208, 2, 22000),
	(325, 114, 150, 2, 20500),
	(326, 115, 129, 1, 4000),
	(327, 115, 238, 3, 10500),
	(328, 115, 173, 3, 2800),
	(329, 115, 109, 2, 4000),
	(330, 116, 166, 1, 25000),
	(331, 116, 232, 1, 10200),
	(332, 117, 41, 3, 1600),
	(333, 118, 78, 3, 8700),
	(334, 118, 140, 1, 30500),
	(335, 118, 182, 3, 2500),
	(336, 118, 10, 3, 19200),
	(337, 118, 39, 2, 30000),
	(338, 119, 162, 3, 2500),
	(339, 119, 167, 2, 10500),
	(340, 119, 245, 2, 5000),
	(341, 120, 95, 3, 12500),
	(342, 121, 8, 3, 18200),
	(343, 122, 237, 2, 550),
	(344, 122, 29, 1, 3600),
	(345, 122, 136, 2, 550),
	(346, 122, 104, 3, 3500),
	(347, 123, 139, 1, 32000),
	(348, 123, 74, 3, 7400),
	(349, 123, 158, 1, 9500),
	(350, 124, 144, 2, 3600),
	(351, 124, 247, 3, 11000),
	(352, 124, 71, 3, 11000),
	(353, 125, 201, 3, 2100),
	(354, 125, 34, 3, 7200),
	(355, 126, 82, 2, 2300),
	(356, 126, 93, 3, 2500),
	(357, 126, 23, 3, 13500),
	(358, 127, 82, 3, 2300),
	(359, 128, 152, 2, 9800),
	(360, 128, 62, 3, 2200),
	(361, 129, 31, 2, 11500),
	(362, 129, 86, 1, 25500),
	(363, 129, 244, 1, 3500);

INSERT INTO `uplata` (`id`, `narudzba_id`, `iznos`, `datum`, `status`) VALUES
	(1, 1, 9900, '2025-01-02 08:15:10', 'uspješna'),
	(2, 2, 44700, '2025-01-05 09:11:45', 'neuspješna'),
	(3, 3, 76600, '2025-01-08 10:05:33', 'uspješna'),
	(4, 4, 32800, '2025-01-10 11:44:02', 'neuspješna'),
	(5, 5, 65800, '2025-01-13 12:18:27', 'uspješna'),
	(6, 6, 60500, '2025-01-15 13:55:12', 'uspješna'),
	(7, 7, 79000, '2025-01-18 14:33:50', 'neuspješna'),
	(8, 8, 56100, '2025-01-20 16:21:09', 'uspješna'),
	(9, 9, 400, '2025-01-22 17:10:44', 'uspješna'),
	(10, 10, 8400, '2025-01-25 18:47:36', 'uspješna'),
	(11, 11, 28500, '2025-01-26 09:00:00', 'uspješna'),
	(12, 12, 63300, '2025-01-27 10:30:00', 'neuspješna'),
	(13, 13, 36400, '2025-01-28 11:45:00', 'uspješna'),
	(14, 14, 77000, '2025-01-29 14:00:00', 'neuspješna'),
	(15, 15, 30000, '2025-01-30 15:15:00', 'uspješna'),
	(16, 16, 65400, '2025-02-02 09:30:00', 'uspješna'),
	(17, 17, 71700, '2025-02-03 10:45:00', 'neuspješna'),
	(18, 18, 46940, '2025-02-04 11:00:00', 'uspješna'),
	(19, 19, 57500, '2025-02-05 12:15:00', 'neuspješna'),
	(20, 20, 117000, '2025-02-06 13:30:00', 'uspješna'),
	(21, 21, 18100, '2025-02-07 14:45:00', 'uspješna'),
	(22, 22, 132100, '2025-02-08 15:00:00', 'neuspješna'),
	(23, 23, 94000, '2025-02-09 16:15:00', 'uspješna'),
	(24, 24, 20600, '2025-02-10 17:30:00', 'uspješna'),
	(25, 25, 205500, '2025-02-11 18:00:00', 'neuspješna'),
	(26, 26, 7200, '2025-02-12 09:15:00', 'uspješna'),
	(27, 27, 58300, '2025-02-13 10:30:00', 'uspješna'),
	(28, 28, 37100, '2025-02-14 11:45:00', 'neuspješna'),
	(29, 29, 117700, '2025-02-15 13:00:00', 'uspješna'),
	(30, 30, 49700, '2025-02-16 14:15:00', 'uspješna'),
	(31, 31, 2100, '2025-02-17 15:30:00', 'neuspješna'),
	(32, 32, 30800, '2025-02-18 16:45:00', 'uspješna'),
	(33, 33, 91500, '2025-02-19 18:00:00', 'uspješna'),
	(34, 34, 85200, '2025-02-20 09:15:00', 'neuspješna'),
	(35, 35, 71300, '2025-02-21 10:30:00', 'uspješna'),
	(36, 36, 2700, '2025-02-22 11:45:00', 'uspješna'),
	(37, 37, 28500, '2025-02-23 13:00:00', 'neuspješna'),
	(38, 38, 85500, '2025-02-24 14:15:00', 'uspješna'),
	(39, 39, 22000, '2025-02-25 15:30:00', 'uspješna'),
	(40, 40, 22800, '2025-02-26 16:45:00', 'neuspješna'),
	(41, 41, 2700, '2025-02-27 18:00:00', 'uspješna'),
	(42, 42, 18100, '2025-02-28 09:15:00', 'uspješna'),
	(43, 43, 45940, '2025-03-01 10:30:00', 'neuspješna'),
	(44, 44, 117000, '2025-03-02 11:45:00', 'uspješna'),
	(45, 45, 12000, '2025-03-03 13:00:00', 'uspješna'),
	(46, 46, 25400, '2025-03-04 14:15:00', 'neuspješna'),
	(47, 47, 165500, '2025-03-05 15:30:00', 'uspješna'),
	(48, 48, 135400, '2025-03-06 16:45:00', 'uspješna'),
	(49, 49, 8800, '2025-03-07 18:00:00', 'neuspješna'),
	(50, 50, 108800, '2025-03-08 09:15:00', 'uspješna'),
	(51, 51, 89260, '2025-03-09 10:30:00', 'uspješna'),
	(52, 52, 5000, '2025-03-10 11:45:00', 'neuspješna'),
	(53, 53, 101000, '2025-03-11 13:00:00', 'uspješna'),
	(54, 54, 67000, '2025-03-12 14:15:00', 'uspješna'),
	(55, 55, 48300, '2025-03-13 15:30:00', 'neuspješna'),
	(56, 56, 98000, '2025-03-14 16:45:00', 'uspješna'),
	(57, 57, 96840, '2025-03-15 18:00:00', 'uspješna'),
	(58, 58, 7380, '2025-03-16 09:15:00', 'neuspješna'),
	(59, 59, 25100, '2025-03-17 10:30:00', 'uspješna'),
	(60, 60, 96900, '2025-03-18 11:45:00', 'uspješna'),
	(61, 61, 171600, '2025-03-19 13:00:00', 'neuspješna'),
	(62, 62, 23000, '2025-03-20 14:15:00', 'uspješna'),
	(63, 63, 89100, '2025-03-21 15:30:00', 'uspješna'),
	(64, 64, 28500, '2025-03-22 16:45:00', 'neuspješna'),
	(65, 65, 71350, '2025-03-23 18:00:00', 'uspješna'),
	(66, 66, 2300, '2025-03-24 09:15:00', 'uspješna'),
	(67, 67, 32700, '2025-03-25 10:30:00', 'neuspješna'),
	(68, 68, 110000, '2025-03-26 11:45:00', 'uspješna'),
	(69, 69, 104900, '2025-03-27 13:00:00', 'uspješna'),
	(70, 70, 28500, '2025-03-28 14:15:00', 'neuspješna'),
	(71, 71, 3040, '2025-03-29 15:30:00', 'uspješna'),
	(72, 72, 155240, '2025-03-30 16:45:00', 'uspješna'),
	(73, 73, 9550, '2025-03-31 18:00:00', 'neuspješna'),
	(74, 74, 74400, '2025-04-01 09:15:00', 'uspješna'),
	(75, 75, 32100, '2025-04-02 10:30:00', 'uspješna'),
	(76, 76, 24800, '2025-04-03 11:45:00', 'neuspješna'),
	(77, 77, 74400, '2025-04-04 13:00:00', 'uspješna'),
	(78, 78, 31600, '2025-04-05 14:15:00', 'uspješna'),
	(79, 79, 98860, '2025-04-06 15:30:00', 'neuspješna'),
	(80, 80, 72400, '2025-04-07 16:45:00', 'uspješna'),
	(81, 81, 126800, '2025-04-08 18:00:00', 'uspješna'),
	(82, 82, 143400, '2025-04-09 09:15:00', 'neuspješna'),
	(83, 83, 109840, '2025-04-10 10:30:00', 'uspješna'),
	(84, 84, 4200, '2025-04-11 11:45:00', 'uspješna'),
	(85, 85, 58900, '2025-04-12 13:00:00', 'neuspješna'),
	(86, 86, 182100, '2025-04-13 14:15:00', 'uspješna'),
	(87, 87, 55100, '2025-04-14 15:30:00', 'uspješna'),
	(88, 88, 9000, '2025-04-15 16:45:00', 'neuspješna'),
	(89, 89, 136200, '2025-04-16 18:00:00', 'uspješna'),
	(90, 90, 114800, '2025-04-17 09:15:00', 'uspješna'),
	(91, 91, 97800, '2025-04-18 10:30:00', 'neuspješna'),
	(92, 92, 129800, '2025-04-19 11:45:00', 'uspješna'),
	(93, 93, 9800, '2025-04-20 13:00:00', 'uspješna'),
	(94, 94, 62300, '2025-04-21 14:15:00', 'neuspješna'),
	(95, 95, 54200, '2025-04-22 15:30:00', 'uspješna'),
	(96, 96, 71600, '2025-04-23 16:45:00', 'uspješna'),
	(97, 97, 26500, '2025-04-24 18:00:00', 'neuspješna'),
	(98, 98, 21000, '2025-04-25 09:15:00', 'uspješna'),
	(99, 99, 63000, '2025-04-26 10:30:00', 'uspješna'),
	(100, 100, 90450, '2025-04-27 11:45:00', 'neuspješna'),
	(101, 101, 49300, '2025-04-28 13:00:00', 'uspješna'),
	(102, 102, 87400, '2025-04-29 14:15:00', 'uspješna'),
	(103, 103, 143700, '2025-04-30 15:30:00', 'neuspješna'),
	(104, 104, 29500, '2025-05-01 16:45:00', 'uspješna'),
	(105, 105, 139200, '2025-05-02 18:00:00', 'uspješna'),
	(106, 106, 21200, '2025-05-03 09:15:00', 'neuspješna'),
	(107, 107, 102900, '2025-05-04 10:30:00', 'uspješna'),
	(108, 108, 38500, '2025-05-05 11:45:00', 'uspješna'),
	(109, 109, 78350, '2025-05-06 13:00:00', 'neuspješna'),
	(110, 110, 8400, '2025-05-07 14:15:00', 'uspješna'),
	(111, 111, 134800, '2025-05-08 15:30:00', 'uspješna'),
	(112, 112, 99000, '2025-05-09 16:45:00', 'neuspješna'),
	(113, 113, 920, '2025-05-10 18:00:00', 'uspješna'),
	(114, 114, 85000, '2025-05-11 09:15:00', 'uspješna'),
	(115, 115, 51900, '2025-05-12 10:30:00', 'neuspješna'),
	(116, 116, 35200, '2025-05-13 11:45:00', 'uspješna'),
	(117, 117, 4800, '2025-05-14 13:00:00', 'uspješna'),
	(118, 118, 181700, '2025-05-15 14:15:00', 'neuspješna'),
	(119, 119, 38500, '2025-05-16 15:30:00', 'uspješna'),
	(120, 120, 37500, '2025-05-17 16:45:00', 'uspješna'),
	(121, 121, 54600, '2025-05-18 18:00:00', 'neuspješna'),
	(122, 122, 16300, '2025-05-19 09:15:00', 'uspješna'),
	(123, 123, 63700, '2025-05-20 10:30:00', 'uspješna'),
	(124, 124, 73200, '2025-05-21 11:45:00', 'neuspješna');

INSERT INTO `recenzija` (`id`, `proizvod_id`, `korisnik_id`, `ocjena`, `komentar`, `datum`) VALUES
	(1, 12, 2, 4, 'Accusantium nihil aliquid expedita illo accusamus.', '2025-01-27 09:34:07'),
	(2, 55, 2, 5, 'Reprehenderit deleniti magni hic totam corrupti.', '2025-01-14 17:46:41'),
	(3, 162, 15, 4, 'Reiciendis sunt at sint occaecati sed. Dignissimos modi ipsum delectus culpa expedita vitae.', '2025-02-02 01:50:37'),
	(4, 102, 15, 2, 'Sapiente vel autem ullam nostrum.', '2025-01-13 14:58:08'),
	(5, 13, 2, 2, 'Sapiente praesentium ipsa reiciendis impedit natus placeat. Nesciunt dolorem commodi esse dicta temporibus.', '2025-01-30 14:16:41'),
	(6, 112, 2, 1, 'Dolor voluptas ex amet. Ipsum quae at tempore eos minima exercitationem.', '2025-02-10 05:41:12'),
	(7, 133, 2, 1, 'Iste quo dolorum fugiat ipsa dolores.', '2025-01-26 04:37:58'),
	(8, 24, 23, 3, 'Deserunt porro eaque quisquam labore dolor. Omnis molestiae sint aut atque.', '2025-01-21 02:19:12'),
	(9, 72, 23, 5, 'Laborum aliquid nam. Quae inventore laudantium ipsum delectus vitae nisi quasi.', '2025-01-26 20:37:59'),
	(10, 233, 23, 5, 'Deleniti deserunt ut sint fuga omnis. Minima magnam culpa debitis corrupti sequi.', '2025-01-27 12:36:20'),
	(11, 95, 7, 1, 'Dolor illo sint iusto.', '2025-01-16 15:26:33'),
	(12, 154, 31, 1, 'Laudantium ipsa sapiente eos perferendis autem magnam architecto.', '2025-01-24 16:54:49'),
	(13, 146, 31, 2, 'Quaerat autem at tempore nisi. Ipsum inventore earum accusamus delectus officiis. Accusamus totam tenetur alias aspernatur ea.', '2025-02-11 19:01:51'),
	(14, 158, 8, 4, 'Magni quasi eius tenetur sit modi.', '2025-01-26 18:45:32'),
	(15, 134, 8, 4, 'Eos culpa quas cum voluptate.', '2025-02-04 21:53:05'),
	(16, 114, 5, 4, 'Porro rem quasi at. Eaque quae sit corrupti.', '2025-02-25 15:25:35'),
	(17, 187, 5, 5, 'Nobis quis tempore.', '2025-02-24 16:10:32'),
	(18, 12, 3, 3, 'Possimus atque ullam nisi atque sunt impedit.', '2025-02-10 14:02:28'),
	(19, 28, 8, 2, 'Perferendis beatae eveniet vel enim culpa.', '2025-02-01 20:23:31'),
	(20, 187, 8, 5, 'Ipsam rerum error porro. Quaerat impedit temporibus occaecati velit voluptates consequuntur. Aliquam culpa praesentium unde repellendus commodi ab possimus. Corporis ipsum quibusdam architecto sunt est.', '2025-02-11 15:45:52'),
	(21, 76, 8, 2, 'Autem exercitationem totam accusamus odio quas.', '2025-02-16 18:35:13'),
	(22, 14, 1, 3, 'Cumque non asperiores perspiciatis voluptatibus. Ratione magnam minima illo quibusdam.', '2025-02-23 23:40:42'),
	(23, 11, 1, 5, 'Placeat cupiditate asperiores aut nemo vitae nihil facilis. Animi excepturi omnis cumque quo dicta.', '2025-02-06 11:03:09'),
	(24, 132, 1, 2, 'Rerum facilis molestias assumenda vero vitae ab incidunt.', '2025-03-02 15:06:42'),
	(25, 90, 6, 1, 'Necessitatibus deleniti itaque dolor eius quisquam ipsa cum.', '2025-02-17 15:59:52'),
	(26, 117, 9, 2, 'Sapiente esse voluptas.', '2025-02-07 15:31:01'),
	(27, 94, 4, 2, 'Quis iusto at.', '2025-03-02 15:39:45'),
	(28, 18, 4, 4, 'Tenetur tempora rerum inventore vitae voluptatum ratione.', '2025-02-20 19:57:27'),
	(29, 208, 15, 3, 'Laborum a at quidem quia sed aut. Fugiat corrupti vitae quidem. Distinctio commodi veniam exercitationem doloribus a amet.', '2025-02-22 13:22:51'),
	(30, 243, 15, 2, 'Incidunt reprehenderit molestiae reprehenderit esse harum esse.', '2025-03-07 04:06:10'),
	(31, 69, 15, 3, 'Est architecto quia earum quaerat dicta aperiam repellat.', '2025-02-23 19:57:12'),
	(32, 23, 15, 5, 'Tenetur voluptatum consequatur. Harum facere eius. Consequatur quisquam ipsa veniam ratione.', '2025-02-13 22:46:17'),
	(33, 205, 22, 5, 'Error aliquid architecto porro.', '2025-02-26 00:34:48'),
	(34, 98, 3, 2, 'Iste illum neque doloremque reprehenderit aperiam placeat. Deserunt similique temporibus quos inventore.', '2025-02-27 18:08:42'),
	(35, 22, 3, 4, 'Ullam natus atque itaque fuga rem. Fuga et vitae voluptate. Quaerat saepe assumenda consequuntur tempora nesciunt. Nihil voluptatibus aspernatur deserunt amet provident.', '2025-03-07 00:00:06'),
	(36, 187, 7, 2, 'Veniam dolorem debitis earum doloremque ea praesentium.', '2025-03-10 10:15:15'),
	(37, 61, 7, 5, 'Laboriosam nobis libero architecto.', '2025-02-23 10:41:47'),
	(38, 40, 7, 1, 'Maiores dicta ratione perferendis. Soluta repudiandae est tenetur exercitationem.', '2025-03-08 05:16:34'),
	(39, 89, 7, 3, 'Asperiores voluptatum quis adipisci similique. Sed nulla quam iste.', '2025-02-13 00:10:35'),
	(40, 73, 7, 1, 'Tempora dignissimos sed optio deserunt ullam facere magnam. Eveniet dolor accusantium in.', '2025-02-17 10:05:20'),
	(41, 190, 18, 2, 'Autem ipsum dolores corporis excepturi.', '2025-03-01 17:27:28'),
	(42, 38, 2, 4, 'Aspernatur provident mollitia a expedita tenetur quis.', '2025-03-01 22:44:15'),
	(43, 52, 2, 1, 'Consequuntur corporis commodi ex.', '2025-03-05 16:41:39'),
	(44, 221, 6, 3, 'Illum dolor magni voluptates debitis ab provident.', '2025-03-04 10:47:08'),
	(45, 107, 6, 4, 'Quam at corporis reiciendis.', '2025-02-25 01:13:02'),
	(46, 148, 19, 2, 'Id voluptatem omnis iusto reprehenderit ratione dolore. Inventore fugit enim expedita quis ab unde.', '2025-02-25 02:15:55'),
	(47, 249, 19, 2, 'Eum libero quas perferendis quas tempore cupiditate.', '2025-02-18 21:56:59'),
	(48, 168, 8, 3, 'Necessitatibus odit perferendis mollitia corporis quos veritatis. Illo a magnam voluptas minima fuga. Rem officiis assumenda nostrum.', '2025-03-13 04:37:15'),
	(49, 91, 8, 1, 'Labore voluptates laudantium omnis porro corrupti. Eaque adipisci dolores. Mollitia harum voluptatibus sapiente similique.', '2025-02-25 14:03:54'),
	(50, 42, 3, 1, 'Laudantium beatae mollitia minima ut.', '2025-02-28 23:18:00'),
	(51, 79, 12, 4, 'Consectetur et alias dignissimos.', '2025-03-20 15:14:14'),
	(52, 88, 5, 1, 'Dolore cupiditate quos illo repellat numquam. Inventore libero vero deserunt.', '2025-03-17 21:48:32'),
	(53, 211, 5, 4, 'Nemo nesciunt est odit doloribus ab nulla.', '2025-02-23 03:45:32'),
	(54, 165, 5, 1, 'Aperiam ipsa sit cumque ratione quaerat adipisci architecto.', '2025-03-08 07:20:37'),
	(55, 235, 15, 3, 'Consequatur ea cum officia voluptatem.', '2025-03-22 00:35:19'),
	(56, 134, 15, 1, 'Officia autem similique ad unde repudiandae voluptatum.', '2025-03-04 13:43:46'),
	(57, 41, 15, 1, 'Nemo repudiandae quam error delectus. Repellendus sequi dolorum iusto culpa ut nobis.', '2025-03-04 02:58:27'),
	(58, 77, 22, 2, 'Quis praesentium magni repudiandae numquam necessitatibus. Eveniet adipisci itaque.', '2025-03-18 03:36:48'),
	(59, 128, 22, 1, 'Voluptatibus quaerat ea accusamus. Sequi est laborum nam. Eligendi deleniti nisi quas soluta.', '2025-03-02 07:52:00'),
	(60, 162, 14, 5, 'Tempore reiciendis eos doloribus. Soluta dolores eos quam temporibus architecto consequatur. Error quisquam delectus ipsam doloribus perferendis consequuntur. Dolorum laborum vitae tempora.', '2025-03-19 20:11:42'),
	(61, 242, 3, 5, 'Quidem temporibus officiis aliquid assumenda. Blanditiis saepe vitae ratione doloribus eaque necessitatibus.', '2025-03-09 06:05:39'),
	(62, 32, 11, 2, 'Quam sunt cupiditate cupiditate nemo aliquam in laboriosam. Molestias esse adipisci voluptas sequi incidunt consectetur enim.', '2025-03-07 20:18:27'),
	(63, 51, 11, 3, 'Dolore eveniet porro iste optio neque consequatur. Expedita quos fugit provident rem minus.', '2025-03-20 22:09:42'),
	(64, 76, 2, 1, 'Ea beatae explicabo magnam reprehenderit delectus.', '2025-03-20 08:15:14'),
	(65, 205, 2, 3, 'Vitae necessitatibus modi unde ullam quod ratione.', '2025-03-29 02:59:27'),
	(66, 229, 2, 4, 'Nobis reprehenderit inventore quod.', '2025-03-22 08:15:02'),
	(67, 193, 6, 2, 'Totam enim maiores necessitatibus asperiores earum.', '2025-03-25 22:13:36'),
	(68, 240, 1, 2, 'Sunt mollitia ab laborum sequi ducimus quidem. Odio incidunt perspiciatis atque porro ad sapiente. Velit asperiores quia quisquam.', '2025-03-08 10:49:01'),
	(69, 103, 8, 2, 'Consequatur rem pariatur autem fugit.', '2025-03-26 17:48:35'),
	(70, 135, 8, 4, 'Ullam blanditiis praesentium in voluptatem similique nisi. Reprehenderit facere labore.', '2025-03-14 20:18:13'),
	(71, 189, 19, 2, 'Vero veniam asperiores porro natus. Mollitia quaerat sint autem aut molestiae in.', '2025-03-12 05:25:18'),
	(72, 188, 14, 3, 'Ducimus adipisci occaecati debitis nemo a.', '2025-03-27 03:06:18'),
	(73, 74, 14, 2, 'Quisquam asperiores non corporis. Ea expedita eaque facere sed nemo quod.', '2025-03-20 20:24:40'),
	(74, 166, 3, 5, 'Aut aliquam suscipit culpa hic ipsam iure. Accusamus eius molestiae temporibus numquam expedita molestias. Corporis aliquid natus.', '2025-03-10 15:13:34'),
	(75, 193, 3, 1, 'Saepe et asperiores assumenda quaerat incidunt.', '2025-03-17 18:30:22'),
	(76, 97, 3, 3, 'Molestiae in hic maxime tempora autem autem.', '2025-03-22 09:15:15'),
	(77, 245, 7, 2, 'Ad culpa in animi id.', '2025-04-05 21:18:15'),
	(78, 55, 12, 1, 'Accusantium fugit nihil ut.', '2025-04-08 23:49:25'),
	(79, 38, 12, 3, 'Ipsum quaerat dignissimos libero aut a doloribus amet. Minima fuga explicabo illo laudantium ratione. Necessitatibus sequi sunt quidem quidem.', '2025-03-31 14:57:33'),
	(80, 168, 5, 4, 'Saepe inventore consequatur porro corrupti voluptas.', '2025-03-15 17:27:52'),
	(81, 111, 18, 1, 'Unde facilis quidem illum recusandae fuga repudiandae cupiditate.', '2025-04-07 20:34:48'),
	(82, 55, 15, 3, 'Explicabo quaerat quaerat assumenda earum occaecati.', '2025-04-10 14:10:05'),
	(83, 192, 15, 4, 'Ad autem doloribus voluptatibus. Neque autem nihil provident illo neque quae.', '2025-04-04 12:00:17'),
	(84, 99, 22, 4, 'Minima dolores asperiores itaque architecto quaerat eius impedit. Officiis dolorem ipsam architecto quas sed nihil asperiores.', '2025-03-22 21:52:19'),
	(85, 232, 9, 1, 'Ipsum illum repellat nemo sequi ut aliquam possimus.', '2025-04-11 07:03:23'),
	(86, 107, 14, 3, 'Officia quidem iste cumque dolores. Corrupti possimus provident odit quis.', '2025-04-03 19:33:20'),
	(87, 178, 14, 4, 'Doloribus consequatur nobis facilis odio et ad.', '2025-04-03 18:16:45'),
	(88, 25, 14, 2, 'Aut aliquid neque odio. Ipsa voluptas incidunt neque ullam rem facere. Id dignissimos iusto deleniti nesciunt.', '2025-04-14 05:17:31'),
	(89, 221, 3, 1, 'Quaerat nam ipsam.', '2025-04-09 00:32:35'),
	(90, 110, 3, 1, 'Magnam vel similique excepturi.', '2025-04-10 16:16:57'),
	(91, 179, 3, 5, 'Illo fugit aperiam deleniti fugiat rerum deserunt. Ipsum officiis debitis aut quam debitis. Accusantium vitae impedit velit et.', '2025-04-13 03:40:20'),
	(92, 192, 2, 5, 'Ipsa exercitationem vero amet consequuntur.', '2025-03-31 23:53:55'),
	(93, 157, 2, 1, 'Aliquid sunt consequuntur eius at. Deserunt ducimus maxime.', '2025-04-09 13:38:15'),
	(94, 132, 6, 4, 'Assumenda cupiditate nisi.', '2025-04-13 09:21:54'),
	(95, 77, 15, 3, 'Ab occaecati necessitatibus explicabo neque quisquam ea perferendis. A repellat quos voluptatem assumenda. Error qui consequuntur eligendi esse quibusdam eaque.', '2025-04-13 17:42:50'),
	(96, 107, 15, 2, 'Adipisci laudantium ullam autem. Voluptates est error nam nostrum ipsam maxime.', '2025-04-13 00:39:58'),
	(97, 243, 1, 3, 'Illo eius quibusdam sunt commodi.', '2025-03-29 10:52:09'),
	(98, 168, 7, 4, 'Eveniet impedit reiciendis iusto magni culpa ea.', '2025-04-06 13:21:12'),
	(99, 120, 19, 2, 'Qui eos vel nobis vel ipsa. Repellendus quisquam voluptatum molestiae odit esse.', '2025-04-03 14:16:34'),
	(100, 169, 19, 3, 'Rerum et culpa pariatur vel aut.', '2025-04-07 18:07:27'),
	(101, 20, 8, 4, 'Reiciendis placeat consequuntur quo nam praesentium rerum.', '2025-04-08 14:08:55'),
	(102, 223, 12, 2, 'Error facilis maxime blanditiis quaerat molestias quaerat.', '2025-04-25 18:05:46'),
	(103, 18, 12, 5, 'Necessitatibus ipsam necessitatibus assumenda. Nostrum provident adipisci earum tempore.', '2025-04-12 01:55:00'),
	(104, 77, 5, 5, 'Quos veritatis cum nam. Iusto nesciunt fuga harum minus.', '2025-04-17 02:23:14'),
	(105, 146, 9, 2, 'Quod nesciunt officiis magni.', '2025-05-03 03:57:55'),
	(106, 94, 14, 2, 'Quaerat iure enim perspiciatis.', '2025-04-17 20:54:52'),
	(107, 171, 18, 5, 'Optio dignissimos velit soluta. Dicta impedit voluptate aut. Modi culpa occaecati adipisci alias.', '2025-05-07 14:07:02'),
	(108, 63, 18, 5, 'Adipisci cupiditate voluptates. Doloremque inventore alias minima culpa officiis.', '2025-04-09 15:32:36'),
	(109, 137, 18, 1, 'Veritatis quia reprehenderit a optio laudantium nobis. Alias illo id vitae nam non unde.', '2025-05-04 07:37:26'),
	(110, 215, 15, 3, 'Odit occaecati velit quae fugit. Recusandae odit eos exercitationem.', '2025-04-23 02:03:24'),
	(111, 24, 15, 1, 'Odit sint molestiae cum sed animi.', '2025-04-23 07:44:21'),
	(112, 153, 22, 3, 'Magni vitae iure mollitia ea ad aliquid.', '2025-04-28 19:14:43'),
	(113, 138, 22, 2, 'Veniam fugiat provident eos amet ducimus mollitia voluptates.', '2025-04-12 23:39:23'),
	(114, 74, 1, 5, 'Eius sapiente doloribus doloribus. Hic ex modi.', '2025-04-22 21:16:54'),
	(115, 40, 1, 1, 'Magni nihil a quidem est minus doloremque quisquam.', '2025-05-02 19:40:50'),
	(116, 217, 3, 1, 'Doloremque culpa excepturi corporis molestiae.', '2025-04-22 23:28:42'),
	(117, 125, 3, 2, 'Commodi in culpa adipisci reiciendis iusto. Mollitia ea doloremque aliquid architecto. Voluptatem error commodi non consequuntur.', '2025-04-19 21:51:31'),
	(118, 11, 14, 5, 'Sequi inventore molestiae veritatis laborum repellat fugit.', '2025-04-22 03:46:59'),
	(119, 53, 2, 2, 'Harum consequuntur ex esse temporibus porro.', '2025-04-18 20:00:22'),
	(120, 179, 2, 2, 'Magnam libero ipsa maiores debitis corrupti fuga.', '2025-04-17 23:10:18'),
	(121, 191, 2, 4, 'Assumenda dicta consequatur veritatis alias enim voluptatem.', '2025-05-10 02:45:38'),
	(122, 5, 2, 5, 'Officiis sequi ut sunt veritatis repudiandae.', '2025-05-12 13:03:49'),
	(123, 246, 6, 4, 'Eaque quas ea impedit corporis dolor.', '2025-04-27 21:32:43'),
	(124, 200, 15, 1, 'Incidunt numquam quo voluptas animi recusandae nam. Eum enim ratione quaerat quas vel commodi.', '2025-04-19 09:55:03'),
	(125, 147, 22, 5, 'Asperiores quam aperiam illo neque ducimus.', '2025-05-14 22:23:15'),
	(126, 140, 1, 1, 'Quasi occaecati ullam corporis aut dolores sapiente corporis.', '2025-05-12 01:29:25'),
	(127, 249, 1, 1, 'Reiciendis commodi doloribus ullam nemo harum amet. Dignissimos autem fugiat nemo veniam.', '2025-04-19 10:15:38'),
	(128, 169, 1, 1, 'Voluptates optio qui ipsum quam asperiores. Unde voluptas commodi est deleniti molestiae. Magni ducimus eligendi architecto assumenda praesentium.', '2025-04-24 21:39:24'),
	(129, 3, 7, 5, 'Omnis inventore consequuntur quibusdam.', '2025-05-01 02:18:50'),
	(130, 47, 8, 3, 'Aliquam possimus repellendus minus.', '2025-05-07 04:20:20'),
	(131, 142, 3, 4, 'Fugiat placeat necessitatibus iusto similique consequatur repudiandae.', '2025-05-13 06:41:02'),
	(132, 11, 3, 4, 'Aut repellendus sed placeat. Sit repudiandae voluptatem exercitationem soluta nam vel. Doloremque doloremque praesentium ex expedita molestiae maiores.', '2025-05-19 11:14:52'),
	(133, 245, 12, 4, 'Molestiae dolores officia officiis reprehenderit cumque. Dicta dolor odio ratione hic. Aperiam magnam dolores molestias itaque soluta. Vero soluta ullam vero impedit.', '2025-05-10 04:13:02'),
	(134, 60, 12, 1, 'Dolore amet maiores nemo fugiat. Dolorum dolorem dolorem recusandae natus corporis libero dignissimos.', '2025-05-04 11:57:37'),
	(135, 78, 12, 5, 'Voluptates eaque ducimus quibusdam dolorum saepe iure.', '2025-05-09 23:47:02'),
	(136, 90, 12, 3, 'Veritatis cupiditate reprehenderit beatae. Tenetur doloremque quas omnis quisquam corporis.', '2025-05-02 12:14:53'),
	(137, 104, 5, 5, 'Temporibus labore minus.', '2025-05-07 18:21:36'),
	(138, 51, 5, 3, 'Nemo minus eos ipsum qui temporibus. Amet eligendi assumenda.', '2025-05-13 17:21:52'),
	(139, 201, 5, 4, 'Maxime ratione libero laborum laudantium illo. Nam nostrum neque maiores quisquam.', '2025-05-14 16:49:32'),
	(140, 194, 22, 4, 'Accusantium at exercitationem sed illo animi. Porro eligendi temporibus voluptates et culpa.', '2025-05-26 07:46:22'),
	(141, 105, 22, 1, 'Deserunt praesentium ullam ducimus inventore vel aliquam.', '2025-04-28 16:43:44'),
	(142, 190, 1, 1, 'Saepe facilis harum.', '2025-04-28 16:42:37'),
	(143, 226, 14, 1, 'Asperiores suscipit temporibus nisi cupiditate unde. A odit ipsum dignissimos voluptatum necessitatibus ratione. Cumque non laudantium dignissimos cupiditate nisi quia.', '2025-05-14 06:03:01'),
	(144, 173, 14, 5, 'Corporis ratione voluptatum quos occaecati excepturi voluptates. Iusto amet incidunt odit.', '2025-05-16 20:06:30'),
	(145, 110, 14, 4, 'Esse molestias harum non. Eveniet adipisci praesentium rerum sit adipisci beatae a.', '2025-05-01 04:04:12'),
	(146, 218, 18, 2, 'Eaque atque doloribus minima hic.', '2025-05-12 15:09:17'),
	(147, 194, 18, 4, 'Expedita quam quaerat aliquid.', '2025-05-08 22:19:04'),
	(148, 73, 22, 4, 'Possimus magni incidunt provident fugit.', '2025-06-01 22:08:57'),
	(149, 160, 1, 3, 'Est itaque voluptatibus impedit. Illo quibusdam repellat consequuntur error. Expedita reiciendis repellat maxime.', '2025-05-15 04:35:31'),
	(150, 249, 14, 3, 'Minima ut quis maiores corrupti magnam.', '2025-05-31 17:00:07'),
	(151, 134, 14, 2, 'Distinctio recusandae sint eos. Sunt facere voluptatem saepe natus. Blanditiis nihil culpa et fugiat.', '2025-05-25 13:45:52'),
	(152, 54, 14, 2, 'Deleniti facere itaque ab minus earum.', '2025-05-17 11:57:28'),
	(153, 113, 11, 4, 'Eligendi consequatur omnis suscipit voluptatem est. Molestiae facere cum tempore ullam laborum. Saepe ullam atque quae dolor doloremque.', '2025-05-31 09:58:24'),
	(154, 242, 11, 1, 'Labore repellendus possimus modi ut. Fugit neque eos hic impedit aliquam.', '2025-05-16 08:41:04'),
	(155, 211, 6, 3, 'Quidem earum sed magni esse.', '2025-05-23 22:02:45'),
	(156, 82, 6, 1, 'Sequi amet eaque accusantium veritatis itaque a sequi. Adipisci provident distinctio non quis fugit possimus.', '2025-05-26 19:01:32'),
	(157, 97, 22, 3, 'Beatae asperiores similique totam eos.', '2025-06-10 08:23:31'),
	(158, 208, 1, 3, 'Voluptas autem fuga blanditiis a deleniti non quidem. Unde voluptatem sapiente doloremque aut voluptas magni in. Cumque laborum eveniet quisquam vitae distinctio.', '2025-06-10 13:51:51'),
	(159, 129, 7, 4, 'Voluptas autem assumenda placeat. Deleniti recusandae consequuntur officia animi libero tenetur. Recusandae ducimus perspiciatis veniam.', '2025-05-26 20:20:49'),
	(160, 166, 19, 3, 'Consequatur sequi quo.', '2025-05-29 15:53:18'),
	(161, 41, 8, 5, 'In quisquam dolor odit doloremque. Nisi consectetur quasi vitae ipsum voluptates. Nulla minima molestiae doloremque esse nisi excepturi perferendis.', '2025-06-10 10:38:23'),
	(162, 78, 3, 1, 'Facere modi corrupti illo ab quasi. Nisi repudiandae quos sequi corrupti.', '2025-06-10 22:16:19'),
	(163, 140, 3, 2, 'Vero dolore necessitatibus reiciendis.', '2025-06-09 04:04:12'),
	(164, 39, 3, 4, 'Quam voluptatem sequi ad tempore qui nulla. Illum ipsa cumque nemo porro.', '2025-05-25 07:36:27'),
	(165, 162, 12, 1, 'Esse in quam cum laborum alias ea.', '2025-05-29 13:32:19'),
	(166, 167, 12, 5, 'Facere quibusdam asperiores perspiciatis. Porro ducimus possimus illum officia a.', '2025-06-11 19:19:45'),
	(167, 237, 22, 5, 'Inventore ab eos illo blanditiis quos. Veniam quod deleniti sunt labore vitae incidunt.', '2025-06-01 15:39:42'),
	(168, 139, 1, 3, 'Soluta non autem exercitationem.', '2025-05-28 01:51:46'),
	(169, 158, 1, 1, 'Maiores aliquid occaecati quis. Voluptas vitae natus dolores quae.', '2025-06-18 19:17:55'),
	(170, 144, 6, 1, 'Consequatur assumenda non ullam blanditiis quasi quae.', '2025-06-12 13:49:39'),
	(171, 93, 14, 4, 'Consequatur blanditiis cumque natus illum repellat.', '2025-06-03 00:42:50'),
	(172, 23, 14, 4, 'Ratione iusto ex hic molestias laboriosam. Nihil debitis ullam molestiae nam ea commodi quas. Corrupti iure magni cumque sequi quo laborum.', '2025-06-21 01:16:22'),
	(173, 82, 18, 4, 'Voluptatum dolor blanditiis. Accusantium possimus vero ex.', '2025-06-15 08:30:41'),
	(174, 62, 15, 4, 'Perspiciatis harum aperiam nulla voluptate nemo facilis voluptatem.', '2025-06-22 23:35:09'),
	(175, 31, 22, 2, 'At debitis similique at vitae voluptatem.', '2025-06-09 03:26:15'),
	(176, 86, 22, 3, 'Quam ducimus accusamus labore dolor sunt rerum. Tempore sapiente dolor dolorem laboriosam ipsum sunt.', '2025-06-22 09:45:06'),
	(177, 244, 22, 1, 'Et voluptates distinctio. Voluptatum ea eius doloribus.', '2025-06-23 20:19:41');

INSERT INTO `kupon` (`id`, `naziv`, `tip`, `vrijednost`, `status`, `datum_pocetka`, `datum_isteka`) VALUES
	(1, 'ZIMA18', 'fiksni', 3900, 'aktivan', '2025-04-22 15:14:36', '2025-11-16 23:22:36'),
	(2, 'PROMO324OVK', 'postotak', 37, 'neaktivan', '2025-05-30 07:05:57', '2025-11-22 04:42:57'),
	(3, 'BF25', 'fiksni', 4300, 'aktivan', '2023-11-19 22:55:08', '2025-08-17 09:19:08'),
	(4, 'DOSTAVAGRATIS', 'postotak', 65, 'neaktivan', '2025-11-22 15:55:43', '2025-09-17 01:26:43'),
	(5, 'SNIZENJE9EUR', 'fiksni', 600, 'aktivan', '2023-12-23 04:46:39', '2025-02-14 15:40:39'),
	(6, 'POPUST9', 'fiksni', 1700, 'aktivan', '2025-11-28 06:12:50', '2025-05-30 04:25:50'),
	(7, 'PROMO916CJS', 'besplatna dostava', 0, 'aktivan', '2025-12-26 17:48:32', '2025-08-25 19:49:32'),
	(8, 'POPUST48', 'fiksni', 1400, 'neaktivan', '2025-07-10 21:34:43', '2025-10-30 15:53:43'),
	(9, 'ZIMA21', 'fiksni', 4500, 'aktivan', '2025-03-19 03:53:55', '2025-08-04 17:00:55'),
	(10, 'POPUST39', 'fiksni', 800, 'aktivan', '2023-09-26 00:16:28', '2025-02-07 22:57:28'),
	(11, 'ZIMA13', 'postotak', 66, 'neaktivan', '2025-06-05 23:37:29', '2025-09-02 10:50:29'),
	(12, 'BF24', 'besplatna dostava', 0, 'neaktivan', '2025-04-13 07:11:08', '2025-09-04 21:36:08'),
	(13, 'BF23', 'fiksni', 4400, 'aktivan', '2023-08-13 08:11:26', '2023-09-28 07:55:26'),
	(14, 'SNIZENJE7EUR', 'postotak', 22, 'aktivan', '2023-08-05 07:18:36', '2025-07-11 07:25:36'),
	(15, 'SNIZENJE15EUR', 'besplatna dostava', 0, 'neaktivan', '2025-12-13 13:29:11', '2025-03-28 17:10:11'),
	(16, 'POPUST19', 'besplatna dostava', 0, 'aktivan', '2025-01-27 12:33:57', '2025-07-27 03:36:57'),
	(17, 'CYBER{random.randint(1,9)}', 'besplatna dostava', 0, 'aktivan', '2025-02-18 02:53:53', '2025-07-16 15:55:53'),
	(18, 'LJETO23', 'fiksni', 2500, 'aktivan', '2025-08-14 17:26:09', '2025-09-18 17:46:09'),
	(19, 'PROMO753CJY', 'postotak', 73, 'aktivan', '2025-04-15 13:41:12', '2025-03-19 23:50:12'),
	(20, 'SNIZENJE20EUR', 'besplatna dostava', 0, 'aktivan', '2025-07-03 19:02:41', '2025-05-23 19:24:41');

INSERT INTO `kupon_narudzba` (`id`, `kupon_id`, `narudzba_id`) VALUES
	(14, 1, 96),
	(36, 3, 6),
	(16, 3, 8),
	(1, 3, 28),
	(38, 3, 42),
	(6, 3, 50),
	(10, 3, 68),
	(9, 3, 76),
	(5, 3, 120),
	(12, 3, 122),
	(7, 3, 126),
	(31, 5, 25),
	(27, 10, 4),
	(4, 10, 10),
	(35, 10, 17),
	(37, 14, 35),
	(15, 14, 36),
	(8, 14, 65),
	(21, 14, 74),
	(13, 14, 81),
	(2, 14, 88),
	(11, 14, 104),
	(25, 14, 125),
	(22, 17, 43),
	(33, 17, 52),
	(19, 17, 57),
	(32, 17, 75),
	(24, 17, 77),
	(28, 17, 78),
	(26, 17, 86),
	(29, 17, 90),
	(30, 17, 102),
	(3, 17, 105),
	(23, 17, 119),
	(20, 19, 107),
	(17, 19, 116),
	(18, 19, 118),
	(34, 19, 127);

INSERT INTO `wishlist` (`id`, `korisnik_id`, `naziv`, `datum`) VALUES
	(1, 116, 'Lista želja korisnika Juraj', '2025-07-23 10:09:27'),
	(2, 127, 'Lista želja korisnika Saša', '2025-04-16 03:56:18'),
	(3, 132, 'Lista želja korisnika Matija', '2025-10-03 09:27:35'),
	(4, 35, 'Lista želja korisnika Rudolf', '2025-04-10 00:20:52'),
	(5, 124, 'Lista želja korisnika Katarina', '2025-01-08 08:43:36'),
	(6, 87, 'Lista želja korisnika Dominik', '2025-04-15 04:34:43'),
	(7, 64, 'Lista želja korisnika Vedran', '2025-06-02 14:07:44'),
	(8, 1, 'Lista želja korisnika Niko', '2025-01-01 08:16:57'),
	(9, 147, 'Lista želja korisnika Mile', '2025-10-09 05:27:45'),
	(10, 90, 'Lista želja korisnika Kristijan', '2025-08-10 10:55:24'),
	(11, 51, 'Lista želja korisnika Jure', '2025-05-09 09:55:05'),
	(12, 140, 'Lista želja korisnika Roko', '2025-10-30 18:14:14'),
	(13, 96, 'Lista želja korisnika Hrvoje', '2025-12-03 03:35:36'),
	(14, 97, 'Lista želja korisnika Goran', '2025-02-24 05:14:59'),
	(15, 119, 'Lista želja korisnika Ružica', '2025-07-04 13:28:43'),
	(16, 21, 'Lista želja korisnika Zorka', '2025-05-11 03:31:44'),
	(17, 17, 'Lista želja korisnika Lara', '2025-10-10 03:34:23'),
	(18, 32, 'Lista želja korisnika Joso', '2025-05-10 05:09:58'),
	(19, 75, 'Lista želja korisnika Lovro', '2025-08-22 11:17:44'),
	(20, 60, 'Lista želja korisnika Božo', '2025-11-23 03:46:50'),
	(21, 66, 'Lista želja korisnika Bara', '2025-09-05 10:22:00'),
	(22, 146, 'Lista želja korisnika Gordana', '2025-11-14 03:27:07'),
	(23, 76, 'Lista želja korisnika Jana', '2025-11-29 14:53:09'),
	(24, 74, 'Lista želja korisnika Mate', '2025-06-12 07:13:54'),
	(25, 24, 'Lista želja korisnika Jozo', '2025-12-28 17:52:27'),
	(26, 15, 'Lista želja korisnika Dora', '2025-11-22 15:58:57'),
	(27, 36, 'Lista želja korisnika Snježana', '2025-09-10 20:55:33'),
	(28, 61, 'Lista želja korisnika Dragica', '2025-04-14 19:48:54'),
	(29, 45, 'Lista želja korisnika Jele', '2025-01-07 13:20:59'),
	(30, 92, 'Lista želja korisnika Viktor', '2025-01-22 05:09:09'),
	(31, 12, 'Lista želja korisnika Lea', '2025-04-08 06:23:04'),
	(32, 82, 'Lista želja korisnika Sanja', '2025-04-29 11:45:13'),
	(33, 59, 'Lista želja korisnika Vjekoslav', '2025-03-16 15:35:55'),
	(34, 138, 'Lista želja korisnika Iva', '2025-01-01 01:53:47'),
	(35, 20, 'Lista želja korisnika Pero', '2025-11-07 22:27:35'),
	(36, 53, 'Lista želja korisnika Tomo', '2025-09-19 17:54:46'),
	(37, 13, 'Lista želja korisnika Ema', '2025-01-03 09:02:18'),
	(38, 114, 'Lista želja korisnika Mira', '2025-09-26 22:15:30'),
	(39, 123, 'Lista želja korisnika Nina', '2025-01-12 12:20:12'),
	(40, 135, 'Lista želja korisnika Lara', '2025-05-14 04:25:20'),
	(41, 7, 'Lista želja korisnika Joso', '2025-10-27 00:19:39'),
	(42, 39, 'Lista želja korisnika Matea', '2025-01-07 11:39:01'),
	(43, 134, 'Lista želja korisnika Janko', '2025-01-04 07:42:49'),
	(44, 63, 'Lista želja korisnika Jasminka', '2025-12-16 05:29:28'),
	(45, 4, 'Lista želja korisnika Darko', '2025-04-03 22:57:34'),
	(46, 133, 'Lista želja korisnika Rudolf', '2025-03-28 11:41:17'),
	(47, 105, 'Lista želja korisnika Siniša', '2025-11-30 00:42:02'),
	(48, 69, 'Lista želja korisnika David', '2025-10-03 23:58:58'),
	(49, 44, 'Lista želja korisnika Anica', '2025-02-09 20:04:03'),
	(50, 100, 'Lista želja korisnika Mia', '2025-07-01 13:47:03'),
	(51, 72, 'Lista želja korisnika Saša', '2025-06-19 14:10:51'),
	(52, 129, 'Lista želja korisnika Erik', '2025-03-29 01:10:00'),
	(53, 25, 'Lista želja korisnika Igor', '2025-08-16 18:48:40'),
	(54, 111, 'Lista želja korisnika Jasna', '2025-10-25 01:50:24'),
	(55, 58, 'Lista želja korisnika Mile', '2025-11-16 17:59:36'),
	(56, 81, 'Lista želja korisnika Martin', '2025-12-24 05:33:39'),
	(57, 14, 'Lista želja korisnika Jure', '2025-03-24 23:44:40'),
	(58, 125, 'Lista želja korisnika Branko', '2025-01-07 11:55:10'),
	(59, 48, 'Lista želja korisnika Alen', '2025-06-03 15:33:10'),
	(60, 128, 'Lista želja korisnika Ane', '2025-06-19 09:05:40'),
	(61, 9, 'Lista želja korisnika Martina', '2025-10-25 16:29:25'),
	(62, 43, 'Lista želja korisnika Danijela', '2025-02-13 18:52:28'),
	(63, 149, 'Lista želja korisnika Davor', '2025-01-22 04:00:33'),
	(64, 102, 'Lista želja korisnika Jasminka', '2025-04-15 06:32:28'),
	(65, 28, 'Lista želja korisnika Lana', '2025-05-14 01:25:19'),
	(66, 126, 'Lista želja korisnika Milica', '2025-02-27 23:06:04'),
	(67, 30, 'Lista želja korisnika Hana', '2025-03-15 10:07:25'),
	(68, 145, 'Lista želja korisnika Anita', '2025-02-28 05:05:26'),
	(69, 89, 'Lista želja korisnika Vlado', '2025-09-24 11:29:21'),
	(70, 120, 'Lista želja korisnika Ilija', '2025-04-12 15:52:16'),
	(71, 139, 'Lista želja korisnika Janko', '2025-02-28 19:11:55'),
	(72, 16, 'Lista želja korisnika Romano', '2025-04-04 14:03:01'),
	(73, 131, 'Lista želja korisnika Milka', '2025-03-17 03:18:56'),
	(74, 5, 'Lista želja korisnika Slavica', '2025-05-01 02:20:58'),
	(75, 46, 'Lista želja korisnika Tomislav', '2025-02-03 12:44:53'),
	(76, 148, 'Lista želja korisnika Andrija', '2025-12-12 20:35:42'),
	(77, 65, 'Lista želja korisnika Mijo', '2025-02-18 13:25:41'),
	(78, 83, 'Lista želja korisnika Jadranka', '2025-02-18 10:53:38'),
	(79, 94, 'Lista želja korisnika Toni', '2025-08-25 12:04:26'),
	(80, 8, 'Lista želja korisnika Renata', '2025-05-01 01:07:32'),
	(81, 84, 'Lista želja korisnika Laura', '2025-08-20 01:35:10'),
	(82, 68, 'Lista želja korisnika Milena', '2025-11-10 17:42:03'),
	(83, 101, 'Lista želja korisnika Iva', '2025-04-29 12:15:40'),
	(84, 34, 'Lista želja korisnika Sara', '2025-08-12 09:02:09'),
	(85, 98, 'Lista želja korisnika Nevenka', '2025-12-02 19:38:03'),
	(86, 78, 'Lista želja korisnika Lana', '2025-03-21 23:37:57'),
	(87, 41, 'Lista želja korisnika Petra', '2025-08-19 07:10:25'),
	(88, 136, 'Lista želja korisnika Mladen', '2025-04-01 10:28:09'),
	(89, 23, 'Lista želja korisnika Danica', '2025-04-19 14:45:24'),
	(90, 27, 'Lista želja korisnika Ivan', '2025-07-26 03:25:30'),
	(91, 143, 'Lista želja korisnika Tea', '2025-08-19 04:45:03'),
	(92, 77, 'Lista želja korisnika Davor', '2025-11-24 17:04:22'),
	(93, 118, 'Lista želja korisnika Janja', '2025-07-27 10:49:58'),
	(94, 62, 'Lista želja korisnika Martina', '2025-02-08 02:05:29'),
	(95, 40, 'Lista želja korisnika Vladimir', '2025-06-27 12:27:59'),
	(96, 73, 'Lista želja korisnika Anica', '2025-04-08 14:47:51'),
	(97, 91, 'Lista želja korisnika Ivica', '2025-08-14 13:58:18'),
	(98, 3, 'Lista želja korisnika Aldo', '2025-03-03 21:19:28'),
	(99, 37, 'Lista želja korisnika Željko', '2025-01-16 13:18:12'),
	(100, 108, 'Lista želja korisnika Jasna', '2025-10-18 05:02:58'),
	(101, 55, 'Lista želja korisnika Jasminka', '2025-02-15 03:21:54'),
	(102, 49, 'Lista želja korisnika Željko', '2025-05-18 10:11:06'),
	(103, 22, 'Lista želja korisnika Janja', '2025-09-21 21:50:25'),
	(104, 88, 'Lista želja korisnika Dino', '2025-03-23 17:42:04'),
	(105, 57, 'Lista želja korisnika Terezija', '2025-05-02 05:56:00');

INSERT INTO `wishlist_proizvod` (`id`, `wishlist_id`, `proizvod_id`) VALUES
	(3, 1, 99),
	(4, 1, 108),
	(1, 1, 111),
	(2, 1, 190),
	(8, 2, 118),
	(7, 2, 190),
	(6, 2, 192),
	(5, 2, 201),
	(11, 3, 37),
	(9, 3, 99),
	(10, 3, 197),
	(19, 4, 5),
	(20, 4, 8),
	(17, 4, 39),
	(14, 4, 47),
	(12, 4, 66),
	(15, 4, 112),
	(21, 4, 141),
	(18, 4, 143),
	(16, 4, 149),
	(13, 4, 165),
	(22, 5, 59),
	(30, 5, 76),
	(27, 5, 121),
	(31, 5, 124),
	(28, 5, 129),
	(29, 5, 142),
	(23, 5, 153),
	(25, 5, 159),
	(24, 5, 213),
	(26, 5, 218),
	(36, 6, 23),
	(35, 6, 42),
	(33, 6, 95),
	(32, 6, 127),
	(34, 6, 187),
	(38, 7, 85),
	(40, 7, 109),
	(37, 7, 142),
	(39, 7, 196),
	(42, 7, 225),
	(41, 7, 240),
	(43, 8, 1),
	(46, 8, 21),
	(44, 8, 141),
	(45, 8, 189),
	(47, 8, 191),
	(50, 9, 73),
	(53, 9, 84),
	(52, 9, 101),
	(54, 9, 165),
	(51, 9, 195),
	(48, 9, 204),
	(55, 9, 232),
	(49, 9, 239),
	(56, 10, 79),
	(57, 10, 226),
	(60, 11, 2),
	(64, 11, 6),
	(59, 11, 19),
	(61, 11, 26),
	(62, 11, 150),
	(58, 11, 157),
	(63, 11, 179),
	(65, 11, 245),
	(67, 12, 40),
	(68, 12, 171),
	(66, 12, 221),
	(70, 13, 4),
	(69, 13, 109),
	(72, 14, 32),
	(73, 14, 128),
	(71, 14, 212),
	(74, 14, 221),
	(75, 15, 1),
	(78, 15, 32),
	(82, 15, 33),
	(84, 15, 41),
	(79, 15, 44),
	(83, 15, 94),
	(81, 15, 128),
	(76, 15, 148),
	(77, 15, 194),
	(80, 15, 237),
	(92, 16, 3),
	(88, 16, 7),
	(89, 16, 15),
	(87, 16, 127),
	(85, 16, 131),
	(90, 16, 134),
	(86, 16, 177),
	(91, 16, 178),
	(93, 17, 64),
	(98, 18, 90),
	(97, 18, 115),
	(96, 18, 122),
	(95, 18, 161),
	(94, 18, 232),
	(104, 19, 10),
	(101, 19, 42),
	(103, 19, 49),
	(100, 19, 58),
	(102, 19, 128),
	(105, 19, 220),
	(99, 19, 246),
	(106, 20, 91),
	(107, 20, 130),
	(109, 20, 143),
	(110, 20, 160),
	(108, 20, 167),
	(117, 21, 28),
	(111, 21, 55),
	(116, 21, 92),
	(115, 21, 100),
	(118, 21, 136),
	(112, 21, 139),
	(113, 21, 159),
	(119, 21, 192),
	(114, 21, 231),
	(120, 21, 247),
	(121, 22, 1),
	(123, 22, 134),
	(124, 22, 215),
	(122, 22, 220),
	(131, 23, 63),
	(129, 23, 86),
	(128, 23, 98),
	(132, 23, 103),
	(126, 23, 122),
	(125, 23, 130),
	(127, 23, 175),
	(130, 23, 215),
	(140, 24, 32),
	(135, 24, 37),
	(139, 24, 53),
	(137, 24, 92),
	(136, 24, 109),
	(138, 24, 146),
	(133, 24, 154),
	(142, 24, 162),
	(141, 24, 197),
	(134, 24, 249),
	(143, 25, 44),
	(148, 25, 51),
	(145, 25, 63),
	(147, 25, 166),
	(144, 25, 222),
	(146, 25, 233),
	(149, 26, 55),
	(152, 26, 111),
	(151, 26, 136),
	(150, 26, 182),
	(153, 27, 147),
	(162, 28, 16),
	(158, 28, 49),
	(157, 28, 69),
	(159, 28, 112),
	(155, 28, 118),
	(160, 28, 202),
	(161, 28, 215),
	(156, 28, 225),
	(154, 28, 237),
	(163, 29, 181),
	(164, 29, 232),
	(168, 30, 95),
	(167, 30, 145),
	(166, 30, 182),
	(165, 30, 218),
	(170, 31, 65),
	(169, 31, 153),
	(172, 32, 75),
	(171, 32, 92),
	(173, 32, 171),
	(177, 33, 92),
	(176, 33, 140),
	(174, 33, 176),
	(175, 33, 208),
	(184, 34, 4),
	(180, 34, 15),
	(187, 34, 22),
	(186, 34, 47),
	(178, 34, 119),
	(181, 34, 120),
	(185, 34, 130),
	(179, 34, 146),
	(182, 34, 180),
	(183, 34, 219),
	(189, 35, 158),
	(188, 35, 204),
	(193, 36, 161),
	(190, 36, 162),
	(195, 36, 173),
	(194, 36, 178),
	(191, 36, 233),
	(192, 36, 243),
	(200, 37, 2),
	(201, 37, 35),
	(199, 37, 55),
	(197, 37, 108),
	(202, 37, 151),
	(196, 37, 193),
	(203, 37, 209),
	(204, 37, 215),
	(198, 37, 216),
	(205, 37, 228),
	(206, 38, 47),
	(208, 38, 126),
	(209, 38, 131),
	(210, 38, 182),
	(207, 38, 199),
	(211, 38, 221),
	(213, 39, 10),
	(216, 39, 84),
	(214, 39, 192),
	(215, 39, 219),
	(212, 39, 239),
	(217, 40, 23),
	(218, 41, 74),
	(220, 41, 170),
	(221, 41, 175),
	(219, 41, 193),
	(222, 41, 203),
	(223, 41, 233),
	(225, 42, 26),
	(226, 42, 94),
	(224, 42, 146),
	(227, 43, 51),
	(228, 43, 70),
	(232, 43, 108),
	(231, 43, 165),
	(230, 43, 207),
	(229, 43, 216),
	(233, 44, 138),
	(240, 45, 21),
	(234, 45, 85),
	(238, 45, 123),
	(241, 45, 124),
	(237, 45, 127),
	(236, 45, 178),
	(239, 45, 222),
	(235, 45, 235),
	(242, 46, 143),
	(243, 46, 146),
	(245, 46, 157),
	(244, 46, 197),
	(249, 47, 46),
	(252, 47, 69),
	(251, 47, 83),
	(246, 47, 179),
	(250, 47, 183),
	(248, 47, 191),
	(247, 47, 242),
	(254, 48, 18),
	(256, 48, 32),
	(253, 48, 197),
	(255, 48, 231),
	(258, 49, 6),
	(260, 49, 62),
	(257, 49, 112),
	(261, 49, 157),
	(259, 49, 200),
	(264, 50, 18),
	(268, 50, 43),
	(263, 50, 110),
	(267, 50, 111),
	(265, 50, 112),
	(262, 50, 156),
	(266, 50, 226),
	(271, 51, 9),
	(270, 51, 13),
	(272, 51, 151),
	(269, 51, 248),
	(276, 52, 32),
	(279, 52, 72),
	(274, 52, 80),
	(278, 52, 82),
	(277, 52, 120),
	(275, 52, 171),
	(280, 52, 216),
	(273, 52, 229),
	(286, 53, 2),
	(285, 53, 13),
	(288, 53, 85),
	(281, 53, 114),
	(282, 53, 177),
	(283, 53, 179),
	(284, 53, 218),
	(287, 53, 229),
	(289, 54, 239),
	(292, 55, 7),
	(291, 55, 55),
	(294, 55, 59),
	(290, 55, 76),
	(295, 55, 84),
	(293, 55, 222),
	(296, 56, 147),
	(297, 56, 217),
	(302, 57, 18),
	(301, 57, 22),
	(303, 57, 101),
	(298, 57, 143),
	(299, 57, 148),
	(300, 57, 201),
	(309, 58, 9),
	(312, 58, 19),
	(308, 58, 33),
	(305, 58, 53),
	(306, 58, 71),
	(307, 58, 179),
	(310, 58, 200),
	(311, 58, 231),
	(304, 58, 249),
	(313, 59, 47),
	(314, 59, 93),
	(322, 60, 7),
	(315, 60, 9),
	(319, 60, 15),
	(323, 60, 63),
	(320, 60, 86),
	(317, 60, 134),
	(321, 60, 182),
	(316, 60, 210),
	(318, 60, 221),
	(324, 61, 63),
	(325, 62, 108),
	(326, 62, 234),
	(332, 63, 50),
	(330, 63, 70),
	(331, 63, 107),
	(333, 63, 168),
	(329, 63, 199),
	(328, 63, 212),
	(327, 63, 217),
	(334, 64, 55),
	(335, 64, 66),
	(337, 65, 70),
	(336, 65, 148),
	(342, 66, 2),
	(338, 66, 75),
	(341, 66, 95),
	(343, 66, 159),
	(339, 66, 202),
	(340, 66, 246),
	(345, 67, 60),
	(347, 67, 150),
	(344, 67, 161),
	(346, 67, 220),
	(348, 68, 6),
	(349, 68, 247),
	(350, 69, 19),
	(359, 69, 36),
	(351, 69, 82),
	(358, 69, 94),
	(355, 69, 119),
	(356, 69, 121),
	(353, 69, 159),
	(352, 69, 210),
	(357, 69, 214),
	(354, 69, 247),
	(363, 70, 14),
	(362, 70, 39),
	(361, 70, 59),
	(364, 70, 74),
	(365, 70, 196),
	(360, 70, 219),
	(371, 71, 59),
	(369, 71, 93),
	(366, 71, 99),
	(368, 71, 120),
	(367, 71, 145),
	(370, 71, 191),
	(372, 72, 20),
	(374, 72, 39),
	(373, 72, 124),
	(375, 72, 218),
	(376, 72, 231),
	(380, 73, 46),
	(378, 73, 78),
	(381, 73, 122),
	(383, 73, 127),
	(377, 73, 132),
	(379, 73, 149),
	(382, 73, 162),
	(385, 74, 111),
	(384, 74, 230),
	(386, 75, 23),
	(390, 76, 68),
	(389, 76, 136),
	(393, 76, 137),
	(388, 76, 141),
	(394, 76, 142),
	(392, 76, 183),
	(391, 76, 185),
	(387, 76, 200),
	(395, 77, 27),
	(396, 77, 67),
	(397, 78, 63),
	(398, 78, 133),
	(407, 79, 1),
	(401, 79, 42),
	(405, 79, 64),
	(403, 79, 82),
	(408, 79, 130),
	(404, 79, 163),
	(402, 79, 186),
	(399, 79, 213),
	(406, 79, 231),
	(400, 79, 238),
	(413, 80, 55),
	(410, 80, 89),
	(412, 80, 91),
	(411, 80, 108),
	(409, 80, 166),
	(417, 81, 20),
	(416, 81, 33),
	(415, 81, 62),
	(418, 81, 69),
	(414, 81, 171),
	(419, 81, 248),
	(422, 82, 79),
	(423, 82, 97),
	(421, 82, 173),
	(420, 82, 235),
	(424, 82, 236),
	(425, 82, 239),
	(426, 83, 85),
	(428, 84, 37),
	(427, 84, 125),
	(432, 85, 68),
	(429, 85, 91),
	(430, 85, 92),
	(431, 85, 249),
	(434, 86, 85),
	(433, 86, 143),
	(435, 87, 133),
	(436, 88, 38),
	(437, 88, 133),
	(442, 89, 115),
	(441, 89, 117),
	(443, 89, 131),
	(440, 89, 158),
	(439, 89, 162),
	(438, 89, 173),
	(446, 90, 10),
	(445, 90, 26),
	(452, 90, 69),
	(451, 90, 101),
	(444, 90, 146),
	(450, 90, 150),
	(448, 90, 199),
	(447, 90, 220),
	(449, 90, 235),
	(458, 91, 51),
	(459, 91, 62),
	(453, 91, 83),
	(460, 91, 138),
	(454, 91, 179),
	(457, 91, 216),
	(455, 91, 229),
	(456, 91, 237),
	(466, 92, 1),
	(461, 92, 131),
	(465, 92, 181),
	(464, 92, 188),
	(462, 92, 195),
	(463, 92, 209),
	(467, 93, 146),
	(469, 94, 31),
	(468, 94, 243),
	(470, 94, 249),
	(473, 95, 102),
	(471, 95, 149),
	(472, 95, 170),
	(474, 96, 182),
	(475, 96, 250),
	(477, 97, 109),
	(476, 97, 128),
	(482, 98, 13),
	(486, 98, 32),
	(484, 98, 41),
	(481, 98, 71),
	(478, 98, 81),
	(485, 98, 91),
	(480, 98, 127),
	(487, 98, 151),
	(479, 98, 159),
	(483, 98, 243),
	(490, 99, 40),
	(489, 99, 43),
	(488, 99, 98),
	(492, 99, 131),
	(491, 99, 225),
	(495, 100, 33),
	(496, 100, 71),
	(494, 100, 104),
	(493, 100, 213),
	(498, 101, 107),
	(497, 101, 191),
	(507, 102, 17),
	(508, 102, 24),
	(502, 102, 36),
	(499, 102, 63),
	(506, 102, 79),
	(503, 102, 119),
	(504, 102, 165),
	(501, 102, 210),
	(500, 102, 224),
	(505, 102, 239),
	(513, 103, 161),
	(512, 103, 169),
	(510, 103, 218),
	(514, 103, 222),
	(511, 103, 226),
	(509, 103, 241),
	(517, 104, 37),
	(516, 104, 58),
	(518, 104, 144),
	(519, 104, 159),
	(520, 104, 163),
	(515, 104, 188),
	(526, 105, 14),
	(525, 105, 23),
	(523, 105, 27),
	(522, 105, 49),
	(524, 105, 134),
	(521, 105, 234);

INSERT INTO `skladiste` (`id`, `naziv`, `adresa`, `grad`, `drzava`) VALUES
	(1, 'Skladište Rab Centar', 'Paunovac 2b', 'Rab', 'Hrvatska'),
	(2, 'Skladište Trogir', 'Bakačeva 31', 'Trogir', 'Hrvatska'),
	(3, 'Skladište Benkovac Centar', 'Dvoranski prečac 4c/9', 'Benkovac', 'Hrvatska'),
	(4, 'Skladište Prelog Zapad', 'Kraljevečki ogranak 8c', 'Prelog', 'Hrvatska'),
	(5, 'Skladište Donji Miholjac', 'Gornje Prekrižje 2b', 'Miholjac', 'Hrvatska'),
	(6, 'Skladište Vodnjan Glavno', 'Opatička 0a/7', 'Vodnjan', 'Hrvatska'),
	(7, 'Skladište Zabok', 'Gradec 19', 'Zagreb', 'Hrvatska'),
	(8, 'Skladište Duga Resa Distribucijski Centar', 'Kozarčev vijenac 99', 'Duga resa', 'Hrvatska'),
	(9, 'Skladište Šibenik Centar', 'Zamenhofove 4', 'Šibenik', 'Hrvatska'),
	(10, 'Skladište Garešnica Centar', 'Zelengaj 4b/6', 'Garešnica', 'Hrvatska');

INSERT INTO `skladiste_proizvod` (`id`, `skladiste_id`, `proizvod_id`, `kolicina`) VALUES
	(1, 5, 1, 109),
	(2, 4, 1, 473),
	(3, 7, 1, 2),
	(4, 7, 2, 466),
	(5, 2, 3, 112),
	(6, 3, 4, 190),
	(7, 1, 4, 172),
	(8, 7, 4, 152),
	(9, 5, 5, 123),
	(10, 7, 5, 33),
	(11, 3, 6, 57),
	(12, 7, 7, 385),
	(13, 5, 8, 105),
	(14, 2, 8, 261),
	(15, 10, 8, 276),
	(16, 10, 9, 492),
	(17, 1, 10, 469),
	(18, 4, 10, 241),
	(19, 9, 10, 103),
	(20, 2, 11, 333),
	(21, 1, 12, 193),
	(22, 7, 12, 127),
	(23, 2, 12, 183),
	(24, 2, 13, 183),
	(25, 6, 13, 281),
	(26, 9, 13, 209),
	(27, 6, 14, 111),
	(28, 2, 15, 73),
	(29, 10, 15, 344),
	(30, 3, 15, 378),
	(31, 2, 16, 95),
	(32, 10, 17, 76),
	(33, 7, 17, 483),
	(34, 2, 18, 456),
	(35, 10, 18, 410),
	(36, 10, 19, 275),
	(37, 8, 20, 124),
	(38, 6, 21, 95),
	(39, 2, 21, 296),
	(40, 5, 21, 342),
	(41, 4, 22, 136),
	(42, 10, 22, 312),
	(43, 7, 22, 14),
	(44, 2, 23, 387),
	(45, 1, 24, 378),
	(46, 5, 24, 251),
	(47, 10, 24, 441),
	(48, 6, 25, 309),
	(49, 2, 26, 457),
	(50, 1, 26, 434),
	(51, 1, 27, 414),
	(52, 4, 27, 418),
	(53, 8, 28, 432),
	(54, 4, 28, 250),
	(55, 1, 28, 391),
	(56, 5, 29, 493),
	(57, 5, 30, 242),
	(58, 3, 30, 269),
	(59, 2, 30, 77),
	(60, 6, 31, 497),
	(61, 8, 31, 129),
	(62, 2, 32, 117),
	(63, 10, 32, 210),
	(64, 8, 32, 317),
	(65, 6, 33, 273),
	(66, 3, 33, 63),
	(67, 2, 34, 323),
	(68, 2, 35, 183),
	(69, 7, 35, 195),
	(70, 1, 35, 377),
	(71, 1, 36, 43),
	(72, 6, 36, 78),
	(73, 3, 37, 364),
	(74, 6, 38, 58),
	(75, 8, 38, 239),
	(76, 8, 39, 359),
	(77, 5, 40, 314),
	(78, 8, 40, 491),
	(79, 2, 40, 330),
	(80, 3, 41, 331),
	(81, 8, 42, 268),
	(82, 1, 42, 314),
	(83, 6, 42, 420),
	(84, 7, 43, 430),
	(85, 5, 43, 54),
	(86, 9, 43, 385),
	(87, 6, 44, 265),
	(88, 9, 44, 211),
	(89, 8, 44, 257),
	(90, 1, 45, 57),
	(91, 5, 45, 132),
	(92, 6, 45, 59),
	(93, 7, 46, 215),
	(94, 9, 46, 473),
	(95, 3, 46, 11),
	(96, 10, 47, 313),
	(97, 2, 48, 114),
	(98, 7, 48, 44),
	(99, 10, 48, 98),
	(100, 9, 49, 239),
	(101, 5, 49, 48),
	(102, 4, 49, 295),
	(103, 5, 50, 133),
	(104, 1, 50, 86),
	(105, 2, 50, 117),
	(106, 2, 51, 416),
	(107, 6, 52, 128),
	(108, 1, 53, 167),
	(109, 3, 53, 159),
	(110, 10, 53, 282),
	(111, 3, 54, 360),
	(112, 1, 54, 171),
	(113, 6, 54, 242),
	(114, 4, 55, 255),
	(115, 1, 55, 247),
	(116, 6, 56, 134),
	(117, 10, 56, 369),
	(118, 6, 57, 135),
	(119, 3, 57, 127),
	(120, 6, 58, 229),
	(121, 10, 59, 215),
	(122, 6, 60, 403),
	(123, 10, 61, 464),
	(124, 3, 61, 252),
	(125, 4, 61, 204),
	(126, 10, 62, 26),
	(127, 4, 62, 90),
	(128, 7, 63, 488),
	(129, 4, 64, 307),
	(130, 5, 64, 313),
	(131, 8, 64, 12),
	(132, 4, 65, 50),
	(133, 5, 66, 181),
	(134, 10, 66, 76),
	(135, 6, 66, 220),
	(136, 3, 67, 192),
	(137, 2, 67, 26),
	(138, 10, 67, 65),
	(139, 8, 68, 106),
	(140, 4, 68, 372),
	(141, 2, 68, 483),
	(142, 10, 69, 346),
	(143, 7, 69, 325),
	(144, 9, 69, 286),
	(145, 5, 70, 323),
	(146, 9, 71, 29),
	(147, 3, 71, 226),
	(148, 4, 72, 426),
	(149, 1, 72, 314),
	(150, 4, 73, 438),
	(151, 1, 73, 252),
	(152, 9, 74, 209),
	(153, 3, 75, 425),
	(154, 8, 76, 165),
	(155, 2, 76, 118),
	(156, 2, 77, 187),
	(157, 9, 78, 322),
	(158, 1, 78, 323),
	(159, 6, 78, 366),
	(160, 9, 79, 484),
	(161, 4, 79, 205),
	(162, 10, 80, 372),
	(163, 1, 81, 180),
	(164, 8, 81, 242),
	(165, 1, 82, 447),
	(166, 6, 82, 425),
	(167, 1, 83, 261),
	(168, 4, 84, 494),
	(169, 8, 85, 348),
	(170, 8, 86, 224),
	(171, 1, 87, 222),
	(172, 9, 88, 344),
	(173, 5, 88, 32),
	(174, 3, 89, 108),
	(175, 5, 89, 90),
	(176, 6, 90, 163),
	(177, 8, 90, 27),
	(178, 9, 90, 489),
	(179, 5, 91, 266),
	(180, 9, 91, 491),
	(181, 10, 92, 359),
	(182, 6, 92, 460),
	(183, 8, 92, 63),
	(184, 4, 93, 473),
	(185, 7, 93, 269),
	(186, 7, 94, 240),
	(187, 8, 94, 461),
	(188, 9, 94, 384),
	(189, 9, 95, 350),
	(190, 6, 95, 172),
	(191, 8, 95, 412),
	(192, 5, 96, 500),
	(193, 1, 96, 134),
	(194, 8, 96, 24),
	(195, 2, 97, 226),
	(196, 9, 97, 123),
	(197, 4, 97, 479),
	(198, 6, 98, 82),
	(199, 5, 98, 143),
	(200, 1, 99, 99),
	(201, 9, 99, 457),
	(202, 3, 99, 104),
	(203, 10, 100, 0),
	(204, 4, 100, 26),
	(205, 9, 100, 456),
	(206, 9, 101, 278),
	(207, 1, 101, 261),
	(208, 4, 101, 86),
	(209, 10, 102, 300),
	(210, 7, 103, 393),
	(211, 8, 103, 260),
	(212, 3, 103, 50),
	(213, 4, 104, 171),
	(214, 10, 104, 406),
	(215, 2, 105, 442),
	(216, 1, 105, 65),
	(217, 5, 106, 363),
	(218, 5, 107, 233),
	(219, 4, 107, 212),
	(220, 10, 108, 90),
	(221, 5, 108, 220),
	(222, 3, 108, 81),
	(223, 9, 109, 442),
	(224, 3, 110, 241),
	(225, 6, 110, 47),
	(226, 4, 110, 372),
	(227, 5, 111, 54),
	(228, 9, 112, 253),
	(229, 2, 112, 224),
	(230, 7, 113, 411),
	(231, 6, 114, 384),
	(232, 8, 114, 102),
	(233, 2, 114, 16),
	(234, 3, 115, 311),
	(235, 8, 116, 29),
	(236, 7, 117, 47),
	(237, 10, 118, 266),
	(238, 1, 118, 224),
	(239, 9, 118, 499),
	(240, 6, 119, 218),
	(241, 9, 120, 313),
	(242, 8, 120, 376),
	(243, 10, 120, 107),
	(244, 2, 121, 316),
	(245, 8, 121, 485),
	(246, 4, 121, 407),
	(247, 9, 122, 130),
	(248, 9, 123, 468),
	(249, 1, 124, 214),
	(250, 5, 124, 188),
	(251, 4, 125, 53),
	(252, 2, 125, 180),
	(253, 6, 126, 51),
	(254, 3, 127, 262),
	(255, 10, 127, 417),
	(256, 9, 127, 420),
	(257, 2, 128, 240),
	(258, 6, 129, 249),
	(259, 10, 129, 221),
	(260, 3, 130, 169),
	(261, 4, 131, 328),
	(262, 2, 131, 342),
	(263, 5, 131, 241),
	(264, 10, 132, 493),
	(265, 3, 133, 445),
	(266, 9, 133, 295),
	(267, 4, 133, 436),
	(268, 8, 134, 340),
	(269, 5, 135, 85),
	(270, 10, 135, 66),
	(271, 5, 136, 254),
	(272, 6, 137, 12),
	(273, 4, 137, 268),
	(274, 1, 138, 476),
	(275, 6, 138, 80),
	(276, 4, 139, 163),
	(277, 6, 139, 298),
	(278, 9, 140, 334),
	(279, 10, 140, 270),
	(280, 2, 140, 83),
	(281, 5, 141, 338),
	(282, 1, 141, 462),
	(283, 7, 141, 400),
	(284, 5, 142, 269),
	(285, 1, 142, 323),
	(286, 6, 142, 127),
	(287, 5, 143, 465),
	(288, 6, 143, 37),
	(289, 3, 143, 178),
	(290, 5, 144, 449),
	(291, 3, 144, 60),
	(292, 10, 144, 118),
	(293, 2, 145, 403),
	(294, 4, 145, 462),
	(295, 5, 146, 377),
	(296, 6, 146, 420),
	(297, 2, 146, 272),
	(298, 9, 147, 262),
	(299, 6, 147, 275),
	(300, 8, 148, 329),
	(301, 3, 148, 218),
	(302, 9, 149, 63),
	(303, 2, 149, 12),
	(304, 6, 149, 196),
	(305, 7, 150, 94),
	(306, 10, 150, 242),
	(307, 4, 150, 323),
	(308, 2, 151, 15),
	(309, 5, 151, 232),
	(310, 6, 151, 14),
	(311, 1, 152, 417),
	(312, 6, 152, 448),
	(313, 4, 152, 420),
	(314, 10, 153, 293),
	(315, 3, 154, 301),
	(316, 1, 154, 382),
	(317, 8, 155, 413),
	(318, 5, 155, 106),
	(319, 7, 156, 330),
	(320, 6, 156, 77),
	(321, 4, 157, 259),
	(322, 2, 157, 58),
	(323, 8, 157, 33),
	(324, 7, 158, 247),
	(325, 4, 158, 442),
	(326, 1, 158, 340),
	(327, 1, 159, 414),
	(328, 6, 159, 79),
	(329, 5, 159, 480),
	(330, 10, 160, 349),
	(331, 10, 161, 92),
	(332, 9, 161, 162),
	(333, 1, 161, 357),
	(334, 8, 162, 32),
	(335, 9, 163, 428),
	(336, 7, 164, 495),
	(337, 9, 164, 334),
	(338, 6, 164, 371),
	(339, 3, 165, 162),
	(340, 2, 165, 397),
	(341, 5, 166, 304),
	(342, 8, 167, 9),
	(343, 5, 167, 472),
	(344, 6, 168, 151),
	(345, 2, 168, 17),
	(346, 8, 168, 384),
	(347, 2, 169, 340),
	(348, 7, 169, 102),
	(349, 9, 169, 439),
	(350, 5, 170, 166),
	(351, 7, 170, 22),
	(352, 3, 171, 114),
	(353, 8, 172, 482),
	(354, 7, 172, 157),
	(355, 3, 172, 107),
	(356, 7, 173, 170),
	(357, 6, 174, 487),
	(358, 2, 174, 410),
	(359, 5, 175, 499),
	(360, 4, 175, 325),
	(361, 4, 176, 444),
	(362, 4, 177, 217),
	(363, 9, 177, 47),
	(364, 10, 178, 83),
	(365, 6, 179, 464),
	(366, 4, 179, 442),
	(367, 2, 180, 130),
	(368, 4, 181, 413),
	(369, 5, 181, 306),
	(370, 7, 181, 11),
	(371, 2, 182, 281),
	(372, 10, 182, 164),
	(373, 5, 183, 115),
	(374, 9, 183, 363),
	(375, 7, 184, 341),
	(376, 1, 185, 239),
	(377, 3, 185, 239),
	(378, 8, 186, 46),
	(379, 9, 186, 231),
	(380, 2, 187, 79),
	(381, 9, 187, 411),
	(382, 3, 187, 322),
	(383, 7, 188, 201),
	(384, 2, 188, 210),
	(385, 2, 189, 438),
	(386, 9, 189, 362),
	(387, 1, 189, 7),
	(388, 8, 190, 485),
	(389, 2, 190, 378),
	(390, 3, 190, 488),
	(391, 3, 191, 212),
	(392, 6, 192, 329),
	(393, 2, 192, 105),
	(394, 7, 193, 481),
	(395, 9, 194, 485),
	(396, 3, 194, 147),
	(397, 6, 194, 129),
	(398, 5, 195, 247),
	(399, 9, 195, 463),
	(400, 10, 195, 138),
	(401, 9, 196, 492),
	(402, 10, 197, 98),
	(403, 8, 198, 94),
	(404, 5, 198, 423),
	(405, 7, 199, 316),
	(406, 6, 199, 466),
	(407, 9, 199, 117),
	(408, 4, 200, 123),
	(409, 5, 200, 324),
	(410, 7, 201, 459),
	(411, 2, 201, 448),
	(412, 6, 201, 199),
	(413, 8, 202, 359),
	(414, 7, 202, 308),
	(415, 8, 203, 432),
	(416, 9, 204, 46),
	(417, 1, 204, 496),
	(418, 4, 204, 60),
	(419, 4, 205, 184),
	(420, 8, 205, 286),
	(421, 9, 205, 255),
	(422, 10, 206, 163),
	(423, 3, 206, 286),
	(424, 6, 207, 471),
	(425, 10, 208, 48),
	(426, 8, 208, 179),
	(427, 4, 208, 245),
	(428, 10, 209, 169),
	(429, 2, 210, 22),
	(430, 7, 210, 127),
	(431, 10, 211, 374),
	(432, 7, 211, 176),
	(433, 1, 212, 430),
	(434, 6, 212, 94),
	(435, 6, 213, 102),
	(436, 10, 213, 169),
	(437, 1, 213, 431),
	(438, 10, 214, 339),
	(439, 5, 214, 140),
	(440, 6, 214, 3),
	(441, 6, 215, 319),
	(442, 8, 215, 215),
	(443, 7, 216, 354),
	(444, 7, 217, 106),
	(445, 10, 217, 69),
	(446, 6, 217, 463),
	(447, 1, 218, 433),
	(448, 6, 218, 27),
	(449, 2, 218, 135),
	(450, 6, 219, 180),
	(451, 3, 219, 241),
	(452, 5, 219, 151),
	(453, 10, 220, 366),
	(454, 5, 220, 369),
	(455, 3, 221, 372),
	(456, 4, 222, 215),
	(457, 3, 222, 388),
	(458, 8, 223, 49),
	(459, 9, 224, 225),
	(460, 7, 224, 48),
	(461, 1, 224, 105),
	(462, 10, 225, 297),
	(463, 9, 225, 181),
	(464, 6, 226, 325),
	(465, 9, 226, 79),
	(466, 5, 227, 84),
	(467, 8, 227, 193),
	(468, 10, 227, 269),
	(469, 8, 228, 188),
	(470, 1, 228, 474),
	(471, 9, 228, 84),
	(472, 4, 229, 374),
	(473, 3, 229, 182),
	(474, 5, 229, 256),
	(475, 1, 230, 180),
	(476, 5, 230, 77),
	(477, 8, 230, 83),
	(478, 6, 231, 249),
	(479, 10, 231, 98),
	(480, 2, 231, 157),
	(481, 8, 232, 42),
	(482, 2, 233, 460),
	(483, 6, 233, 25),
	(484, 1, 233, 204),
	(485, 5, 234, 7),
	(486, 8, 234, 165),
	(487, 2, 235, 165),
	(488, 10, 236, 235),
	(489, 4, 236, 324),
	(490, 4, 237, 201),
	(491, 3, 237, 461),
	(492, 6, 238, 150),
	(493, 5, 238, 338),
	(494, 9, 238, 414),
	(495, 2, 239, 348),
	(496, 6, 240, 80),
	(497, 10, 240, 33),
	(498, 2, 241, 190),
	(499, 10, 241, 416),
	(500, 7, 242, 375),
	(501, 1, 242, 284),
	(502, 3, 242, 460),
	(503, 3, 243, 445),
	(504, 9, 244, 2),
	(505, 1, 244, 167),
	(506, 7, 244, 87),
	(507, 10, 245, 262),
	(508, 9, 246, 222),
	(509, 8, 246, 339),
	(510, 10, 246, 15),
	(511, 2, 247, 301),
	(512, 4, 247, 235),
	(513, 10, 248, 185),
	(514, 2, 248, 443),
	(515, 1, 249, 426),
	(516, 9, 250, 228);

INSERT INTO `povijest_cijena` (`id`, `proizvod_id`, `cijena`, `datum`) VALUES
	(1, 1, 8280, '2025-05-29 15:30:50'),
	(2, 1, 8235, '2025-09-29 11:44:50'),
	(3, 1, 8900, '2025-02-14 20:57:50'),
	(4, 2, 1001, '2025-09-16 20:16:16'),
	(5, 2, 1064, '2025-11-27 08:57:16'),
	(6, 2, 1300, '2025-01-24 10:29:16'),
	(7, 3, 19029, '2023-07-13 14:50:52'),
	(8, 3, 17473, '2023-12-28 17:42:52'),
	(9, 3, 15079, '2025-05-15 05:23:52'),
	(10, 3, 12781, '2025-10-16 05:23:52'),
	(11, 3, 10900, '2025-12-20 01:59:52'),
	(12, 4, 2500, '2025-12-20 05:11:49'),
	(13, 5, 3525, '2025-02-07 01:56:16'),
	(14, 5, 3058, '2025-04-13 06:13:16'),
	(15, 5, 3299, '2025-09-25 21:21:16'),
	(16, 5, 3629, '2025-11-01 09:06:16'),
	(17, 5, 3600, '2025-02-08 23:15:16'),
	(18, 6, 21500, '2025-03-29 17:24:56'),
	(19, 7, 11135, '2025-07-16 12:37:55'),
	(20, 7, 9700, '2025-11-04 13:03:55'),
	(21, 7, 8238, '2025-12-17 20:36:55'),
	(22, 7, 9700, '2025-03-10 12:24:55'),
	(23, 8, 16293, '2023-12-18 01:34:38'),
	(24, 8, 18747, '2025-03-16 23:11:38'),
	(25, 8, 18773, '2025-09-08 19:41:38'),
	(26, 8, 18200, '2025-12-27 23:43:38'),
	(27, 9, 3867, '2025-12-22 16:15:12'),
	(28, 9, 3400, '2025-02-13 06:15:12'),
	(29, 10, 14899, '2025-06-11 15:19:09'),
	(30, 10, 17376, '2025-08-24 08:51:09'),
	(31, 10, 16178, '2025-12-02 08:28:09'),
	(32, 10, 19200, '2025-02-17 09:45:09'),
	(33, 11, 3493, '2025-01-31 11:59:57'),
	(34, 11, 4200, '2025-03-18 05:39:57'),
	(35, 12, 8458, '2025-09-14 17:19:01'),
	(36, 12, 8700, '2025-12-04 17:51:01'),
	(37, 13, 2091, '2025-11-13 00:21:36'),
	(38, 13, 2100, '2025-03-07 20:26:36'),
	(39, 14, 7957, '2025-12-25 07:40:30'),
	(40, 14, 6900, '2025-05-02 18:47:30'),
	(41, 15, 12174, '2025-10-03 23:39:02'),
	(42, 15, 11200, '2025-01-01 15:26:02'),
	(43, 16, 400, '2025-04-11 11:07:55'),
	(44, 17, 338, '2025-01-23 12:10:50'),
	(45, 17, 324, '2025-06-15 15:37:50'),
	(46, 17, 372, '2025-12-11 20:07:50'),
	(47, 17, 350, '2025-03-01 06:58:50'),
	(48, 18, 34764, '2023-10-07 15:49:40'),
	(49, 18, 35950, '2025-03-12 21:40:40'),
	(50, 18, 32325, '2025-08-17 18:13:40'),
	(51, 18, 32000, '2025-12-27 11:54:40'),
	(52, 19, 26445, '2025-09-08 20:00:04'),
	(53, 19, 29500, '2025-01-06 20:58:04'),
	(54, 20, 32226, '2025-05-04 23:00:29'),
	(55, 20, 31006, '2025-10-11 15:28:29'),
	(56, 20, 31917, '2025-11-11 07:46:29'),
	(57, 20, 28500, '2025-02-22 02:06:29'),
	(58, 21, 1379, '2025-02-23 00:23:39'),
	(59, 21, 1212, '2025-08-01 14:45:39'),
	(60, 21, 1396, '2025-10-10 19:19:39'),
	(61, 21, 1552, '2025-02-06 22:52:39'),
	(62, 21, 1500, '2025-04-05 06:31:39'),
	(63, 22, 2266, '2025-07-22 06:09:42'),
	(64, 22, 2083, '2025-08-30 10:58:42'),
	(65, 22, 2000, '2025-02-07 03:38:42'),
	(66, 23, 8940, '2025-06-10 06:19:43'),
	(67, 23, 9143, '2025-07-27 10:34:43'),
	(68, 23, 11360, '2025-09-30 23:05:43'),
	(69, 23, 13500, '2025-03-28 19:43:43'),
	(70, 24, 2700, '2025-03-31 14:00:31'),
	(71, 25, 4723, '2023-11-27 03:31:30'),
	(72, 25, 4525, '2025-05-03 08:10:30'),
	(73, 25, 4112, '2025-10-17 11:20:30'),
	(74, 25, 4232, '2025-03-13 06:03:30'),
	(75, 25, 3800, '2025-05-17 15:50:30'),
	(76, 26, 23947, '2025-09-12 12:52:22'),
	(77, 26, 22500, '2025-01-17 13:38:22'),
	(78, 27, 7744, '2023-10-24 12:02:52'),
	(79, 27, 7683, '2025-02-10 12:50:52'),
	(80, 27, 7488, '2025-03-28 05:42:52'),
	(81, 27, 9212, '2025-08-05 03:21:52'),
	(82, 27, 10200, '2025-01-22 18:15:52'),
	(83, 28, 15277, '2023-12-12 17:15:01'),
	(84, 28, 16535, '2025-02-14 18:36:01'),
	(85, 28, 16903, '2025-07-11 13:34:01'),
	(86, 28, 16553, '2025-10-21 13:13:01'),
	(87, 28, 19000, '2025-02-05 21:31:01'),
	(88, 29, 3700, '2023-11-20 02:43:16'),
	(89, 29, 3406, '2025-03-05 21:28:16'),
	(90, 29, 3179, '2025-06-19 23:28:16'),
	(91, 29, 3438, '2025-08-10 07:42:16'),
	(92, 29, 3600, '2025-12-23 11:32:16'),
	(93, 30, 18337, '2025-08-05 10:02:30'),
	(94, 30, 17513, '2025-02-01 07:31:30'),
	(95, 30, 19800, '2025-04-16 05:15:30'),
	(96, 31, 11500, '2025-02-27 12:12:37'),
	(97, 32, 7624, '2025-11-19 04:41:50'),
	(98, 32, 8900, '2025-01-29 18:20:50'),
	(99, 33, 1941, '2025-05-04 21:29:09'),
	(100, 33, 2196, '2025-09-09 15:14:09'),
	(101, 33, 2051, '2025-10-20 20:33:09'),
	(102, 33, 2300, '2025-12-08 11:06:09'),
	(103, 34, 8522, '2025-01-07 09:37:54'),
	(104, 34, 7260, '2025-02-16 14:46:54'),
	(105, 34, 7200, '2025-05-09 16:23:54'),
	(106, 35, 10085, '2025-06-18 05:35:10'),
	(107, 35, 11634, '2025-11-03 02:42:10'),
	(108, 35, 11800, '2025-02-21 09:42:10'),
	(109, 36, 417, '2025-04-13 12:59:23'),
	(110, 36, 375, '2025-08-08 14:33:23'),
	(111, 36, 368, '2025-10-24 09:58:23'),
	(112, 36, 450, '2025-01-24 15:32:23'),
	(113, 37, 476, '2025-09-13 11:27:45'),
	(114, 37, 472, '2025-10-31 17:40:45'),
	(115, 37, 400, '2025-12-02 23:11:45'),
	(116, 38, 22950, '2025-11-01 13:49:16'),
	(117, 38, 25298, '2025-01-16 06:00:16'),
	(118, 38, 31000, '2025-03-13 09:08:16'),
	(119, 39, 24516, '2025-11-28 21:26:23'),
	(120, 39, 30000, '2025-03-07 10:40:23'),
	(121, 40, 23768, '2023-11-03 00:02:04'),
	(122, 40, 22088, '2025-04-08 01:27:04'),
	(123, 40, 22568, '2025-08-06 21:20:04'),
	(124, 40, 25741, '2025-11-29 14:50:04'),
	(125, 40, 29000, '2025-03-15 17:35:04'),
	(126, 41, 1390, '2025-10-25 01:14:59'),
	(127, 41, 1574, '2025-12-18 14:08:59'),
	(128, 41, 1600, '2025-04-06 10:36:59'),
	(129, 42, 2729, '2023-11-16 10:45:24'),
	(130, 42, 2992, '2025-05-09 08:32:24'),
	(131, 42, 2507, '2025-09-27 18:10:24'),
	(132, 42, 2100, '2025-02-16 09:13:24'),
	(133, 43, 14934, '2025-06-01 01:22:01'),
	(134, 43, 15154, '2025-11-04 01:36:01'),
	(135, 43, 14500, '2025-03-07 11:14:01'),
	(136, 44, 3432, '2025-01-03 02:31:59'),
	(137, 44, 2900, '2025-02-11 06:09:59'),
	(138, 45, 4000, '2025-01-17 14:06:41'),
	(139, 46, 31451, '2023-10-04 16:44:12'),
	(140, 46, 30147, '2025-03-30 02:57:12'),
	(141, 46, 27278, '2025-08-12 19:32:12'),
	(142, 46, 23500, '2025-12-26 10:11:12'),
	(143, 47, 9833, '2025-12-24 21:15:03'),
	(144, 47, 9172, '2025-02-10 15:10:03'),
	(145, 47, 9800, '2025-03-18 11:39:03'),
	(146, 48, 15962, '2025-10-18 05:33:26'),
	(147, 48, 19500, '2025-04-03 02:44:26'),
	(148, 49, 3700, '2025-03-31 18:29:19'),
	(149, 50, 13898, '2025-05-10 20:13:26'),
	(150, 50, 17338, '2025-08-31 13:12:26'),
	(151, 50, 20500, '2025-02-28 03:02:26'),
	(152, 51, 4600, '2025-04-22 22:46:52'),
	(153, 52, 9100, '2025-03-28 20:58:49'),
	(154, 53, 2480, '2025-03-24 05:18:59'),
	(155, 53, 2200, '2025-05-12 19:45:59'),
	(156, 54, 7100, '2025-05-14 19:55:06'),
	(157, 55, 9522, '2025-06-12 17:45:08'),
	(158, 55, 10861, '2025-10-30 09:29:08'),
	(159, 55, 12000, '2025-12-31 15:51:08'),
	(160, 56, 501, '2025-05-31 07:46:08'),
	(161, 56, 438, '2025-07-10 23:12:08'),
	(162, 56, 478, '2025-12-05 10:54:08'),
	(163, 56, 448, '2025-02-17 09:47:08'),
	(164, 56, 500, '2025-03-30 01:13:08'),
	(165, 57, 450, '2025-12-16 11:26:20'),
	(166, 58, 8832, '2025-06-25 16:24:03'),
	(167, 58, 8692, '2025-11-09 17:01:03'),
	(168, 58, 8500, '2025-02-08 12:37:03'),
	(169, 59, 5771, '2025-01-14 10:36:30'),
	(170, 59, 6477, '2025-06-05 02:41:30'),
	(171, 59, 7696, '2025-11-11 22:32:30'),
	(172, 59, 7500, '2025-03-03 20:30:30'),
	(173, 60, 7000, '2025-02-22 15:39:39'),
	(174, 61, 1502, '2025-10-01 13:30:47'),
	(175, 61, 1700, '2025-02-06 01:48:47'),
	(176, 62, 2690, '2025-05-13 10:55:31'),
	(177, 62, 2603, '2025-09-04 10:31:31'),
	(178, 62, 2200, '2025-12-01 06:08:31'),
	(179, 63, 15500, '2025-02-11 22:45:23'),
	(180, 64, 3707, '2025-02-19 05:45:10'),
	(181, 64, 3100, '2025-04-22 19:41:10'),
	(182, 65, 3527, '2025-06-11 06:17:26'),
	(183, 65, 3669, '2025-11-26 05:59:26'),
	(184, 65, 4200, '2025-04-06 05:58:26'),
	(185, 66, 23550, '2025-08-10 08:36:50'),
	(186, 66, 24500, '2025-02-02 19:26:50'),
	(187, 67, 10685, '2025-12-24 15:07:11'),
	(188, 67, 12802, '2025-01-25 12:17:11'),
	(189, 67, 10700, '2025-05-03 01:08:11'),
	(190, 68, 27755, '2025-05-13 02:00:53'),
	(191, 68, 24020, '2025-10-02 23:30:53'),
	(192, 68, 22124, '2025-12-15 15:03:53'),
	(193, 68, 20000, '2025-04-12 09:32:53'),
	(194, 69, 3941, '2025-02-16 01:15:48'),
	(195, 69, 3800, '2025-05-09 04:16:48'),
	(196, 70, 20847, '2025-11-23 07:35:44'),
	(197, 70, 18983, '2025-12-28 17:33:44'),
	(198, 70, 18000, '2025-02-05 02:04:44'),
	(199, 71, 12895, '2025-09-17 17:02:54'),
	(200, 71, 11000, '2025-12-07 20:42:54'),
	(201, 72, 9500, '2025-02-17 18:50:47'),
	(202, 73, 2400, '2025-02-25 07:24:23'),
	(203, 74, 7400, '2025-02-19 09:54:04'),
	(204, 75, 16230, '2025-06-06 04:20:27'),
	(205, 75, 15152, '2025-07-06 10:58:27'),
	(206, 75, 14160, '2025-09-19 08:47:27'),
	(207, 75, 12200, '2025-03-14 14:12:27'),
	(208, 76, 431, '2025-05-30 22:13:54'),
	(209, 76, 407, '2025-11-19 10:05:54'),
	(210, 76, 480, '2025-04-23 20:20:54'),
	(211, 77, 305, '2025-07-30 00:07:52'),
	(212, 77, 368, '2025-09-03 03:57:52'),
	(213, 77, 374, '2025-10-25 17:02:52'),
	(214, 77, 350, '2025-01-05 05:22:52'),
	(215, 78, 8827, '2025-12-03 04:58:17'),
	(216, 78, 8700, '2025-04-02 07:07:17'),
	(217, 79, 8000, '2025-01-23 07:19:11'),
	(218, 80, 7500, '2025-12-11 15:19:01'),
	(219, 81, 1505, '2025-01-01 08:10:30'),
	(220, 81, 1800, '2025-03-29 05:53:30'),
	(221, 82, 2338, '2025-03-15 22:05:17'),
	(222, 82, 2142, '2025-06-20 14:35:17'),
	(223, 82, 1885, '2025-07-26 08:55:17'),
	(224, 82, 2197, '2025-01-17 09:27:17'),
	(225, 82, 2300, '2025-04-12 09:09:17'),
	(226, 83, 16889, '2025-06-20 20:51:33'),
	(227, 83, 17552, '2025-10-09 14:04:33'),
	(228, 83, 16500, '2025-12-19 13:10:33'),
	(229, 84, 2634, '2025-10-17 18:30:09'),
	(230, 84, 2907, '2025-02-20 06:10:09'),
	(231, 84, 3300, '2025-05-16 06:09:09'),
	(232, 85, 3976, '2025-06-07 01:40:17'),
	(233, 85, 4542, '2025-07-17 16:00:17'),
	(234, 85, 3852, '2025-10-14 17:29:17'),
	(235, 85, 4480, '2025-11-15 21:29:17'),
	(236, 85, 4500, '2025-05-09 15:08:17'),
	(237, 86, 22092, '2023-11-03 17:19:14'),
	(238, 86, 22093, '2025-02-21 17:17:14'),
	(239, 86, 20539, '2025-07-01 21:45:14'),
	(240, 86, 25500, '2025-12-01 01:06:14'),
	(241, 87, 9033, '2025-07-04 02:28:37'),
	(242, 87, 8173, '2025-11-17 09:43:37'),
	(243, 87, 9900, '2025-12-25 05:06:37'),
	(244, 88, 20500, '2025-03-15 21:57:48'),
	(245, 89, 3744, '2025-07-30 19:26:43'),
	(246, 89, 4366, '2025-11-22 13:08:43'),
	(247, 89, 3900, '2025-01-04 15:14:43'),
	(248, 90, 24644, '2025-08-07 05:25:45'),
	(249, 90, 21125, '2025-10-01 08:52:45'),
	(250, 90, 19500, '2025-02-03 15:52:45'),
	(251, 91, 3861, '2025-06-24 19:59:31'),
	(252, 91, 4110, '2025-11-10 00:20:31'),
	(253, 91, 4798, '2025-03-21 02:07:31'),
	(254, 91, 4800, '2025-04-28 08:50:31'),
	(255, 92, 8953, '2025-07-05 02:02:04'),
	(256, 92, 8757, '2025-08-30 04:40:04'),
	(257, 92, 8171, '2025-10-10 17:26:04'),
	(258, 92, 9300, '2025-01-11 16:00:04'),
	(259, 93, 2709, '2025-01-09 03:50:58'),
	(260, 93, 2500, '2025-03-08 04:34:58'),
	(261, 94, 7790, '2025-01-25 10:31:48'),
	(262, 94, 8469, '2025-03-28 19:48:48'),
	(263, 94, 7781, '2025-06-21 22:55:48'),
	(264, 94, 7600, '2025-12-19 01:15:48'),
	(265, 95, 12500, '2025-04-20 01:58:26'),
	(266, 96, 538, '2023-12-16 21:05:57'),
	(267, 96, 594, '2025-04-17 14:42:57'),
	(268, 96, 607, '2025-08-16 22:52:57'),
	(269, 96, 520, '2025-12-11 12:08:57'),
	(270, 97, 459, '2025-07-16 03:11:45'),
	(271, 97, 460, '2025-01-11 01:40:45'),
	(272, 98, 35182, '2025-06-05 18:46:34'),
	(273, 98, 37520, '2025-12-01 19:02:34'),
	(274, 98, 33000, '2025-03-14 13:29:34'),
	(275, 99, 28405, '2023-10-19 22:50:12'),
	(276, 99, 35386, '2025-02-19 17:56:12'),
	(277, 99, 32592, '2025-06-29 21:44:12'),
	(278, 99, 29328, '2025-11-02 17:08:12'),
	(279, 99, 31000, '2025-02-14 09:10:12'),
	(280, 100, 28094, '2025-12-03 06:26:56'),
	(281, 100, 29500, '2025-01-14 10:24:56'),
	(282, 101, 2039, '2025-10-27 11:53:21'),
	(283, 101, 1800, '2025-04-18 02:28:21'),
	(284, 102, 2300, '2025-04-07 19:56:18'),
	(285, 103, 11037, '2025-04-07 15:39:28'),
	(286, 103, 13393, '2025-10-02 04:14:28'),
	(287, 103, 16000, '2025-12-28 13:08:28'),
	(288, 104, 3500, '2025-12-21 09:04:44'),
	(289, 105, 2806, '2023-12-15 23:14:03'),
	(290, 105, 3234, '2025-04-26 11:10:03'),
	(291, 105, 3849, '2025-07-04 21:45:03'),
	(292, 105, 4600, '2025-12-16 01:13:03'),
	(293, 106, 24581, '2025-06-15 05:14:21'),
	(294, 106, 24248, '2025-10-04 14:01:21'),
	(295, 106, 26500, '2025-03-22 07:12:21'),
	(296, 107, 11971, '2025-07-03 14:53:49'),
	(297, 107, 10289, '2025-12-25 04:17:49'),
	(298, 107, 11000, '2025-04-23 14:08:49'),
	(299, 108, 16545, '2025-10-09 16:29:54'),
	(300, 108, 17112, '2025-11-21 23:43:54'),
	(301, 108, 21000, '2025-12-24 15:08:54'),
	(302, 109, 2968, '2025-05-02 03:25:54'),
	(303, 109, 3497, '2025-06-01 21:05:54'),
	(304, 109, 4219, '2025-11-08 03:32:54'),
	(305, 109, 4000, '2025-04-15 03:19:54'),
	(306, 110, 18534, '2025-03-08 08:11:58'),
	(307, 110, 20000, '2025-04-28 18:57:58'),
	(308, 111, 4412, '2025-06-02 22:54:00'),
	(309, 111, 5010, '2025-10-26 12:53:00'),
	(310, 111, 5000, '2025-01-15 08:18:00'),
	(311, 112, 10932, '2025-12-19 12:47:31'),
	(312, 112, 9500, '2025-03-21 01:28:31'),
	(313, 113, 2600, '2025-02-09 08:12:30'),
	(314, 114, 7524, '2025-07-05 21:26:48'),
	(315, 114, 6951, '2025-08-27 01:00:48'),
	(316, 114, 7800, '2025-02-10 19:47:48'),
	(317, 115, 12800, '2025-02-21 10:29:36'),
	(318, 116, 491, '2025-09-28 23:00:38'),
	(319, 116, 554, '2025-12-01 11:31:38'),
	(320, 116, 621, '2025-03-07 13:30:38'),
	(321, 116, 550, '2025-05-09 10:23:38'),
	(322, 117, 510, '2025-06-08 07:29:47'),
	(323, 117, 466, '2025-08-12 06:29:47'),
	(324, 117, 480, '2025-01-12 17:41:47'),
	(325, 118, 9000, '2025-01-10 01:48:22'),
	(326, 119, 7010, '2025-06-08 16:39:34'),
	(327, 119, 6123, '2025-08-23 11:55:34'),
	(328, 119, 6957, '2025-10-25 09:59:34'),
	(329, 119, 8500, '2025-12-30 12:03:34'),
	(330, 120, 8844, '2025-05-24 21:46:56'),
	(331, 120, 8734, '2025-09-04 01:06:56'),
	(332, 120, 7358, '2025-12-29 02:47:56'),
	(333, 120, 8000, '2025-05-01 12:04:56'),
	(334, 121, 1943, '2025-09-26 03:35:53'),
	(335, 121, 1900, '2025-12-14 21:31:53'),
	(336, 122, 2025, '2025-08-12 13:30:54'),
	(337, 122, 1734, '2025-09-13 01:13:54'),
	(338, 122, 1982, '2025-12-09 14:50:54'),
	(339, 122, 2400, '2025-02-01 09:14:54'),
	(340, 123, 15000, '2025-02-24 01:14:58'),
	(341, 124, 2979, '2023-09-21 17:44:50'),
	(342, 124, 2835, '2025-03-10 05:11:50'),
	(343, 124, 3122, '2025-06-21 00:55:50'),
	(344, 124, 2891, '2025-07-24 11:03:50'),
	(345, 124, 3200, '2025-12-04 03:05:50'),
	(346, 125, 4400, '2025-05-07 19:08:39'),
	(347, 126, 25937, '2025-01-11 02:12:13'),
	(348, 126, 24000, '2025-03-16 01:12:13'),
	(349, 127, 10994, '2025-11-20 15:09:35'),
	(350, 127, 10200, '2025-03-30 13:29:35'),
	(351, 128, 24854, '2025-12-31 07:42:22'),
	(352, 128, 21000, '2025-03-29 21:33:22'),
	(353, 129, 3882, '2025-05-10 04:18:42'),
	(354, 129, 3795, '2025-08-01 13:57:42'),
	(355, 129, 3538, '2025-10-21 20:38:42'),
	(356, 129, 4000, '2025-12-05 09:13:42'),
	(357, 130, 21856, '2025-12-30 09:52:22'),
	(358, 130, 20500, '2025-03-23 21:45:22'),
	(359, 131, 4862, '2025-11-01 17:30:42'),
	(360, 131, 5000, '2025-03-13 06:24:42'),
	(361, 132, 9551, '2025-11-18 10:48:46'),
	(362, 132, 9500, '2025-12-28 03:22:46'),
	(363, 133, 2850, '2025-04-05 15:04:30'),
	(364, 133, 2662, '2025-08-26 00:52:30'),
	(365, 133, 2700, '2025-02-13 16:28:30'),
	(366, 134, 9094, '2025-04-01 17:12:06'),
	(367, 134, 8487, '2025-07-08 01:42:06'),
	(368, 134, 8798, '2025-09-02 03:50:06'),
	(369, 134, 7476, '2025-12-21 04:30:06'),
	(370, 134, 8000, '2025-04-29 15:27:06'),
	(371, 135, 14733, '2025-08-19 06:01:53'),
	(372, 135, 13995, '2025-12-06 08:08:53'),
	(373, 135, 13000, '2025-01-22 12:36:53'),
	(374, 136, 543, '2023-08-30 14:49:19'),
	(375, 136, 502, '2023-11-24 09:49:19'),
	(376, 136, 459, '2025-03-15 03:32:19'),
	(377, 136, 452, '2025-06-22 08:27:19'),
	(378, 136, 550, '2025-12-18 00:00:19'),
	(379, 137, 372, '2023-12-30 01:47:06'),
	(380, 137, 331, '2025-02-09 20:05:06'),
	(381, 137, 356, '2025-06-19 00:41:06'),
	(382, 137, 444, '2025-10-10 12:27:06'),
	(383, 137, 480, '2025-03-15 21:01:06'),
	(384, 138, 39703, '2025-09-28 17:56:42'),
	(385, 138, 38135, '2025-01-05 22:15:42'),
	(386, 138, 34000, '2025-05-02 13:01:42'),
	(387, 139, 22017, '2025-07-14 06:53:30'),
	(388, 139, 24374, '2025-09-02 22:24:30'),
	(389, 139, 30071, '2025-01-08 05:01:30'),
	(390, 139, 32000, '2025-04-08 02:15:30'),
	(391, 140, 30500, '2025-04-17 00:22:56'),
	(392, 141, 2167, '2025-09-23 14:18:17'),
	(393, 141, 1899, '2025-01-04 06:03:17'),
	(394, 141, 1900, '2025-02-25 12:22:17'),
	(395, 142, 2782, '2025-12-11 02:49:54'),
	(396, 142, 2400, '2025-04-12 06:39:54'),
	(397, 143, 15728, '2025-08-25 12:21:20'),
	(398, 143, 16500, '2025-01-13 14:57:20'),
	(399, 144, 3228, '2025-02-25 04:01:52'),
	(400, 144, 3600, '2025-05-18 03:58:52'),
	(401, 145, 4800, '2025-01-16 17:25:37'),
	(402, 146, 31354, '2025-11-12 13:56:22'),
	(403, 146, 27500, '2025-03-20 03:39:22'),
	(404, 147, 13499, '2025-07-23 13:08:11'),
	(405, 147, 11800, '2025-09-15 00:22:11'),
	(406, 147, 11500, '2025-02-20 19:37:11'),
	(407, 148, 22000, '2025-01-30 08:33:19'),
	(408, 149, 4200, '2025-01-29 11:53:03'),
	(409, 150, 26360, '2025-06-23 08:38:23'),
	(410, 150, 22023, '2025-08-21 16:39:23'),
	(411, 150, 20500, '2025-12-22 01:05:23'),
	(412, 151, 4023, '2025-03-31 20:58:12'),
	(413, 151, 3613, '2025-05-11 18:33:12'),
	(414, 151, 4330, '2025-09-18 04:57:12'),
	(415, 151, 5200, '2025-02-12 00:00:12'),
	(416, 152, 9800, '2025-05-12 04:24:06'),
	(417, 153, 2700, '2025-04-12 21:36:45'),
	(418, 154, 6646, '2023-12-05 08:51:27'),
	(419, 154, 7900, '2025-04-24 01:51:27'),
	(420, 154, 8361, '2025-10-02 06:42:27'),
	(421, 154, 7589, '2025-11-06 06:54:27'),
	(422, 154, 8000, '2025-04-21 16:08:27'),
	(423, 155, 13000, '2025-12-26 03:54:27'),
	(424, 156, 481, '2023-10-09 10:58:22'),
	(425, 156, 417, '2025-04-03 21:52:22'),
	(426, 156, 506, '2025-08-13 10:34:22'),
	(427, 156, 600, '2025-01-26 14:45:22'),
	(428, 157, 373, '2023-12-22 12:15:44'),
	(429, 157, 438, '2025-04-19 01:48:44'),
	(430, 157, 481, '2025-07-17 18:03:44'),
	(431, 157, 597, '2025-10-19 22:55:44'),
	(432, 157, 500, '2025-02-19 20:34:44'),
	(433, 158, 11180, '2025-06-18 07:23:15'),
	(434, 158, 12229, '2025-09-09 07:26:15'),
	(435, 158, 12159, '2025-01-17 19:27:15'),
	(436, 158, 10988, '2025-04-10 12:55:15'),
	(437, 158, 9500, '2025-05-15 16:51:15'),
	(438, 159, 5913, '2025-03-25 12:29:52'),
	(439, 159, 7113, '2025-05-01 07:34:52'),
	(440, 159, 8381, '2025-07-11 07:05:52'),
	(441, 159, 9000, '2025-12-22 15:52:52'),
	(442, 160, 9762, '2025-08-02 01:25:43'),
	(443, 160, 9049, '2025-09-09 20:32:43'),
	(444, 160, 8500, '2025-01-06 14:22:43'),
	(445, 161, 2271, '2025-05-11 08:19:54'),
	(446, 161, 2201, '2025-06-24 23:05:54'),
	(447, 161, 2082, '2025-10-12 05:53:54'),
	(448, 161, 2000, '2025-02-22 00:06:54'),
	(449, 162, 2500, '2025-02-16 18:37:15'),
	(450, 163, 10823, '2025-01-11 08:25:04'),
	(451, 163, 13321, '2025-05-26 19:19:04'),
	(452, 163, 13585, '2025-10-06 11:58:04'),
	(453, 163, 16500, '2025-11-27 14:07:04'),
	(454, 164, 4591, '2025-03-30 18:26:05'),
	(455, 164, 3854, '2025-08-25 19:20:05'),
	(456, 164, 4087, '2025-10-16 08:37:05'),
	(457, 164, 3500, '2025-01-14 00:38:05'),
	(458, 165, 5218, '2025-09-03 17:23:33'),
	(459, 165, 4600, '2025-01-21 01:30:33'),
	(460, 166, 21910, '2023-07-24 02:02:26'),
	(461, 166, 19935, '2025-01-12 01:22:26'),
	(462, 166, 22937, '2025-05-27 17:05:26'),
	(463, 166, 27266, '2025-11-06 01:23:26'),
	(464, 166, 25000, '2025-02-16 15:41:26'),
	(465, 167, 10722, '2025-02-01 05:27:27'),
	(466, 167, 10500, '2025-03-21 17:58:27'),
	(467, 168, 16350, '2023-04-19 23:25:07'),
	(468, 168, 16814, '2023-08-20 08:23:07'),
	(469, 168, 19116, '2025-02-05 05:13:07'),
	(470, 168, 21114, '2025-06-24 10:35:07'),
	(471, 168, 22000, '2025-12-12 06:22:07'),
	(472, 169, 4156, '2023-07-26 03:04:52'),
	(473, 169, 4593, '2025-01-09 07:11:52'),
	(474, 169, 4899, '2025-03-20 03:12:52'),
	(475, 169, 4526, '2025-08-03 02:57:52'),
	(476, 169, 4200, '2025-12-08 10:22:52'),
	(477, 170, 21488, '2025-04-06 03:16:52'),
	(478, 170, 19933, '2025-09-10 17:19:52'),
	(479, 170, 21000, '2025-02-24 09:05:52'),
	(480, 171, 4335, '2025-06-26 12:32:51'),
	(481, 171, 5200, '2025-12-18 02:06:51'),
	(482, 172, 11409, '2025-10-25 12:12:52'),
	(483, 172, 9700, '2025-12-11 22:51:52'),
	(484, 173, 2475, '2025-12-23 17:22:50'),
	(485, 173, 2800, '2025-05-11 11:16:50'),
	(486, 174, 9684, '2025-09-12 03:58:17'),
	(487, 174, 8200, '2025-12-25 00:04:17'),
	(488, 175, 14246, '2025-11-13 23:34:10'),
	(489, 175, 13500, '2025-02-26 10:03:10'),
	(490, 176, 597, '2025-03-10 15:26:59'),
	(491, 176, 635, '2025-06-20 03:28:59'),
	(492, 176, 580, '2025-11-18 06:34:59'),
	(493, 176, 580, '2025-03-12 22:16:59'),
	(494, 177, 523, '2025-02-26 07:02:16'),
	(495, 177, 473, '2025-05-27 05:08:16'),
	(496, 177, 401, '2025-11-09 02:22:16'),
	(497, 177, 500, '2025-02-01 21:24:16'),
	(498, 178, 35000, '2025-03-22 15:09:55'),
	(499, 179, 45521, '2025-11-19 10:55:46'),
	(500, 179, 38525, '2025-03-05 06:10:46'),
	(501, 179, 33000, '2025-04-26 01:40:46'),
	(502, 180, 34986, '2025-02-07 22:55:46'),
	(503, 180, 31500, '2025-03-25 04:08:46'),
	(504, 181, 2344, '2025-11-16 23:58:08'),
	(505, 181, 1972, '2025-03-11 08:24:08'),
	(506, 181, 2000, '2025-04-30 19:54:08'),
	(507, 182, 2612, '2025-10-12 08:08:50'),
	(508, 182, 3165, '2025-12-23 02:16:50'),
	(509, 182, 2859, '2025-02-06 22:07:50'),
	(510, 182, 2500, '2025-04-18 01:00:50'),
	(511, 183, 18517, '2025-02-06 20:21:12'),
	(512, 183, 17000, '2025-05-06 10:25:12'),
	(513, 184, 2159, '2023-12-12 13:21:11'),
	(514, 184, 2033, '2025-02-14 12:52:11'),
	(515, 184, 2419, '2025-07-28 16:07:11'),
	(516, 184, 3007, '2025-12-20 15:45:11'),
	(517, 184, 3700, '2025-01-29 09:57:11'),
	(518, 185, 3760, '2025-02-11 18:59:53'),
	(519, 185, 3826, '2025-04-02 20:27:53'),
	(520, 185, 4108, '2025-08-19 06:42:53'),
	(521, 185, 5000, '2025-12-26 00:32:53'),
	(522, 186, 28500, '2025-03-27 12:57:00'),
	(523, 187, 12000, '2025-01-20 13:58:00'),
	(524, 188, 26761, '2023-12-18 11:02:34'),
	(525, 188, 22529, '2025-05-26 23:03:34'),
	(526, 188, 23800, '2025-09-30 11:41:34'),
	(527, 188, 21825, '2025-12-07 11:40:34'),
	(528, 188, 23000, '2025-03-22 12:16:34'),
	(529, 189, 4398, '2025-06-30 08:16:40'),
	(530, 189, 5084, '2025-11-28 03:55:40'),
	(531, 189, 5092, '2025-01-10 14:26:40'),
	(532, 189, 4400, '2025-03-04 05:55:40'),
	(533, 190, 23466, '2025-07-01 17:51:51'),
	(534, 190, 21000, '2025-12-03 01:44:51'),
	(535, 191, 6819, '2023-10-02 03:00:06'),
	(536, 191, 5984, '2025-03-07 22:04:06'),
	(537, 191, 6804, '2025-05-09 16:53:06'),
	(538, 191, 6416, '2025-10-27 07:46:06'),
	(539, 191, 5400, '2025-11-30 21:57:06'),
	(540, 192, 10546, '2025-03-04 06:40:27'),
	(541, 192, 8839, '2025-05-25 11:07:27'),
	(542, 192, 9892, '2025-09-13 06:16:27'),
	(543, 192, 9938, '2025-11-11 08:00:27'),
	(544, 192, 10000, '2025-02-06 03:34:27'),
	(545, 193, 2479, '2025-05-07 04:56:53'),
	(546, 193, 2918, '2025-10-29 08:39:53'),
	(547, 193, 2800, '2025-04-05 05:31:53'),
	(548, 194, 7914, '2025-02-12 11:48:13'),
	(549, 194, 8200, '2025-03-29 07:55:13'),
	(550, 195, 12788, '2025-02-09 17:45:29'),
	(551, 195, 13500, '2025-05-13 04:03:29'),
	(552, 196, 650, '2025-04-14 18:40:57'),
	(553, 197, 486, '2025-01-01 15:39:41'),
	(554, 197, 544, '2025-05-08 11:48:41'),
	(555, 197, 587, '2025-09-04 11:19:41'),
	(556, 197, 552, '2025-11-04 09:19:41'),
	(557, 197, 520, '2025-03-22 04:01:41'),
	(558, 198, 13628, '2025-03-13 02:10:12'),
	(559, 198, 11802, '2025-04-13 01:23:12'),
	(560, 198, 9853, '2025-06-04 00:36:12'),
	(561, 198, 9922, '2025-11-03 02:20:12'),
	(562, 198, 10000, '2025-02-09 19:10:12'),
	(563, 199, 8618, '2025-04-09 04:03:46'),
	(564, 199, 9122, '2025-09-08 09:26:46'),
	(565, 199, 7995, '2025-10-18 08:15:46'),
	(566, 199, 9500, '2025-12-03 22:24:46'),
	(567, 200, 7458, '2025-07-30 08:50:35'),
	(568, 200, 9000, '2025-01-22 21:52:35'),
	(569, 201, 2100, '2025-03-06 21:01:40'),
	(570, 202, 2360, '2025-07-27 19:24:06'),
	(571, 202, 2496, '2025-10-18 16:40:06'),
	(572, 202, 2600, '2025-01-07 17:45:06'),
	(573, 203, 16000, '2025-12-16 00:50:03'),
	(574, 204, 3400, '2025-02-07 07:50:23'),
	(575, 205, 4800, '2025-12-22 20:06:18'),
	(576, 206, 31350, '2025-01-13 03:55:39'),
	(577, 206, 30731, '2025-06-19 22:38:39'),
	(578, 206, 29335, '2025-09-25 15:38:39'),
	(579, 206, 26000, '2025-01-30 00:45:39'),
	(580, 207, 12016, '2023-12-11 00:41:49'),
	(581, 207, 12036, '2025-04-16 11:31:49'),
	(582, 207, 12294, '2025-06-17 01:43:49'),
	(583, 207, 10700, '2025-12-12 17:29:49'),
	(584, 208, 21896, '2025-08-26 18:07:05'),
	(585, 208, 21215, '2025-10-26 14:58:05'),
	(586, 208, 22000, '2025-03-18 21:58:05'),
	(587, 209, 4577, '2023-12-30 05:41:30'),
	(588, 209, 4034, '2025-06-27 15:31:30'),
	(589, 209, 4823, '2025-09-22 17:02:30'),
	(590, 209, 4400, '2025-03-14 14:48:30'),
	(591, 210, 18134, '2025-08-06 23:42:05'),
	(592, 210, 21500, '2025-12-01 01:29:05'),
	(593, 211, 5464, '2025-04-04 11:48:57'),
	(594, 211, 5822, '2025-07-28 03:35:57'),
	(595, 211, 5450, '2025-10-05 21:17:57'),
	(596, 211, 5400, '2025-01-27 06:08:57'),
	(597, 212, 11239, '2025-10-17 23:35:44'),
	(598, 212, 9900, '2025-12-04 09:36:44'),
	(599, 213, 2898, '2025-06-07 04:56:57'),
	(600, 213, 2711, '2025-09-29 05:38:57'),
	(601, 213, 2900, '2025-12-25 02:24:57'),
	(602, 214, 6440, '2025-05-10 15:28:04'),
	(603, 214, 7035, '2025-06-10 21:26:04'),
	(604, 214, 6658, '2025-12-08 08:53:04'),
	(605, 214, 7056, '2025-01-18 00:39:04'),
	(606, 214, 8400, '2025-05-06 14:25:04'),
	(607, 215, 14000, '2025-12-14 07:46:17'),
	(608, 216, 600, '2025-01-24 10:28:46'),
	(609, 217, 351, '2023-07-14 19:39:17'),
	(610, 217, 343, '2023-12-12 11:36:17'),
	(611, 217, 345, '2025-04-20 04:34:17'),
	(612, 217, 428, '2025-08-31 03:30:17'),
	(613, 217, 520, '2025-02-02 12:57:17'),
	(614, 218, 32608, '2025-01-01 23:30:09'),
	(615, 218, 36000, '2025-02-21 22:21:09'),
	(616, 219, 17923, '2023-08-18 19:37:43'),
	(617, 219, 21786, '2025-02-11 02:32:43'),
	(618, 219, 23190, '2025-08-04 05:55:43'),
	(619, 219, 27986, '2025-10-27 16:52:43'),
	(620, 219, 34000, '2025-03-12 00:05:43'),
	(621, 220, 32500, '2025-04-07 16:50:24'),
	(622, 221, 2556, '2025-11-07 05:25:44'),
	(623, 221, 2257, '2025-01-01 08:12:44'),
	(624, 221, 2100, '2025-03-07 22:37:44'),
	(625, 222, 2804, '2025-01-05 20:25:18'),
	(626, 222, 2743, '2025-02-25 07:40:18'),
	(627, 222, 2600, '2025-04-05 04:53:18'),
	(628, 223, 15679, '2025-09-03 18:41:14'),
	(629, 223, 17500, '2025-02-06 06:45:14'),
	(630, 224, 3994, '2025-09-17 16:47:26'),
	(631, 224, 3335, '2025-12-17 21:47:26'),
	(632, 224, 3800, '2025-05-04 20:22:26'),
	(633, 225, 5013, '2025-04-09 06:56:59'),
	(634, 225, 5845, '2025-08-11 10:38:59'),
	(635, 225, 5200, '2025-12-24 10:59:59'),
	(636, 226, 29500, '2025-12-29 11:41:48'),
	(637, 227, 12500, '2025-05-09 11:55:15'),
	(638, 228, 24000, '2025-04-19 05:23:45'),
	(639, 229, 4449, '2025-04-26 05:52:23'),
	(640, 229, 5296, '2025-06-22 01:00:23'),
	(641, 229, 5052, '2025-09-08 14:34:23'),
	(642, 229, 5283, '2025-12-03 11:17:23'),
	(643, 229, 4600, '2025-02-28 11:57:23'),
	(644, 230, 21500, '2025-12-17 17:42:10'),
	(645, 231, 5607, '2025-08-11 23:29:45'),
	(646, 231, 5600, '2025-02-08 21:48:45'),
	(647, 232, 11020, '2023-06-22 18:41:05'),
	(648, 232, 11988, '2023-10-02 17:09:05'),
	(649, 232, 11342, '2025-03-05 17:40:05'),
	(650, 232, 10166, '2025-07-24 07:08:05'),
	(651, 232, 10200, '2025-01-10 18:03:05'),
	(652, 233, 3487, '2023-10-05 08:14:49'),
	(653, 233, 3071, '2025-02-06 23:08:49'),
	(654, 233, 3225, '2025-07-07 11:42:49'),
	(655, 233, 2752, '2025-09-22 08:48:49'),
	(656, 233, 2900, '2025-02-12 18:20:49'),
	(657, 234, 8400, '2025-05-16 16:19:48'),
	(658, 235, 14339, '2025-07-25 21:12:59'),
	(659, 235, 14000, '2025-12-03 13:44:59'),
	(660, 236, 700, '2025-03-01 14:24:47'),
	(661, 237, 536, '2025-04-08 12:28:14'),
	(662, 237, 502, '2025-05-12 13:38:14'),
	(663, 237, 425, '2025-10-19 00:19:14'),
	(664, 237, 479, '2025-12-31 20:13:14'),
	(665, 237, 550, '2025-02-22 04:36:14'),
	(666, 238, 11133, '2025-04-23 07:40:11'),
	(667, 238, 11158, '2025-08-23 02:39:11'),
	(668, 238, 10500, '2025-02-08 01:08:11'),
	(669, 239, 8969, '2025-07-13 04:42:38'),
	(670, 239, 9476, '2025-12-13 02:42:38'),
	(671, 239, 10000, '2025-01-17 20:11:38'),
	(672, 240, 10263, '2025-10-15 19:48:18'),
	(673, 240, 9500, '2025-02-06 13:04:18'),
	(674, 241, 2257, '2025-03-24 23:22:24'),
	(675, 241, 2034, '2025-05-19 15:42:24'),
	(676, 241, 1815, '2025-08-23 01:34:24'),
	(677, 241, 2016, '2025-01-11 22:42:24'),
	(678, 241, 2200, '2025-05-09 11:31:24'),
	(679, 242, 2695, '2025-05-13 22:34:33'),
	(680, 242, 2765, '2025-07-10 11:31:33'),
	(681, 242, 2621, '2025-11-16 03:39:33'),
	(682, 242, 2700, '2025-04-29 05:25:33'),
	(683, 243, 14167, '2025-05-30 19:12:59'),
	(684, 243, 12851, '2025-09-02 05:57:59'),
	(685, 243, 14859, '2025-01-03 15:36:59'),
	(686, 243, 16500, '2025-02-28 03:35:59'),
	(687, 244, 3709, '2023-10-17 22:21:17'),
	(688, 244, 3504, '2023-12-22 04:45:17'),
	(689, 244, 3607, '2025-03-18 20:02:17'),
	(690, 244, 4174, '2025-08-12 23:37:17'),
	(691, 244, 3500, '2025-12-07 19:50:17'),
	(692, 245, 5000, '2025-02-05 20:32:15'),
	(693, 246, 27042, '2023-09-15 02:39:24'),
	(694, 246, 26671, '2023-12-06 11:19:24'),
	(695, 246, 27206, '2025-02-06 03:39:24'),
	(696, 246, 24372, '2025-07-01 19:30:24'),
	(697, 246, 27000, '2025-11-28 07:21:24'),
	(698, 247, 9570, '2025-11-25 19:03:01'),
	(699, 247, 11000, '2025-04-09 20:05:01'),
	(700, 248, 23000, '2025-04-15 13:54:21'),
	(701, 249, 4545, '2025-11-19 17:18:30'),
	(702, 249, 4600, '2025-03-20 06:05:30'),
	(703, 250, 22000, '2025-12-07 20:22:13');

INSERT INTO `povijest_zaliha` (`id`, `skladiste_id`, `proizvod_id`, `kolicina`, `datum`, `opis`) VALUES
	(1, 4, 1, 473, '2025-01-01 00:00:00', 'Početno stanje'),
	(2, 5, 1, 109, '2025-01-01 00:00:00', 'Početno stanje'),
	(3, 7, 1, 2, '2025-01-01 00:00:00', 'Početno stanje'),
	(4, 1, 10, 469, '2025-01-01 00:00:00', 'Početno stanje'),
	(5, 1, 10, 468, '2025-01-13 12:18:27', 'Prodaja - Narudžba #5'),
	(6, 1, 10, 467, '2025-04-16 18:00:00', 'Prodaja - Narudžba #89'),
	(7, 1, 10, 464, '2025-05-15 14:15:00', 'Prodaja - Narudžba #118'),
	(8, 4, 10, 241, '2025-01-01 00:00:00', 'Početno stanje'),
	(9, 9, 10, 103, '2025-01-01 00:00:00', 'Početno stanje'),
	(10, 10, 100, 0, '2025-01-01 00:00:00', 'Početno stanje'),
	(11, 10, 100, -3, '2025-03-27 13:00:00', 'Prodaja - Narudžba #69'),
	(12, 10, 100, -6, '2025-04-27 11:45:00', 'Prodaja - Narudžba #100'),
	(13, 4, 100, 26, '2025-01-01 00:00:00', 'Početno stanje'),
	(14, 9, 100, 456, '2025-01-01 00:00:00', 'Početno stanje'),
	(15, 1, 101, 261, '2025-01-01 00:00:00', 'Početno stanje'),
	(16, 4, 101, 86, '2025-01-01 00:00:00', 'Početno stanje'),
	(17, 9, 101, 278, '2025-01-01 00:00:00', 'Početno stanje'),
	(18, 10, 102, 300, '2025-01-01 00:00:00', 'Početno stanje'),
	(19, 10, 102, 298, '2025-01-08 10:05:33', 'Prodaja - Narudžba #3'),
	(20, 3, 103, 50, '2025-01-01 00:00:00', 'Početno stanje'),
	(21, 7, 103, 393, '2025-01-01 00:00:00', 'Početno stanje'),
	(22, 7, 103, 392, '2025-03-06 16:45:00', 'Prodaja - Narudžba #48'),
	(23, 7, 103, 390, '2025-04-19 11:45:00', 'Prodaja - Narudžba #92'),
	(24, 8, 103, 260, '2025-01-01 00:00:00', 'Početno stanje'),
	(25, 10, 104, 406, '2025-01-01 00:00:00', 'Početno stanje'),
	(26, 4, 104, 171, '2025-01-01 00:00:00', 'Početno stanje'),
	(27, 4, 104, 168, '2025-04-23 16:45:00', 'Prodaja - Narudžba #96'),
	(28, 4, 104, 165, '2025-05-19 09:15:00', 'Prodaja - Narudžba #122'),
	(29, 1, 105, 65, '2025-01-01 00:00:00', 'Početno stanje'),
	(30, 2, 105, 442, '2025-01-01 00:00:00', 'Početno stanje'),
	(31, 2, 105, 441, '2025-04-25 09:15:00', 'Prodaja - Narudžba #98'),
	(32, 5, 106, 363, '2025-01-01 00:00:00', 'Početno stanje'),
	(33, 5, 106, 362, '2025-01-28 11:45:00', 'Prodaja - Narudžba #13'),
	(34, 5, 106, 361, '2025-04-24 18:00:00', 'Prodaja - Narudžba #97'),
	(35, 4, 107, 212, '2025-01-01 00:00:00', 'Početno stanje'),
	(36, 5, 107, 233, '2025-01-01 00:00:00', 'Početno stanje'),
	(37, 5, 107, 232, '2025-02-14 11:45:00', 'Prodaja - Narudžba #28'),
	(38, 5, 107, 229, '2025-03-18 11:45:00', 'Prodaja - Narudžba #60'),
	(39, 5, 107, 228, '2025-03-23 18:00:00', 'Prodaja - Narudžba #65'),
	(40, 10, 108, 90, '2025-01-01 00:00:00', 'Početno stanje'),
	(41, 10, 108, 87, '2025-03-21 15:30:00', 'Prodaja - Narudžba #63'),
	(42, 3, 108, 81, '2025-01-01 00:00:00', 'Početno stanje'),
	(43, 5, 108, 220, '2025-01-01 00:00:00', 'Početno stanje'),
	(44, 9, 109, 442, '2025-01-01 00:00:00', 'Početno stanje'),
	(45, 9, 109, 441, '2025-02-04 11:00:00', 'Prodaja - Narudžba #18'),
	(46, 9, 109, 439, '2025-05-12 10:30:00', 'Prodaja - Narudžba #115'),
	(47, 2, 11, 333, '2025-01-01 00:00:00', 'Početno stanje'),
	(48, 2, 11, 332, '2025-02-02 09:30:00', 'Prodaja - Narudžba #16'),
	(49, 2, 11, 331, '2025-04-11 11:45:00', 'Prodaja - Narudžba #84'),
	(50, 2, 11, 329, '2025-04-21 14:15:00', 'Prodaja - Narudžba #94'),
	(51, 2, 11, 328, '2025-05-03 09:15:00', 'Prodaja - Narudžba #106'),
	(52, 3, 110, 241, '2025-01-01 00:00:00', 'Početno stanje'),
	(53, 3, 110, 239, '2025-03-19 13:00:00', 'Prodaja - Narudžba #61'),
	(54, 3, 110, 237, '2025-04-18 10:30:00', 'Prodaja - Narudžba #91'),
	(55, 3, 110, 236, '2025-04-29 14:15:00', 'Prodaja - Narudžba #102'),
	(56, 4, 110, 372, '2025-01-01 00:00:00', 'Početno stanje'),
	(57, 6, 110, 47, '2025-01-01 00:00:00', 'Početno stanje'),
	(58, 5, 111, 54, '2025-01-01 00:00:00', 'Početno stanje'),
	(59, 5, 111, 51, '2025-03-13 15:30:00', 'Prodaja - Narudžba #55'),
	(60, 2, 112, 224, '2025-01-01 00:00:00', 'Početno stanje'),
	(61, 9, 112, 253, '2025-01-01 00:00:00', 'Početno stanje'),
	(62, 9, 112, 251, '2025-01-10 11:44:02', 'Prodaja - Narudžba #4'),
	(63, 7, 113, 411, '2025-01-01 00:00:00', 'Početno stanje'),
	(64, 7, 113, 410, '2025-03-19 13:00:00', 'Prodaja - Narudžba #61'),
	(65, 7, 113, 409, '2025-05-06 13:00:00', 'Prodaja - Narudžba #109'),
	(66, 2, 114, 16, '2025-01-01 00:00:00', 'Početno stanje'),
	(67, 6, 114, 384, '2025-01-01 00:00:00', 'Početno stanje'),
	(68, 6, 114, 382, '2025-01-27 10:30:00', 'Prodaja - Narudžba #12'),
	(69, 6, 114, 379, '2025-03-15 18:00:00', 'Prodaja - Narudžba #57'),
	(70, 8, 114, 102, '2025-01-01 00:00:00', 'Početno stanje'),
	(71, 3, 115, 311, '2025-01-01 00:00:00', 'Početno stanje'),
	(72, 8, 116, 29, '2025-01-01 00:00:00', 'Početno stanje'),
	(73, 8, 116, 27, '2025-04-14 15:30:00', 'Prodaja - Narudžba #87'),
	(74, 7, 117, 47, '2025-01-01 00:00:00', 'Početno stanje'),
	(75, 7, 117, 44, '2025-02-04 11:00:00', 'Prodaja - Narudžba #18'),
	(76, 7, 117, 43, '2025-03-16 09:15:00', 'Prodaja - Narudžba #58'),
	(77, 7, 117, 40, '2025-03-29 15:30:00', 'Prodaja - Narudžba #71'),
	(78, 1, 118, 224, '2025-01-01 00:00:00', 'Početno stanje'),
	(79, 10, 118, 266, '2025-01-01 00:00:00', 'Početno stanje'),
	(80, 10, 118, 264, '2025-04-08 18:00:00', 'Prodaja - Narudžba #81'),
	(81, 9, 118, 499, '2025-01-01 00:00:00', 'Početno stanje'),
	(82, 6, 119, 218, '2025-01-01 00:00:00', 'Početno stanje'),
	(83, 1, 12, 193, '2025-01-01 00:00:00', 'Početno stanje'),
	(84, 1, 12, 192, '2025-01-05 09:11:45', 'Prodaja - Narudžba #2'),
	(85, 1, 12, 191, '2025-01-28 11:45:00', 'Prodaja - Narudžba #13'),
	(86, 1, 12, 188, '2025-04-21 14:15:00', 'Prodaja - Narudžba #94'),
	(87, 2, 12, 183, '2025-01-01 00:00:00', 'Početno stanje'),
	(88, 7, 12, 127, '2025-01-01 00:00:00', 'Početno stanje'),
	(89, 10, 120, 107, '2025-01-01 00:00:00', 'Početno stanje'),
	(90, 8, 120, 376, '2025-01-01 00:00:00', 'Početno stanje'),
	(91, 9, 120, 313, '2025-01-01 00:00:00', 'Početno stanje'),
	(92, 9, 120, 312, '2025-03-27 13:00:00', 'Prodaja - Narudžba #69'),
	(93, 9, 120, 309, '2025-04-05 14:15:00', 'Prodaja - Narudžba #78'),
	(94, 2, 121, 316, '2025-01-01 00:00:00', 'Početno stanje'),
	(95, 2, 121, 313, '2025-04-01 09:15:00', 'Prodaja - Narudžba #74'),
	(96, 2, 121, 311, '2025-05-04 10:30:00', 'Prodaja - Narudžba #107'),
	(97, 4, 121, 407, '2025-01-01 00:00:00', 'Početno stanje'),
	(98, 8, 121, 485, '2025-01-01 00:00:00', 'Početno stanje'),
	(99, 9, 122, 130, '2025-01-01 00:00:00', 'Početno stanje'),
	(100, 9, 122, 127, '2025-02-12 09:15:00', 'Prodaja - Narudžba #26'),
	(101, 9, 123, 468, '2025-01-01 00:00:00', 'Početno stanje'),
	(102, 9, 123, 466, '2025-01-30 15:15:00', 'Prodaja - Narudžba #15'),
	(103, 9, 123, 463, '2025-03-12 14:15:00', 'Prodaja - Narudžba #54'),
	(104, 1, 124, 214, '2025-01-01 00:00:00', 'Početno stanje'),
	(105, 5, 124, 188, '2025-01-01 00:00:00', 'Početno stanje'),
	(106, 2, 125, 180, '2025-01-01 00:00:00', 'Početno stanje'),
	(107, 4, 125, 53, '2025-01-01 00:00:00', 'Početno stanje'),
	(108, 4, 125, 50, '2025-02-03 10:45:00', 'Prodaja - Narudžba #17'),
	(109, 4, 125, 48, '2025-04-10 10:30:00', 'Prodaja - Narudžba #83'),
	(110, 6, 126, 51, '2025-01-01 00:00:00', 'Početno stanje'),
	(111, 6, 126, 50, '2025-03-14 16:45:00', 'Prodaja - Narudžba #56'),
	(112, 6, 126, 48, '2025-04-01 09:15:00', 'Prodaja - Narudžba #74'),
	(113, 6, 126, 45, '2025-04-06 15:30:00', 'Prodaja - Narudžba #79'),
	(114, 10, 127, 417, '2025-01-01 00:00:00', 'Početno stanje'),
	(115, 3, 127, 262, '2025-01-01 00:00:00', 'Početno stanje'),
	(116, 9, 127, 420, '2025-01-01 00:00:00', 'Početno stanje'),
	(117, 2, 128, 240, '2025-01-01 00:00:00', 'Početno stanje'),
	(118, 2, 128, 238, '2025-02-21 10:30:00', 'Prodaja - Narudžba #35'),
	(119, 10, 129, 221, '2025-01-01 00:00:00', 'Početno stanje'),
	(120, 6, 129, 249, '2025-01-01 00:00:00', 'Početno stanje'),
	(121, 6, 129, 248, '2025-02-21 10:30:00', 'Prodaja - Narudžba #35'),
	(122, 6, 129, 245, '2025-03-02 11:45:00', 'Prodaja - Narudžba #44'),
	(123, 6, 129, 242, '2025-03-03 13:00:00', 'Prodaja - Narudžba #45'),
	(124, 6, 129, 239, '2025-04-01 09:15:00', 'Prodaja - Narudžba #74'),
	(125, 6, 129, 238, '2025-05-12 10:30:00', 'Prodaja - Narudžba #115'),
	(126, 2, 13, 183, '2025-01-01 00:00:00', 'Početno stanje'),
	(127, 2, 13, 181, '2025-01-10 11:44:02', 'Prodaja - Narudžba #4'),
	(128, 6, 13, 281, '2025-01-01 00:00:00', 'Početno stanje'),
	(129, 9, 13, 209, '2025-01-01 00:00:00', 'Početno stanje'),
	(130, 3, 130, 169, '2025-01-01 00:00:00', 'Početno stanje'),
	(131, 3, 130, 167, '2025-04-09 09:15:00', 'Prodaja - Narudžba #82'),
	(132, 2, 131, 342, '2025-01-01 00:00:00', 'Početno stanje'),
	(133, 4, 131, 328, '2025-01-01 00:00:00', 'Početno stanje'),
	(134, 5, 131, 241, '2025-01-01 00:00:00', 'Početno stanje'),
	(135, 10, 132, 493, '2025-01-01 00:00:00', 'Početno stanje'),
	(136, 10, 132, 490, '2025-01-26 09:00:00', 'Prodaja - Narudžba #11'),
	(137, 10, 132, 488, '2025-02-02 09:30:00', 'Prodaja - Narudžba #16'),
	(138, 10, 132, 485, '2025-03-09 10:30:00', 'Prodaja - Narudžba #51'),
	(139, 10, 132, 482, '2025-03-22 16:45:00', 'Prodaja - Narudžba #64'),
	(140, 3, 133, 445, '2025-01-01 00:00:00', 'Početno stanje'),
	(141, 3, 133, 443, '2025-01-10 11:44:02', 'Prodaja - Narudžba #4'),
	(142, 3, 133, 442, '2025-02-05 12:15:00', 'Prodaja - Narudžba #19'),
	(143, 3, 133, 441, '2025-02-22 11:45:00', 'Prodaja - Narudžba #36'),
	(144, 4, 133, 436, '2025-01-01 00:00:00', 'Početno stanje'),
	(145, 9, 133, 295, '2025-01-01 00:00:00', 'Početno stanje'),
	(146, 8, 134, 340, '2025-01-01 00:00:00', 'Početno stanje'),
	(147, 8, 134, 339, '2025-01-20 16:21:09', 'Prodaja - Narudžba #8'),
	(148, 8, 134, 338, '2025-02-20 09:15:00', 'Prodaja - Narudžba #34'),
	(149, 8, 134, 337, '2025-05-05 11:45:00', 'Prodaja - Narudžba #108'),
	(150, 10, 135, 66, '2025-01-01 00:00:00', 'Početno stanje'),
	(151, 5, 135, 85, '2025-01-01 00:00:00', 'Početno stanje'),
	(152, 5, 135, 83, '2025-01-15 13:55:12', 'Prodaja - Narudžba #6'),
	(153, 5, 135, 81, '2025-03-06 16:45:00', 'Prodaja - Narudžba #48'),
	(154, 5, 136, 254, '2025-01-01 00:00:00', 'Početno stanje'),
	(155, 5, 136, 252, '2025-05-19 09:15:00', 'Prodaja - Narudžba #122'),
	(156, 4, 137, 268, '2025-01-01 00:00:00', 'Početno stanje'),
	(157, 6, 137, 12, '2025-01-01 00:00:00', 'Početno stanje'),
	(158, 6, 137, 10, '2025-04-06 15:30:00', 'Prodaja - Narudžba #79'),
	(159, 1, 138, 476, '2025-01-01 00:00:00', 'Početno stanje'),
	(160, 1, 138, 474, '2025-04-08 18:00:00', 'Prodaja - Narudžba #81'),
	(161, 6, 138, 80, '2025-01-01 00:00:00', 'Početno stanje'),
	(162, 4, 139, 163, '2025-01-01 00:00:00', 'Početno stanje'),
	(163, 4, 139, 161, '2025-03-02 11:45:00', 'Prodaja - Narudžba #44'),
	(164, 4, 139, 160, '2025-05-20 10:30:00', 'Prodaja - Narudžba #123'),
	(165, 6, 139, 298, '2025-01-01 00:00:00', 'Početno stanje'),
	(166, 6, 14, 111, '2025-01-01 00:00:00', 'Početno stanje'),
	(167, 6, 14, 110, '2025-02-02 09:30:00', 'Prodaja - Narudžba #16'),
	(168, 6, 14, 109, '2025-03-16 09:15:00', 'Prodaja - Narudžba #58'),
	(169, 10, 140, 270, '2025-01-01 00:00:00', 'Početno stanje'),
	(170, 2, 140, 83, '2025-01-01 00:00:00', 'Početno stanje'),
	(171, 9, 140, 334, '2025-01-01 00:00:00', 'Početno stanje'),
	(172, 9, 140, 333, '2025-03-05 15:30:00', 'Prodaja - Narudžba #47'),
	(173, 9, 140, 330, '2025-04-17 09:15:00', 'Prodaja - Narudžba #90'),
	(174, 9, 140, 329, '2025-05-15 14:15:00', 'Prodaja - Narudžba #118'),
	(175, 1, 141, 462, '2025-01-01 00:00:00', 'Početno stanje'),
	(176, 5, 141, 338, '2025-01-01 00:00:00', 'Početno stanje'),
	(177, 5, 141, 335, '2025-03-30 16:45:00', 'Prodaja - Narudžba #72'),
	(178, 7, 141, 400, '2025-01-01 00:00:00', 'Početno stanje'),
	(179, 1, 142, 323, '2025-01-01 00:00:00', 'Početno stanje'),
	(180, 5, 142, 269, '2025-01-01 00:00:00', 'Početno stanje'),
	(181, 5, 142, 266, '2025-04-21 14:15:00', 'Prodaja - Narudžba #94'),
	(182, 6, 142, 127, '2025-01-01 00:00:00', 'Početno stanje'),
	(183, 3, 143, 178, '2025-01-01 00:00:00', 'Početno stanje'),
	(184, 5, 143, 465, '2025-01-01 00:00:00', 'Početno stanje'),
	(185, 5, 143, 464, '2025-04-07 16:45:00', 'Prodaja - Narudžba #80'),
	(186, 6, 143, 37, '2025-01-01 00:00:00', 'Početno stanje'),
	(187, 10, 144, 118, '2025-01-01 00:00:00', 'Početno stanje'),
	(188, 3, 144, 60, '2025-01-01 00:00:00', 'Početno stanje'),
	(189, 5, 144, 449, '2025-01-01 00:00:00', 'Početno stanje'),
	(190, 5, 144, 447, '2025-05-21 11:45:00', 'Prodaja - Narudžba #124'),
	(191, 2, 145, 403, '2025-01-01 00:00:00', 'Početno stanje'),
	(192, 4, 145, 462, '2025-01-01 00:00:00', 'Početno stanje'),
	(193, 2, 146, 272, '2025-01-01 00:00:00', 'Početno stanje'),
	(194, 5, 146, 377, '2025-01-01 00:00:00', 'Početno stanje'),
	(195, 5, 146, 375, '2025-01-18 14:33:50', 'Prodaja - Narudžba #7'),
	(196, 5, 146, 374, '2025-02-11 18:00:00', 'Prodaja - Narudžba #25'),
	(197, 5, 146, 372, '2025-04-04 13:00:00', 'Prodaja - Narudžba #77'),
	(198, 5, 146, 369, '2025-04-13 14:15:00', 'Prodaja - Narudžba #86'),
	(199, 6, 146, 420, '2025-01-01 00:00:00', 'Početno stanje'),
	(200, 6, 147, 275, '2025-01-01 00:00:00', 'Početno stanje'),
	(201, 9, 147, 262, '2025-01-01 00:00:00', 'Početno stanje'),
	(202, 9, 147, 259, '2025-02-02 09:30:00', 'Prodaja - Narudžba #16'),
	(203, 9, 147, 257, '2025-03-20 14:15:00', 'Prodaja - Narudžba #62'),
	(204, 9, 147, 255, '2025-04-10 10:30:00', 'Prodaja - Narudžba #83'),
	(205, 9, 147, 253, '2025-04-16 18:00:00', 'Prodaja - Narudžba #89'),
	(206, 3, 148, 218, '2025-01-01 00:00:00', 'Početno stanje'),
	(207, 8, 148, 329, '2025-01-01 00:00:00', 'Početno stanje'),
	(208, 8, 148, 327, '2025-02-15 13:00:00', 'Prodaja - Narudžba #29'),
	(209, 8, 148, 326, '2025-02-25 15:30:00', 'Prodaja - Narudžba #39'),
	(210, 8, 148, 323, '2025-04-19 11:45:00', 'Prodaja - Narudžba #92'),
	(211, 2, 149, 12, '2025-01-01 00:00:00', 'Početno stanje'),
	(212, 6, 149, 196, '2025-01-01 00:00:00', 'Početno stanje'),
	(213, 9, 149, 63, '2025-01-01 00:00:00', 'Početno stanje'),
	(214, 10, 15, 344, '2025-01-01 00:00:00', 'Početno stanje'),
	(215, 2, 15, 73, '2025-01-01 00:00:00', 'Početno stanje'),
	(216, 3, 15, 378, '2025-01-01 00:00:00', 'Početno stanje'),
	(217, 10, 150, 242, '2025-01-01 00:00:00', 'Početno stanje'),
	(218, 4, 150, 323, '2025-01-01 00:00:00', 'Početno stanje'),
	(219, 7, 150, 94, '2025-01-01 00:00:00', 'Početno stanje'),
	(220, 7, 150, 92, '2025-03-15 18:00:00', 'Prodaja - Narudžba #57'),
	(221, 7, 150, 90, '2025-05-11 09:15:00', 'Prodaja - Narudžba #114'),
	(222, 2, 151, 15, '2025-01-01 00:00:00', 'Početno stanje'),
	(223, 5, 151, 232, '2025-01-01 00:00:00', 'Početno stanje'),
	(224, 6, 151, 14, '2025-01-01 00:00:00', 'Početno stanje'),
	(225, 1, 152, 417, '2025-01-01 00:00:00', 'Početno stanje'),
	(226, 1, 152, 415, '2025-01-20 16:21:09', 'Prodaja - Narudžba #8'),
	(227, 1, 152, 412, '2025-04-19 11:45:00', 'Prodaja - Narudžba #92'),
	(228, 1, 152, 410, '2025-05-25 16:45:00', 'Prodaja - Narudžba #128'),
	(229, 4, 152, 420, '2025-01-01 00:00:00', 'Početno stanje'),
	(230, 6, 152, 448, '2025-01-01 00:00:00', 'Početno stanje'),
	(231, 10, 153, 293, '2025-01-01 00:00:00', 'Početno stanje'),
	(232, 10, 153, 291, '2025-04-08 18:00:00', 'Prodaja - Narudžba #81'),
	(233, 10, 153, 290, '2025-05-06 13:00:00', 'Prodaja - Narudžba #109'),
	(234, 1, 154, 382, '2025-01-01 00:00:00', 'Početno stanje'),
	(235, 3, 154, 301, '2025-01-01 00:00:00', 'Početno stanje'),
	(236, 3, 154, 298, '2025-01-18 14:33:50', 'Prodaja - Narudžba #7'),
	(237, 5, 155, 106, '2025-01-01 00:00:00', 'Početno stanje'),
	(238, 8, 155, 413, '2025-01-01 00:00:00', 'Početno stanje'),
	(239, 6, 156, 77, '2025-01-01 00:00:00', 'Početno stanje'),
	(240, 7, 156, 330, '2025-01-01 00:00:00', 'Početno stanje'),
	(241, 2, 157, 58, '2025-01-01 00:00:00', 'Početno stanje'),
	(242, 4, 157, 259, '2025-01-01 00:00:00', 'Početno stanje'),
	(243, 4, 157, 256, '2025-03-21 15:30:00', 'Prodaja - Narudžba #63'),
	(244, 8, 157, 33, '2025-01-01 00:00:00', 'Početno stanje'),
	(245, 1, 158, 340, '2025-01-01 00:00:00', 'Početno stanje'),
	(246, 4, 158, 442, '2025-01-01 00:00:00', 'Početno stanje'),
	(247, 7, 158, 247, '2025-01-01 00:00:00', 'Početno stanje'),
	(248, 7, 158, 246, '2025-01-15 13:55:12', 'Prodaja - Narudžba #6'),
	(249, 7, 158, 243, '2025-01-20 16:21:09', 'Prodaja - Narudžba #8'),
	(250, 7, 158, 242, '2025-03-17 10:30:00', 'Prodaja - Narudžba #59'),
	(251, 7, 158, 241, '2025-05-20 10:30:00', 'Prodaja - Narudžba #123'),
	(252, 1, 159, 414, '2025-01-01 00:00:00', 'Početno stanje'),
	(253, 5, 159, 480, '2025-01-01 00:00:00', 'Početno stanje'),
	(254, 6, 159, 79, '2025-01-01 00:00:00', 'Početno stanje'),
	(255, 2, 16, 95, '2025-01-01 00:00:00', 'Početno stanje'),
	(256, 2, 16, 92, '2025-01-28 11:45:00', 'Prodaja - Narudžba #13'),
	(257, 10, 160, 349, '2025-01-01 00:00:00', 'Početno stanje'),
	(258, 10, 160, 348, '2025-02-08 15:00:00', 'Prodaja - Narudžba #22'),
	(259, 10, 160, 346, '2025-05-03 09:15:00', 'Prodaja - Narudžba #106'),
	(260, 1, 161, 357, '2025-01-01 00:00:00', 'Početno stanje'),
	(261, 10, 161, 92, '2025-01-01 00:00:00', 'Početno stanje'),
	(262, 9, 161, 162, '2025-01-01 00:00:00', 'Početno stanje'),
	(263, 8, 162, 32, '2025-01-01 00:00:00', 'Početno stanje'),
	(264, 8, 162, 30, '2025-01-08 10:05:33', 'Prodaja - Narudžba #3'),
	(265, 8, 162, 29, '2025-02-24 14:15:00', 'Prodaja - Narudžba #38'),
	(266, 8, 162, 26, '2025-03-09 10:30:00', 'Prodaja - Narudžba #51'),
	(267, 8, 162, 23, '2025-05-16 15:30:00', 'Prodaja - Narudžba #119'),
	(268, 9, 163, 428, '2025-01-01 00:00:00', 'Početno stanje'),
	(269, 9, 163, 427, '2025-03-04 14:15:00', 'Prodaja - Narudžba #46'),
	(270, 6, 164, 371, '2025-01-01 00:00:00', 'Početno stanje'),
	(271, 7, 164, 495, '2025-01-01 00:00:00', 'Početno stanje'),
	(272, 9, 164, 334, '2025-01-01 00:00:00', 'Početno stanje'),
	(273, 2, 165, 397, '2025-01-01 00:00:00', 'Početno stanje'),
	(274, 3, 165, 162, '2025-01-01 00:00:00', 'Početno stanje'),
	(275, 3, 165, 159, '2025-02-19 18:00:00', 'Prodaja - Narudžba #33'),
	(276, 3, 165, 157, '2025-03-31 18:00:00', 'Prodaja - Narudžba #73'),
	(277, 3, 165, 154, '2025-04-03 11:45:00', 'Prodaja - Narudžba #76'),
	(278, 5, 166, 304, '2025-01-01 00:00:00', 'Početno stanje'),
	(279, 5, 166, 302, '2025-03-09 10:30:00', 'Prodaja - Narudžba #51'),
	(280, 5, 166, 301, '2025-05-13 11:45:00', 'Prodaja - Narudžba #116'),
	(281, 5, 167, 472, '2025-01-01 00:00:00', 'Početno stanje'),
	(282, 8, 167, 9, '2025-01-01 00:00:00', 'Početno stanje'),
	(283, 8, 167, 7, '2025-05-16 15:30:00', 'Prodaja - Narudžba #119'),
	(284, 2, 168, 17, '2025-01-01 00:00:00', 'Početno stanje'),
	(285, 6, 168, 151, '2025-01-01 00:00:00', 'Početno stanje'),
	(286, 6, 168, 150, '2025-02-04 11:00:00', 'Prodaja - Narudžba #18'),
	(287, 6, 168, 149, '2025-02-16 14:15:00', 'Prodaja - Narudžba #30'),
	(288, 6, 168, 148, '2025-03-12 14:15:00', 'Prodaja - Narudžba #54'),
	(289, 6, 168, 146, '2025-03-26 11:45:00', 'Prodaja - Narudžba #68'),
	(290, 6, 168, 143, '2025-04-09 09:15:00', 'Prodaja - Narudžba #82'),
	(291, 8, 168, 384, '2025-01-01 00:00:00', 'Početno stanje'),
	(292, 2, 169, 340, '2025-01-01 00:00:00', 'Početno stanje'),
	(293, 2, 169, 338, '2025-03-27 13:00:00', 'Prodaja - Narudžba #69'),
	(294, 2, 169, 337, '2025-04-17 09:15:00', 'Prodaja - Narudžba #90'),
	(295, 7, 169, 102, '2025-01-01 00:00:00', 'Početno stanje'),
	(296, 9, 169, 439, '2025-01-01 00:00:00', 'Početno stanje'),
	(297, 10, 17, 76, '2025-01-01 00:00:00', 'Početno stanje'),
	(298, 7, 17, 483, '2025-01-01 00:00:00', 'Početno stanje'),
	(299, 5, 170, 166, '2025-01-01 00:00:00', 'Početno stanje'),
	(300, 5, 170, 164, '2025-05-02 18:00:00', 'Prodaja - Narudžba #105'),
	(301, 7, 170, 22, '2025-01-01 00:00:00', 'Početno stanje'),
	(302, 3, 171, 114, '2025-01-01 00:00:00', 'Početno stanje'),
	(303, 3, 171, 111, '2025-01-27 10:30:00', 'Prodaja - Narudžba #12'),
	(304, 3, 171, 109, '2025-04-06 15:30:00', 'Prodaja - Narudžba #79'),
	(305, 3, 172, 107, '2025-01-01 00:00:00', 'Početno stanje'),
	(306, 7, 172, 157, '2025-01-01 00:00:00', 'Početno stanje'),
	(307, 8, 172, 482, '2025-01-01 00:00:00', 'Početno stanje'),
	(308, 8, 172, 481, '2025-03-01 10:30:00', 'Prodaja - Narudžba #43'),
	(309, 7, 173, 170, '2025-01-01 00:00:00', 'Početno stanje'),
	(310, 7, 173, 167, '2025-04-29 14:15:00', 'Prodaja - Narudžba #102'),
	(311, 7, 173, 164, '2025-05-07 14:15:00', 'Prodaja - Narudžba #110'),
	(312, 7, 173, 161, '2025-05-12 10:30:00', 'Prodaja - Narudžba #115'),
	(313, 2, 174, 410, '2025-01-01 00:00:00', 'Početno stanje'),
	(314, 6, 174, 487, '2025-01-01 00:00:00', 'Početno stanje'),
	(315, 6, 174, 484, '2025-02-08 15:00:00', 'Prodaja - Narudžba #22'),
	(316, 4, 175, 325, '2025-01-01 00:00:00', 'Početno stanje'),
	(317, 5, 175, 499, '2025-01-01 00:00:00', 'Početno stanje'),
	(318, 4, 176, 444, '2025-01-01 00:00:00', 'Početno stanje'),
	(319, 4, 177, 217, '2025-01-01 00:00:00', 'Početno stanje'),
	(320, 9, 177, 47, '2025-01-01 00:00:00', 'Početno stanje'),
	(321, 10, 178, 83, '2025-01-01 00:00:00', 'Početno stanje'),
	(322, 10, 178, 82, '2025-03-18 11:45:00', 'Prodaja - Narudžba #60'),
	(323, 4, 179, 442, '2025-01-01 00:00:00', 'Početno stanje'),
	(324, 6, 179, 464, '2025-01-01 00:00:00', 'Početno stanje'),
	(325, 6, 179, 461, '2025-03-19 13:00:00', 'Prodaja - Narudžba #61'),
	(326, 6, 179, 459, '2025-03-26 11:45:00', 'Prodaja - Narudžba #68'),
	(327, 6, 179, 457, '2025-04-13 14:15:00', 'Prodaja - Narudžba #86'),
	(328, 10, 18, 410, '2025-01-01 00:00:00', 'Početno stanje'),
	(329, 2, 18, 456, '2025-01-01 00:00:00', 'Početno stanje'),
	(330, 2, 18, 455, '2025-02-05 12:15:00', 'Prodaja - Narudžba #19'),
	(331, 2, 18, 453, '2025-02-08 15:00:00', 'Prodaja - Narudžba #22'),
	(332, 2, 18, 452, '2025-02-20 09:15:00', 'Prodaja - Narudžba #34'),
	(333, 2, 18, 449, '2025-03-30 16:45:00', 'Prodaja - Narudžba #72'),
	(334, 2, 180, 130, '2025-01-01 00:00:00', 'Početno stanje'),
	(335, 2, 180, 128, '2025-04-16 18:00:00', 'Prodaja - Narudžba #89'),
	(336, 4, 181, 413, '2025-01-01 00:00:00', 'Početno stanje'),
	(337, 5, 181, 306, '2025-01-01 00:00:00', 'Početno stanje'),
	(338, 7, 181, 11, '2025-01-01 00:00:00', 'Početno stanje'),
	(339, 10, 182, 164, '2025-01-01 00:00:00', 'Početno stanje'),
	(340, 2, 182, 281, '2025-01-01 00:00:00', 'Početno stanje'),
	(341, 2, 182, 278, '2025-05-15 14:15:00', 'Prodaja - Narudžba #118'),
	(342, 5, 183, 115, '2025-01-01 00:00:00', 'Početno stanje'),
	(343, 5, 183, 113, '2025-03-06 16:45:00', 'Prodaja - Narudžba #48'),
	(344, 5, 183, 111, '2025-03-11 13:00:00', 'Prodaja - Narudžba #53'),
	(345, 9, 183, 363, '2025-01-01 00:00:00', 'Početno stanje'),
	(346, 7, 184, 341, '2025-01-01 00:00:00', 'Početno stanje'),
	(347, 7, 184, 338, '2025-04-30 15:30:00', 'Prodaja - Narudžba #103'),
	(348, 1, 185, 239, '2025-01-01 00:00:00', 'Početno stanje'),
	(349, 3, 185, 239, '2025-01-01 00:00:00', 'Početno stanje'),
	(350, 8, 186, 46, '2025-01-01 00:00:00', 'Početno stanje'),
	(351, 9, 186, 231, '2025-01-01 00:00:00', 'Početno stanje'),
	(352, 2, 187, 79, '2025-01-01 00:00:00', 'Početno stanje'),
	(353, 2, 187, 77, '2025-01-27 10:30:00', 'Prodaja - Narudžba #12'),
	(354, 2, 187, 74, '2025-01-29 14:00:00', 'Prodaja - Narudžba #14'),
	(355, 2, 187, 73, '2025-02-09 16:15:00', 'Prodaja - Narudžba #23'),
	(356, 2, 187, 72, '2025-04-18 10:30:00', 'Prodaja - Narudžba #91'),
	(357, 3, 187, 322, '2025-01-01 00:00:00', 'Početno stanje'),
	(358, 9, 187, 411, '2025-01-01 00:00:00', 'Početno stanje'),
	(359, 2, 188, 210, '2025-01-01 00:00:00', 'Početno stanje'),
	(360, 7, 188, 201, '2025-01-01 00:00:00', 'Početno stanje'),
	(361, 7, 188, 200, '2025-03-08 09:15:00', 'Prodaja - Narudžba #50'),
	(362, 1, 189, 7, '2025-01-01 00:00:00', 'Početno stanje'),
	(363, 2, 189, 438, '2025-01-01 00:00:00', 'Početno stanje'),
	(364, 2, 189, 436, '2025-03-07 18:00:00', 'Prodaja - Narudžba #49'),
	(365, 9, 189, 362, '2025-01-01 00:00:00', 'Početno stanje'),
	(366, 10, 19, 275, '2025-01-01 00:00:00', 'Početno stanje'),
	(367, 2, 190, 378, '2025-01-01 00:00:00', 'Početno stanje'),
	(368, 3, 190, 488, '2025-01-01 00:00:00', 'Početno stanje'),
	(369, 8, 190, 485, '2025-01-01 00:00:00', 'Početno stanje'),
	(370, 8, 190, 482, '2025-02-11 18:00:00', 'Prodaja - Narudžba #25'),
	(371, 8, 190, 479, '2025-04-26 10:30:00', 'Prodaja - Narudžba #99'),
	(372, 3, 191, 212, '2025-01-01 00:00:00', 'Početno stanje'),
	(373, 3, 191, 211, '2025-03-17 10:30:00', 'Prodaja - Narudžba #59'),
	(374, 3, 191, 208, '2025-04-13 14:15:00', 'Prodaja - Narudžba #86'),
	(375, 2, 192, 105, '2025-01-01 00:00:00', 'Početno stanje'),
	(376, 6, 192, 329, '2025-01-01 00:00:00', 'Početno stanje'),
	(377, 6, 192, 328, '2025-01-08 10:05:33', 'Prodaja - Narudžba #3'),
	(378, 6, 192, 326, '2025-03-14 16:45:00', 'Prodaja - Narudžba #56'),
	(379, 6, 192, 324, '2025-03-21 15:30:00', 'Prodaja - Narudžba #63'),
	(380, 7, 193, 481, '2025-01-01 00:00:00', 'Početno stanje'),
	(381, 7, 193, 479, '2025-03-02 11:45:00', 'Prodaja - Narudžba #44'),
	(382, 7, 193, 478, '2025-03-09 10:30:00', 'Prodaja - Narudžba #51'),
	(383, 3, 194, 147, '2025-01-01 00:00:00', 'Početno stanje'),
	(384, 6, 194, 129, '2025-01-01 00:00:00', 'Početno stanje'),
	(385, 9, 194, 485, '2025-01-01 00:00:00', 'Početno stanje'),
	(386, 9, 194, 482, '2025-02-21 10:30:00', 'Prodaja - Narudžba #35'),
	(387, 9, 194, 480, '2025-04-25 09:15:00', 'Prodaja - Narudžba #98'),
	(388, 9, 194, 477, '2025-04-30 15:30:00', 'Prodaja - Narudžba #103'),
	(389, 10, 195, 138, '2025-01-01 00:00:00', 'Početno stanje'),
	(390, 5, 195, 247, '2025-01-01 00:00:00', 'Početno stanje'),
	(391, 9, 195, 463, '2025-01-01 00:00:00', 'Početno stanje'),
	(392, 9, 196, 492, '2025-01-01 00:00:00', 'Početno stanje'),
	(393, 9, 196, 490, '2025-01-13 12:18:27', 'Prodaja - Narudžba #5'),
	(394, 9, 196, 487, '2025-04-27 11:45:00', 'Prodaja - Narudžba #100'),
	(395, 10, 197, 98, '2025-01-01 00:00:00', 'Početno stanje'),
	(396, 10, 197, 96, '2025-03-30 16:45:00', 'Prodaja - Narudžba #72'),
	(397, 5, 198, 423, '2025-01-01 00:00:00', 'Početno stanje'),
	(398, 8, 198, 94, '2025-01-01 00:00:00', 'Početno stanje'),
	(399, 8, 198, 91, '2025-03-08 09:15:00', 'Prodaja - Narudžba #50'),
	(400, 6, 199, 466, '2025-01-01 00:00:00', 'Početno stanje'),
	(401, 7, 199, 316, '2025-01-01 00:00:00', 'Početno stanje'),
	(402, 7, 199, 313, '2025-02-23 13:00:00', 'Prodaja - Narudžba #37'),
	(403, 9, 199, 117, '2025-01-01 00:00:00', 'Početno stanje'),
	(404, 7, 2, 466, '2025-01-01 00:00:00', 'Početno stanje'),
	(405, 8, 20, 124, '2025-01-01 00:00:00', 'Početno stanje'),
	(406, 8, 20, 122, '2025-01-08 10:05:33', 'Prodaja - Narudžba #3'),
	(407, 8, 20, 121, '2025-03-28 14:15:00', 'Prodaja - Narudžba #70'),
	(408, 4, 200, 123, '2025-01-01 00:00:00', 'Početno stanje'),
	(409, 4, 200, 122, '2025-04-15 16:45:00', 'Prodaja - Narudžba #88'),
	(410, 5, 200, 324, '2025-01-01 00:00:00', 'Početno stanje'),
	(411, 2, 201, 448, '2025-01-01 00:00:00', 'Početno stanje'),
	(412, 6, 201, 199, '2025-01-01 00:00:00', 'Početno stanje'),
	(413, 7, 201, 459, '2025-01-01 00:00:00', 'Početno stanje'),
	(414, 7, 201, 456, '2025-04-23 16:45:00', 'Prodaja - Narudžba #96'),
	(415, 7, 201, 453, '2025-05-22 13:00:00', 'Prodaja - Narudžba #125'),
	(416, 7, 202, 308, '2025-01-01 00:00:00', 'Početno stanje'),
	(417, 8, 202, 359, '2025-01-01 00:00:00', 'Početno stanje'),
	(418, 8, 203, 432, '2025-01-01 00:00:00', 'Početno stanje'),
	(419, 1, 204, 496, '2025-01-01 00:00:00', 'Početno stanje'),
	(420, 4, 204, 60, '2025-01-01 00:00:00', 'Početno stanje'),
	(421, 9, 204, 46, '2025-01-01 00:00:00', 'Početno stanje'),
	(422, 9, 204, 44, '2025-02-18 16:45:00', 'Prodaja - Narudžba #32'),
	(423, 4, 205, 184, '2025-01-01 00:00:00', 'Početno stanje'),
	(424, 4, 205, 181, '2025-02-07 14:45:00', 'Prodaja - Narudžba #21'),
	(425, 4, 205, 178, '2025-02-14 11:45:00', 'Prodaja - Narudžba #28'),
	(426, 4, 205, 176, '2025-03-01 10:30:00', 'Prodaja - Narudžba #43'),
	(427, 8, 205, 286, '2025-01-01 00:00:00', 'Početno stanje'),
	(428, 9, 205, 255, '2025-01-01 00:00:00', 'Početno stanje'),
	(429, 10, 206, 163, '2025-01-01 00:00:00', 'Početno stanje'),
	(430, 10, 206, 160, '2025-02-24 14:15:00', 'Prodaja - Narudžba #38'),
	(431, 3, 206, 286, '2025-01-01 00:00:00', 'Početno stanje'),
	(432, 6, 207, 471, '2025-01-01 00:00:00', 'Početno stanje'),
	(433, 6, 207, 468, '2025-04-02 10:30:00', 'Prodaja - Narudžba #75'),
	(434, 10, 208, 48, '2025-01-01 00:00:00', 'Početno stanje'),
	(435, 10, 208, 46, '2025-02-06 13:30:00', 'Prodaja - Narudžba #20'),
	(436, 10, 208, 44, '2025-05-11 09:15:00', 'Prodaja - Narudžba #114'),
	(437, 4, 208, 245, '2025-01-01 00:00:00', 'Početno stanje'),
	(438, 8, 208, 179, '2025-01-01 00:00:00', 'Početno stanje'),
	(439, 10, 209, 169, '2025-01-01 00:00:00', 'Početno stanje'),
	(440, 2, 21, 296, '2025-01-01 00:00:00', 'Početno stanje'),
	(441, 5, 21, 342, '2025-01-01 00:00:00', 'Početno stanje'),
	(442, 6, 21, 95, '2025-01-01 00:00:00', 'Početno stanje'),
	(443, 2, 210, 22, '2025-01-01 00:00:00', 'Početno stanje'),
	(444, 2, 210, 19, '2025-02-15 13:00:00', 'Prodaja - Narudžba #29'),
	(445, 7, 210, 127, '2025-01-01 00:00:00', 'Početno stanje'),
	(446, 10, 211, 374, '2025-01-01 00:00:00', 'Početno stanje'),
	(447, 10, 211, 371, '2025-02-19 18:00:00', 'Prodaja - Narudžba #33'),
	(448, 10, 211, 368, '2025-03-25 10:30:00', 'Prodaja - Narudžba #67'),
	(449, 10, 211, 367, '2025-05-08 15:30:00', 'Prodaja - Narudžba #111'),
	(450, 7, 211, 176, '2025-01-01 00:00:00', 'Početno stanje'),
	(451, 1, 212, 430, '2025-01-01 00:00:00', 'Početno stanje'),
	(452, 6, 212, 94, '2025-01-01 00:00:00', 'Početno stanje'),
	(453, 1, 213, 431, '2025-01-01 00:00:00', 'Početno stanje'),
	(454, 10, 213, 169, '2025-01-01 00:00:00', 'Početno stanje'),
	(455, 6, 213, 102, '2025-01-01 00:00:00', 'Početno stanje'),
	(456, 6, 213, 99, '2025-04-01 09:15:00', 'Prodaja - Narudžba #74'),
	(457, 10, 214, 339, '2025-01-01 00:00:00', 'Početno stanje'),
	(458, 5, 214, 140, '2025-01-01 00:00:00', 'Početno stanje'),
	(459, 6, 214, 3, '2025-01-01 00:00:00', 'Početno stanje'),
	(460, 6, 215, 319, '2025-01-01 00:00:00', 'Početno stanje'),
	(461, 6, 215, 316, '2025-04-07 16:45:00', 'Prodaja - Narudžba #80'),
	(462, 8, 215, 215, '2025-01-01 00:00:00', 'Početno stanje'),
	(463, 7, 216, 354, '2025-01-01 00:00:00', 'Početno stanje'),
	(464, 10, 217, 69, '2025-01-01 00:00:00', 'Početno stanje'),
	(465, 6, 217, 463, '2025-01-01 00:00:00', 'Početno stanje'),
	(466, 7, 217, 106, '2025-01-01 00:00:00', 'Početno stanje'),
	(467, 7, 217, 104, '2025-04-10 10:30:00', 'Prodaja - Narudžba #83'),
	(468, 1, 218, 433, '2025-01-01 00:00:00', 'Početno stanje'),
	(469, 1, 218, 430, '2025-04-30 15:30:00', 'Prodaja - Narudžba #103'),
	(470, 2, 218, 135, '2025-01-01 00:00:00', 'Početno stanje'),
	(471, 6, 218, 27, '2025-01-01 00:00:00', 'Početno stanje'),
	(472, 3, 219, 241, '2025-01-01 00:00:00', 'Početno stanje'),
	(473, 5, 219, 151, '2025-01-01 00:00:00', 'Početno stanje'),
	(474, 6, 219, 180, '2025-01-01 00:00:00', 'Početno stanje'),
	(475, 10, 22, 312, '2025-01-01 00:00:00', 'Početno stanje'),
	(476, 4, 22, 136, '2025-01-01 00:00:00', 'Početno stanje'),
	(477, 4, 22, 135, '2025-02-08 15:00:00', 'Prodaja - Narudžba #22'),
	(478, 7, 22, 14, '2025-01-01 00:00:00', 'Početno stanje'),
	(479, 10, 220, 366, '2025-01-01 00:00:00', 'Početno stanje'),
	(480, 5, 220, 369, '2025-01-01 00:00:00', 'Početno stanje'),
	(481, 3, 221, 372, '2025-01-01 00:00:00', 'Početno stanje'),
	(482, 3, 221, 370, '2025-02-14 11:45:00', 'Prodaja - Narudžba #28'),
	(483, 3, 221, 367, '2025-03-13 15:30:00', 'Prodaja - Narudžba #55'),
	(484, 3, 221, 366, '2025-03-19 13:00:00', 'Prodaja - Narudžba #61'),
	(485, 3, 222, 388, '2025-01-01 00:00:00', 'Početno stanje'),
	(486, 4, 222, 215, '2025-01-01 00:00:00', 'Početno stanje'),
	(487, 8, 223, 49, '2025-01-01 00:00:00', 'Početno stanje'),
	(488, 8, 223, 48, '2025-03-18 11:45:00', 'Prodaja - Narudžba #60'),
	(489, 8, 223, 45, '2025-03-30 16:45:00', 'Prodaja - Narudžba #72'),
	(490, 1, 224, 105, '2025-01-01 00:00:00', 'Početno stanje'),
	(491, 7, 224, 48, '2025-01-01 00:00:00', 'Početno stanje'),
	(492, 9, 224, 225, '2025-01-01 00:00:00', 'Početno stanje'),
	(493, 10, 225, 297, '2025-01-01 00:00:00', 'Početno stanje'),
	(494, 10, 225, 296, '2025-01-27 10:30:00', 'Prodaja - Narudžba #12'),
	(495, 10, 225, 293, '2025-03-08 09:15:00', 'Prodaja - Narudžba #50'),
	(496, 10, 225, 290, '2025-05-02 18:00:00', 'Prodaja - Narudžba #105'),
	(497, 9, 225, 181, '2025-01-01 00:00:00', 'Početno stanje'),
	(498, 6, 226, 325, '2025-01-01 00:00:00', 'Početno stanje'),
	(499, 6, 226, 323, '2025-04-29 14:15:00', 'Prodaja - Narudžba #102'),
	(500, 6, 226, 322, '2025-05-01 16:45:00', 'Prodaja - Narudžba #104'),
	(501, 9, 226, 79, '2025-01-01 00:00:00', 'Početno stanje'),
	(502, 10, 227, 269, '2025-01-01 00:00:00', 'Početno stanje'),
	(503, 5, 227, 84, '2025-01-01 00:00:00', 'Početno stanje'),
	(504, 8, 227, 193, '2025-01-01 00:00:00', 'Početno stanje'),
	(505, 1, 228, 474, '2025-01-01 00:00:00', 'Početno stanje'),
	(506, 8, 228, 188, '2025-01-01 00:00:00', 'Početno stanje'),
	(507, 9, 228, 84, '2025-01-01 00:00:00', 'Početno stanje'),
	(508, 3, 229, 182, '2025-01-01 00:00:00', 'Početno stanje'),
	(509, 4, 229, 374, '2025-01-01 00:00:00', 'Početno stanje'),
	(510, 4, 229, 373, '2025-02-06 13:30:00', 'Prodaja - Narudžba #20'),
	(511, 4, 229, 371, '2025-02-10 17:30:00', 'Prodaja - Narudžba #24'),
	(512, 4, 229, 369, '2025-03-01 10:30:00', 'Prodaja - Narudžba #43'),
	(513, 5, 229, 256, '2025-01-01 00:00:00', 'Početno stanje'),
	(514, 2, 23, 387, '2025-01-01 00:00:00', 'Početno stanje'),
	(515, 2, 23, 384, '2025-02-06 13:30:00', 'Prodaja - Narudžba #20'),
	(516, 2, 23, 382, '2025-03-13 15:30:00', 'Prodaja - Narudžba #55'),
	(517, 2, 23, 381, '2025-03-14 16:45:00', 'Prodaja - Narudžba #56'),
	(518, 2, 23, 379, '2025-05-08 15:30:00', 'Prodaja - Narudžba #111'),
	(519, 2, 23, 376, '2025-05-23 14:15:00', 'Prodaja - Narudžba #126'),
	(520, 1, 230, 180, '2025-01-01 00:00:00', 'Početno stanje'),
	(521, 5, 230, 77, '2025-01-01 00:00:00', 'Početno stanje'),
	(522, 8, 230, 83, '2025-01-01 00:00:00', 'Početno stanje'),
	(523, 10, 231, 98, '2025-01-01 00:00:00', 'Početno stanje'),
	(524, 2, 231, 157, '2025-01-01 00:00:00', 'Početno stanje'),
	(525, 6, 231, 249, '2025-01-01 00:00:00', 'Početno stanje'),
	(526, 6, 231, 247, '2025-04-07 16:45:00', 'Prodaja - Narudžba #80'),
	(527, 8, 232, 42, '2025-01-01 00:00:00', 'Početno stanje'),
	(528, 8, 232, 40, '2025-03-02 11:45:00', 'Prodaja - Narudžba #44'),
	(529, 8, 232, 39, '2025-03-17 10:30:00', 'Prodaja - Narudžba #59'),
	(530, 8, 232, 38, '2025-05-13 11:45:00', 'Prodaja - Narudžba #116'),
	(531, 1, 233, 204, '2025-01-01 00:00:00', 'Početno stanje'),
	(532, 2, 233, 460, '2025-01-01 00:00:00', 'Početno stanje'),
	(533, 2, 233, 457, '2025-01-13 12:18:27', 'Prodaja - Narudžba #5'),
	(534, 6, 233, 25, '2025-01-01 00:00:00', 'Početno stanje'),
	(535, 5, 234, 7, '2025-01-01 00:00:00', 'Početno stanje'),
	(536, 8, 234, 165, '2025-01-01 00:00:00', 'Početno stanje'),
	(537, 2, 235, 165, '2025-01-01 00:00:00', 'Početno stanje'),
	(538, 2, 235, 162, '2025-02-20 09:15:00', 'Prodaja - Narudžba #34'),
	(539, 10, 236, 235, '2025-01-01 00:00:00', 'Početno stanje'),
	(540, 4, 236, 324, '2025-01-01 00:00:00', 'Početno stanje'),
	(541, 3, 237, 461, '2025-01-01 00:00:00', 'Početno stanje'),
	(542, 4, 237, 201, '2025-01-01 00:00:00', 'Početno stanje'),
	(543, 4, 237, 198, '2025-05-06 13:00:00', 'Prodaja - Narudžba #109'),
	(544, 4, 237, 196, '2025-05-19 09:15:00', 'Prodaja - Narudžba #122'),
	(545, 5, 238, 338, '2025-01-01 00:00:00', 'Početno stanje'),
	(546, 6, 238, 150, '2025-01-01 00:00:00', 'Početno stanje'),
	(547, 6, 238, 147, '2025-02-11 18:00:00', 'Prodaja - Narudžba #25'),
	(548, 6, 238, 144, '2025-05-12 10:30:00', 'Prodaja - Narudžba #115'),
	(549, 9, 238, 414, '2025-01-01 00:00:00', 'Početno stanje'),
	(550, 2, 239, 348, '2025-01-01 00:00:00', 'Početno stanje'),
	(551, 2, 239, 345, '2025-03-05 15:30:00', 'Prodaja - Narudžba #47'),
	(552, 1, 24, 378, '2025-01-01 00:00:00', 'Početno stanje'),
	(553, 1, 24, 375, '2025-01-13 12:18:27', 'Prodaja - Narudžba #5'),
	(554, 1, 24, 374, '2025-04-07 16:45:00', 'Prodaja - Narudžba #80'),
	(555, 10, 24, 441, '2025-01-01 00:00:00', 'Početno stanje'),
	(556, 5, 24, 251, '2025-01-01 00:00:00', 'Početno stanje'),
	(557, 10, 240, 33, '2025-01-01 00:00:00', 'Početno stanje'),
	(558, 6, 240, 80, '2025-01-01 00:00:00', 'Početno stanje'),
	(559, 6, 240, 77, '2025-03-05 15:30:00', 'Prodaja - Narudžba #47'),
	(560, 10, 241, 416, '2025-01-01 00:00:00', 'Početno stanje'),
	(561, 2, 241, 190, '2025-01-01 00:00:00', 'Početno stanje'),
	(562, 1, 242, 284, '2025-01-01 00:00:00', 'Početno stanje'),
	(563, 3, 242, 460, '2025-01-01 00:00:00', 'Početno stanje'),
	(564, 7, 242, 375, '2025-01-01 00:00:00', 'Početno stanje'),
	(565, 7, 242, 374, '2025-02-27 18:00:00', 'Prodaja - Narudžba #41'),
	(566, 7, 242, 372, '2025-05-06 13:00:00', 'Prodaja - Narudžba #109'),
	(567, 3, 243, 445, '2025-01-01 00:00:00', 'Početno stanje'),
	(568, 3, 243, 444, '2025-02-06 13:30:00', 'Prodaja - Narudžba #20'),
	(569, 3, 243, 443, '2025-03-25 10:30:00', 'Prodaja - Narudžba #67'),
	(570, 1, 244, 167, '2025-01-01 00:00:00', 'Početno stanje'),
	(571, 7, 244, 87, '2025-01-01 00:00:00', 'Početno stanje'),
	(572, 9, 244, 2, '2025-01-01 00:00:00', 'Početno stanje'),
	(573, 9, 244, 0, '2025-02-11 18:00:00', 'Prodaja - Narudžba #25'),
	(574, 9, 244, -1, '2025-05-26 18:00:00', 'Prodaja - Narudžba #129'),
	(575, 10, 245, 262, '2025-01-01 00:00:00', 'Početno stanje'),
	(576, 10, 245, 261, '2025-03-10 11:45:00', 'Prodaja - Narudžba #52'),
	(577, 10, 245, 260, '2025-04-22 15:30:00', 'Prodaja - Narudžba #95'),
	(578, 10, 245, 258, '2025-05-16 15:30:00', 'Prodaja - Narudžba #119'),
	(579, 10, 246, 15, '2025-01-01 00:00:00', 'Početno stanje'),
	(580, 8, 246, 339, '2025-01-01 00:00:00', 'Početno stanje'),
	(581, 9, 246, 222, '2025-01-01 00:00:00', 'Početno stanje'),
	(582, 9, 246, 220, '2025-04-14 15:30:00', 'Prodaja - Narudžba #87'),
	(583, 2, 247, 301, '2025-01-01 00:00:00', 'Početno stanje'),
	(584, 2, 247, 298, '2025-05-21 11:45:00', 'Prodaja - Narudžba #124'),
	(585, 4, 247, 235, '2025-01-01 00:00:00', 'Početno stanje'),
	(586, 10, 248, 185, '2025-01-01 00:00:00', 'Početno stanje'),
	(587, 2, 248, 443, '2025-01-01 00:00:00', 'Početno stanje'),
	(588, 1, 249, 426, '2025-01-01 00:00:00', 'Početno stanje'),
	(589, 1, 249, 424, '2025-02-15 13:00:00', 'Prodaja - Narudžba #29'),
	(590, 1, 249, 422, '2025-04-17 09:15:00', 'Prodaja - Narudžba #90'),
	(591, 1, 249, 420, '2025-05-05 11:45:00', 'Prodaja - Narudžba #108'),
	(592, 6, 25, 309, '2025-01-01 00:00:00', 'Početno stanje'),
	(593, 6, 25, 306, '2025-02-10 17:30:00', 'Prodaja - Narudžba #24'),
	(594, 6, 25, 303, '2025-03-18 11:45:00', 'Prodaja - Narudžba #60'),
	(595, 9, 250, 228, '2025-01-01 00:00:00', 'Početno stanje'),
	(596, 1, 26, 434, '2025-01-01 00:00:00', 'Početno stanje'),
	(597, 2, 26, 457, '2025-01-01 00:00:00', 'Početno stanje'),
	(598, 1, 27, 414, '2025-01-01 00:00:00', 'Početno stanje'),
	(599, 4, 27, 418, '2025-01-01 00:00:00', 'Početno stanje'),
	(600, 1, 28, 391, '2025-01-01 00:00:00', 'Početno stanje'),
	(601, 4, 28, 250, '2025-01-01 00:00:00', 'Početno stanje'),
	(602, 8, 28, 432, '2025-01-01 00:00:00', 'Početno stanje'),
	(603, 8, 28, 430, '2025-01-29 14:00:00', 'Prodaja - Narudžba #14'),
	(604, 8, 28, 427, '2025-05-02 18:00:00', 'Prodaja - Narudžba #105'),
	(605, 8, 28, 426, '2025-05-08 15:30:00', 'Prodaja - Narudžba #111'),
	(606, 5, 29, 493, '2025-01-01 00:00:00', 'Početno stanje'),
	(607, 5, 29, 492, '2025-05-19 09:15:00', 'Prodaja - Narudžba #122'),
	(608, 2, 3, 112, '2025-01-01 00:00:00', 'Početno stanje'),
	(609, 2, 3, 110, '2025-04-18 10:30:00', 'Prodaja - Narudžba #91'),
	(610, 2, 30, 77, '2025-01-01 00:00:00', 'Početno stanje'),
	(611, 3, 30, 269, '2025-01-01 00:00:00', 'Početno stanje'),
	(612, 5, 30, 242, '2025-01-01 00:00:00', 'Početno stanje'),
	(613, 5, 30, 239, '2025-03-06 16:45:00', 'Prodaja - Narudžba #48'),
	(614, 5, 30, 237, '2025-05-04 10:30:00', 'Prodaja - Narudžba #107'),
	(615, 6, 31, 497, '2025-01-01 00:00:00', 'Početno stanje'),
	(616, 6, 31, 495, '2025-05-26 18:00:00', 'Prodaja - Narudžba #129'),
	(617, 8, 31, 129, '2025-01-01 00:00:00', 'Početno stanje'),
	(618, 10, 32, 210, '2025-01-01 00:00:00', 'Početno stanje'),
	(619, 2, 32, 117, '2025-01-01 00:00:00', 'Početno stanje'),
	(620, 2, 32, 116, '2025-02-28 09:15:00', 'Prodaja - Narudžba #42'),
	(621, 2, 32, 115, '2025-03-04 14:15:00', 'Prodaja - Narudžba #46'),
	(622, 8, 32, 317, '2025-01-01 00:00:00', 'Početno stanje'),
	(623, 3, 33, 63, '2025-01-01 00:00:00', 'Početno stanje'),
	(624, 6, 33, 273, '2025-01-01 00:00:00', 'Početno stanje'),
	(625, 6, 33, 271, '2025-03-21 15:30:00', 'Prodaja - Narudžba #63'),
	(626, 6, 33, 270, '2025-03-24 09:15:00', 'Prodaja - Narudžba #66'),
	(627, 2, 34, 323, '2025-01-01 00:00:00', 'Početno stanje'),
	(628, 2, 34, 321, '2025-04-21 14:15:00', 'Prodaja - Narudžba #94'),
	(629, 2, 34, 318, '2025-05-22 13:00:00', 'Prodaja - Narudžba #125'),
	(630, 1, 35, 377, '2025-01-01 00:00:00', 'Početno stanje'),
	(631, 2, 35, 183, '2025-01-01 00:00:00', 'Početno stanje'),
	(632, 2, 35, 180, '2025-04-08 18:00:00', 'Prodaja - Narudžba #81'),
	(633, 7, 35, 195, '2025-01-01 00:00:00', 'Početno stanje'),
	(634, 1, 36, 43, '2025-01-01 00:00:00', 'Početno stanje'),
	(635, 6, 36, 78, '2025-01-01 00:00:00', 'Početno stanje'),
	(636, 3, 37, 364, '2025-01-01 00:00:00', 'Početno stanje'),
	(637, 3, 37, 363, '2025-01-22 17:10:44', 'Prodaja - Narudžba #9'),
	(638, 3, 37, 361, '2025-02-02 09:30:00', 'Prodaja - Narudžba #16'),
	(639, 3, 37, 360, '2025-04-12 13:00:00', 'Prodaja - Narudžba #85'),
	(640, 3, 37, 358, '2025-04-28 13:00:00', 'Prodaja - Narudžba #101'),
	(641, 6, 38, 58, '2025-01-01 00:00:00', 'Početno stanje'),
	(642, 6, 38, 57, '2025-02-13 10:30:00', 'Prodaja - Narudžba #27'),
	(643, 6, 38, 56, '2025-03-11 13:00:00', 'Prodaja - Narudžba #53'),
	(644, 8, 38, 239, '2025-01-01 00:00:00', 'Početno stanje'),
	(645, 8, 39, 359, '2025-01-01 00:00:00', 'Početno stanje'),
	(646, 8, 39, 357, '2025-03-23 18:00:00', 'Prodaja - Narudžba #65'),
	(647, 8, 39, 355, '2025-05-15 14:15:00', 'Prodaja - Narudžba #118'),
	(648, 1, 4, 172, '2025-01-01 00:00:00', 'Početno stanje'),
	(649, 3, 4, 190, '2025-01-01 00:00:00', 'Početno stanje'),
	(650, 7, 4, 152, '2025-01-01 00:00:00', 'Početno stanje'),
	(651, 2, 40, 330, '2025-01-01 00:00:00', 'Početno stanje'),
	(652, 5, 40, 314, '2025-01-01 00:00:00', 'Početno stanje'),
	(653, 5, 40, 312, '2025-02-09 16:15:00', 'Prodaja - Narudžba #23'),
	(654, 5, 40, 311, '2025-04-09 09:15:00', 'Prodaja - Narudžba #82'),
	(655, 8, 40, 491, '2025-01-01 00:00:00', 'Početno stanje'),
	(656, 3, 41, 331, '2025-01-01 00:00:00', 'Početno stanje'),
	(657, 3, 41, 330, '2025-02-16 14:15:00', 'Prodaja - Narudžba #30'),
	(658, 3, 41, 328, '2025-02-20 09:15:00', 'Prodaja - Narudžba #34'),
	(659, 3, 41, 327, '2025-03-29 15:30:00', 'Prodaja - Narudžba #71'),
	(660, 3, 41, 324, '2025-05-14 13:00:00', 'Prodaja - Narudžba #117'),
	(661, 1, 42, 314, '2025-01-01 00:00:00', 'Početno stanje'),
	(662, 6, 42, 420, '2025-01-01 00:00:00', 'Početno stanje'),
	(663, 8, 42, 268, '2025-01-01 00:00:00', 'Početno stanje'),
	(664, 8, 42, 267, '2025-02-17 15:30:00', 'Prodaja - Narudžba #31'),
	(665, 5, 43, 54, '2025-01-01 00:00:00', 'Početno stanje'),
	(666, 7, 43, 430, '2025-01-01 00:00:00', 'Početno stanje'),
	(667, 7, 43, 428, '2025-04-28 13:00:00', 'Prodaja - Narudžba #101'),
	(668, 9, 43, 385, '2025-01-01 00:00:00', 'Početno stanje'),
	(669, 6, 44, 265, '2025-01-01 00:00:00', 'Početno stanje'),
	(670, 6, 44, 264, '2025-01-27 10:30:00', 'Prodaja - Narudžba #12'),
	(671, 8, 44, 257, '2025-01-01 00:00:00', 'Početno stanje'),
	(672, 9, 44, 211, '2025-01-01 00:00:00', 'Početno stanje'),
	(673, 1, 45, 57, '2025-01-01 00:00:00', 'Početno stanje'),
	(674, 5, 45, 132, '2025-01-01 00:00:00', 'Početno stanje'),
	(675, 6, 45, 59, '2025-01-01 00:00:00', 'Početno stanje'),
	(676, 3, 46, 11, '2025-01-01 00:00:00', 'Početno stanje'),
	(677, 7, 46, 215, '2025-01-01 00:00:00', 'Početno stanje'),
	(678, 9, 46, 473, '2025-01-01 00:00:00', 'Početno stanje'),
	(679, 10, 47, 313, '2025-01-01 00:00:00', 'Početno stanje'),
	(680, 10, 47, 312, '2025-04-20 13:00:00', 'Prodaja - Narudžba #93'),
	(681, 10, 48, 98, '2025-01-01 00:00:00', 'Početno stanje'),
	(682, 2, 48, 114, '2025-01-01 00:00:00', 'Početno stanje'),
	(683, 7, 48, 44, '2025-01-01 00:00:00', 'Početno stanje'),
	(684, 4, 49, 295, '2025-01-01 00:00:00', 'Početno stanje'),
	(685, 5, 49, 48, '2025-01-01 00:00:00', 'Početno stanje'),
	(686, 9, 49, 239, '2025-01-01 00:00:00', 'Početno stanje'),
	(687, 9, 49, 238, '2025-02-07 14:45:00', 'Prodaja - Narudžba #21'),
	(688, 5, 5, 123, '2025-01-01 00:00:00', 'Početno stanje'),
	(689, 5, 5, 120, '2025-04-13 14:15:00', 'Prodaja - Narudžba #86'),
	(690, 7, 5, 33, '2025-01-01 00:00:00', 'Početno stanje'),
	(691, 1, 50, 86, '2025-01-01 00:00:00', 'Početno stanje'),
	(692, 2, 50, 117, '2025-01-01 00:00:00', 'Početno stanje'),
	(693, 5, 50, 133, '2025-01-01 00:00:00', 'Početno stanje'),
	(694, 2, 51, 416, '2025-01-01 00:00:00', 'Početno stanje'),
	(695, 2, 51, 414, '2025-02-28 09:15:00', 'Prodaja - Narudžba #42'),
	(696, 2, 51, 411, '2025-04-23 16:45:00', 'Prodaja - Narudžba #96'),
	(697, 6, 52, 128, '2025-01-01 00:00:00', 'Početno stanje'),
	(698, 6, 52, 125, '2025-02-13 10:30:00', 'Prodaja - Narudžba #27'),
	(699, 1, 53, 167, '2025-01-01 00:00:00', 'Početno stanje'),
	(700, 1, 53, 164, '2025-04-13 14:15:00', 'Prodaja - Narudžba #86'),
	(701, 10, 53, 282, '2025-01-01 00:00:00', 'Početno stanje'),
	(702, 3, 53, 159, '2025-01-01 00:00:00', 'Početno stanje'),
	(703, 1, 54, 171, '2025-01-01 00:00:00', 'Početno stanje'),
	(704, 3, 54, 360, '2025-01-01 00:00:00', 'Početno stanje'),
	(705, 3, 54, 357, '2025-05-05 11:45:00', 'Prodaja - Narudžba #108'),
	(706, 6, 54, 242, '2025-01-01 00:00:00', 'Početno stanje'),
	(707, 1, 55, 247, '2025-01-01 00:00:00', 'Početno stanje'),
	(708, 4, 55, 255, '2025-01-01 00:00:00', 'Početno stanje'),
	(709, 4, 55, 252, '2025-01-05 09:11:45', 'Prodaja - Narudžba #2'),
	(710, 4, 55, 249, '2025-03-11 13:00:00', 'Prodaja - Narudžba #53'),
	(711, 4, 55, 248, '2025-03-14 16:45:00', 'Prodaja - Narudžba #56'),
	(712, 10, 56, 369, '2025-01-01 00:00:00', 'Početno stanje'),
	(713, 6, 56, 134, '2025-01-01 00:00:00', 'Početno stanje'),
	(714, 3, 57, 127, '2025-01-01 00:00:00', 'Početno stanje'),
	(715, 6, 57, 135, '2025-01-01 00:00:00', 'Početno stanje'),
	(716, 6, 58, 229, '2025-01-01 00:00:00', 'Početno stanje'),
	(717, 6, 58, 226, '2025-04-12 13:00:00', 'Prodaja - Narudžba #85'),
	(718, 10, 59, 215, '2025-01-01 00:00:00', 'Početno stanje'),
	(719, 10, 59, 213, '2025-03-02 11:45:00', 'Prodaja - Narudžba #44'),
	(720, 10, 59, 211, '2025-04-10 10:30:00', 'Prodaja - Narudžba #83'),
	(721, 3, 6, 57, '2025-01-01 00:00:00', 'Početno stanje'),
	(722, 6, 60, 403, '2025-01-01 00:00:00', 'Početno stanje'),
	(723, 6, 60, 400, '2025-04-22 15:30:00', 'Prodaja - Narudžba #95'),
	(724, 10, 61, 464, '2025-01-01 00:00:00', 'Početno stanje'),
	(725, 10, 61, 461, '2025-02-09 16:15:00', 'Prodaja - Narudžba #23'),
	(726, 3, 61, 252, '2025-01-01 00:00:00', 'Početno stanje'),
	(727, 4, 61, 204, '2025-01-01 00:00:00', 'Početno stanje'),
	(728, 10, 62, 26, '2025-01-01 00:00:00', 'Početno stanje'),
	(729, 10, 62, 23, '2025-05-25 16:45:00', 'Prodaja - Narudžba #128'),
	(730, 4, 62, 90, '2025-01-01 00:00:00', 'Početno stanje'),
	(731, 7, 63, 488, '2025-01-01 00:00:00', 'Početno stanje'),
	(732, 7, 63, 487, '2025-04-06 15:30:00', 'Prodaja - Narudžba #79'),
	(733, 4, 64, 307, '2025-01-01 00:00:00', 'Početno stanje'),
	(734, 4, 64, 305, '2025-04-21 14:15:00', 'Prodaja - Narudžba #94'),
	(735, 5, 64, 313, '2025-01-01 00:00:00', 'Početno stanje'),
	(736, 8, 64, 12, '2025-01-01 00:00:00', 'Početno stanje'),
	(737, 4, 65, 50, '2025-01-01 00:00:00', 'Početno stanje'),
	(738, 4, 65, 49, '2025-01-10 11:44:02', 'Prodaja - Narudžba #4'),
	(739, 4, 65, 47, '2025-01-25 18:47:36', 'Prodaja - Narudžba #10'),
	(740, 10, 66, 76, '2025-01-01 00:00:00', 'Početno stanje'),
	(741, 5, 66, 181, '2025-01-01 00:00:00', 'Početno stanje'),
	(742, 6, 66, 220, '2025-01-01 00:00:00', 'Početno stanje'),
	(743, 10, 67, 65, '2025-01-01 00:00:00', 'Početno stanje'),
	(744, 2, 67, 26, '2025-01-01 00:00:00', 'Početno stanje'),
	(745, 3, 67, 192, '2025-01-01 00:00:00', 'Početno stanje'),
	(746, 2, 68, 483, '2025-01-01 00:00:00', 'Početno stanje'),
	(747, 4, 68, 372, '2025-01-01 00:00:00', 'Početno stanje'),
	(748, 8, 68, 106, '2025-01-01 00:00:00', 'Početno stanje'),
	(749, 10, 69, 346, '2025-01-01 00:00:00', 'Početno stanje'),
	(750, 10, 69, 343, '2025-02-06 13:30:00', 'Prodaja - Narudžba #20'),
	(751, 7, 69, 325, '2025-01-01 00:00:00', 'Početno stanje'),
	(752, 9, 69, 286, '2025-01-01 00:00:00', 'Početno stanje'),
	(753, 7, 7, 385, '2025-01-01 00:00:00', 'Početno stanje'),
	(754, 7, 7, 383, '2025-04-04 13:00:00', 'Prodaja - Narudžba #77'),
	(755, 5, 70, 323, '2025-01-01 00:00:00', 'Početno stanje'),
	(756, 5, 70, 322, '2025-03-08 09:15:00', 'Prodaja - Narudžba #50'),
	(757, 3, 71, 226, '2025-01-01 00:00:00', 'Početno stanje'),
	(758, 9, 71, 29, '2025-01-01 00:00:00', 'Početno stanje'),
	(759, 9, 71, 28, '2025-04-03 11:45:00', 'Prodaja - Narudžba #76'),
	(760, 9, 71, 25, '2025-05-21 11:45:00', 'Prodaja - Narudžba #124'),
	(761, 1, 72, 314, '2025-01-01 00:00:00', 'Početno stanje'),
	(762, 4, 72, 426, '2025-01-01 00:00:00', 'Početno stanje'),
	(763, 4, 72, 423, '2025-01-13 12:18:27', 'Prodaja - Narudžba #5'),
	(764, 4, 72, 420, '2025-03-14 16:45:00', 'Prodaja - Narudžba #56'),
	(765, 4, 72, 417, '2025-05-04 10:30:00', 'Prodaja - Narudžba #107'),
	(766, 1, 73, 252, '2025-01-01 00:00:00', 'Početno stanje'),
	(767, 4, 73, 438, '2025-01-01 00:00:00', 'Početno stanje'),
	(768, 4, 73, 435, '2025-02-09 16:15:00', 'Prodaja - Narudžba #23'),
	(769, 4, 73, 434, '2025-04-19 11:45:00', 'Prodaja - Narudžba #92'),
	(770, 4, 73, 432, '2025-05-02 18:00:00', 'Prodaja - Narudžba #105'),
	(771, 9, 74, 209, '2025-01-01 00:00:00', 'Početno stanje'),
	(772, 9, 74, 206, '2025-03-08 09:15:00', 'Prodaja - Narudžba #50'),
	(773, 9, 74, 205, '2025-04-09 09:15:00', 'Prodaja - Narudžba #82'),
	(774, 9, 74, 202, '2025-05-20 10:30:00', 'Prodaja - Narudžba #123'),
	(775, 3, 75, 425, '2025-01-01 00:00:00', 'Početno stanje'),
	(776, 2, 76, 118, '2025-01-01 00:00:00', 'Početno stanje'),
	(777, 8, 76, 165, '2025-01-01 00:00:00', 'Početno stanje'),
	(778, 8, 76, 162, '2025-01-29 14:00:00', 'Prodaja - Narudžba #14'),
	(779, 8, 76, 159, '2025-03-01 10:30:00', 'Prodaja - Narudžba #43'),
	(780, 8, 76, 156, '2025-03-15 18:00:00', 'Prodaja - Narudžba #57'),
	(781, 2, 77, 187, '2025-01-01 00:00:00', 'Početno stanje'),
	(782, 2, 77, 185, '2025-02-21 10:30:00', 'Prodaja - Narudžba #35'),
	(783, 2, 77, 184, '2025-03-23 18:00:00', 'Prodaja - Narudžba #65'),
	(784, 2, 77, 183, '2025-03-31 18:00:00', 'Prodaja - Narudžba #73'),
	(785, 1, 78, 323, '2025-01-01 00:00:00', 'Početno stanje'),
	(786, 6, 78, 366, '2025-01-01 00:00:00', 'Početno stanje'),
	(787, 9, 78, 322, '2025-01-01 00:00:00', 'Početno stanje'),
	(788, 9, 78, 321, '2025-04-22 15:30:00', 'Prodaja - Narudžba #95'),
	(789, 9, 78, 318, '2025-05-15 14:15:00', 'Prodaja - Narudžba #118'),
	(790, 4, 79, 205, '2025-01-01 00:00:00', 'Početno stanje'),
	(791, 9, 79, 484, '2025-01-01 00:00:00', 'Početno stanje'),
	(792, 9, 79, 481, '2025-02-18 16:45:00', 'Prodaja - Narudžba #32'),
	(793, 9, 79, 479, '2025-03-01 10:30:00', 'Prodaja - Narudžba #43'),
	(794, 9, 79, 476, '2025-04-18 10:30:00', 'Prodaja - Narudžba #91'),
	(795, 10, 8, 276, '2025-01-01 00:00:00', 'Početno stanje'),
	(796, 2, 8, 261, '2025-01-01 00:00:00', 'Početno stanje'),
	(797, 5, 8, 105, '2025-01-01 00:00:00', 'Početno stanje'),
	(798, 5, 8, 102, '2025-05-18 18:00:00', 'Prodaja - Narudžba #121'),
	(799, 10, 80, 372, '2025-01-01 00:00:00', 'Početno stanje'),
	(800, 10, 80, 371, '2025-02-14 11:45:00', 'Prodaja - Narudžba #28'),
	(801, 1, 81, 180, '2025-01-01 00:00:00', 'Početno stanje'),
	(802, 8, 81, 242, '2025-01-01 00:00:00', 'Početno stanje'),
	(803, 1, 82, 447, '2025-01-01 00:00:00', 'Početno stanje'),
	(804, 1, 82, 444, '2025-05-08 15:30:00', 'Prodaja - Narudžba #111'),
	(805, 1, 82, 442, '2025-05-23 14:15:00', 'Prodaja - Narudžba #126'),
	(806, 1, 82, 439, '2025-05-24 15:30:00', 'Prodaja - Narudžba #127'),
	(807, 6, 82, 425, '2025-01-01 00:00:00', 'Početno stanje'),
	(808, 1, 83, 261, '2025-01-01 00:00:00', 'Početno stanje'),
	(809, 1, 83, 259, '2025-04-12 13:00:00', 'Prodaja - Narudžba #85'),
	(810, 4, 84, 494, '2025-01-01 00:00:00', 'Početno stanje'),
	(811, 4, 84, 491, '2025-01-02 08:15:10', 'Prodaja - Narudžba #1'),
	(812, 8, 85, 348, '2025-01-01 00:00:00', 'Početno stanje'),
	(813, 8, 86, 224, '2025-01-01 00:00:00', 'Početno stanje'),
	(814, 8, 86, 221, '2025-02-11 18:00:00', 'Prodaja - Narudžba #25'),
	(815, 8, 86, 218, '2025-03-05 15:30:00', 'Prodaja - Narudžba #47'),
	(816, 8, 86, 215, '2025-05-08 15:30:00', 'Prodaja - Narudžba #111'),
	(817, 8, 86, 214, '2025-05-26 18:00:00', 'Prodaja - Narudžba #129'),
	(818, 1, 87, 222, '2025-01-01 00:00:00', 'Početno stanje'),
	(819, 1, 87, 221, '2025-04-17 09:15:00', 'Prodaja - Narudžba #90'),
	(820, 1, 87, 219, '2025-05-02 18:00:00', 'Prodaja - Narudžba #105'),
	(821, 5, 88, 32, '2025-01-01 00:00:00', 'Početno stanje'),
	(822, 9, 88, 344, '2025-01-01 00:00:00', 'Početno stanje'),
	(823, 9, 88, 341, '2025-02-19 18:00:00', 'Prodaja - Narudžba #33'),
	(824, 9, 88, 339, '2025-04-23 16:45:00', 'Prodaja - Narudžba #96'),
	(825, 3, 89, 108, '2025-01-01 00:00:00', 'Početno stanje'),
	(826, 3, 89, 105, '2025-02-09 16:15:00', 'Prodaja - Narudžba #23'),
	(827, 3, 89, 102, '2025-02-16 14:15:00', 'Prodaja - Narudžba #30'),
	(828, 5, 89, 90, '2025-01-01 00:00:00', 'Početno stanje'),
	(829, 10, 9, 492, '2025-01-01 00:00:00', 'Početno stanje'),
	(830, 6, 90, 163, '2025-01-01 00:00:00', 'Početno stanje'),
	(831, 6, 90, 160, '2025-02-03 10:45:00', 'Prodaja - Narudžba #17'),
	(832, 6, 90, 159, '2025-02-04 11:00:00', 'Prodaja - Narudžba #18'),
	(833, 6, 90, 158, '2025-04-22 15:30:00', 'Prodaja - Narudžba #95'),
	(834, 6, 90, 157, '2025-04-28 13:00:00', 'Prodaja - Narudžba #101'),
	(835, 8, 90, 27, '2025-01-01 00:00:00', 'Početno stanje'),
	(836, 9, 90, 489, '2025-01-01 00:00:00', 'Početno stanje'),
	(837, 5, 91, 266, '2025-01-01 00:00:00', 'Početno stanje'),
	(838, 5, 91, 263, '2025-02-16 14:15:00', 'Prodaja - Narudžba #30'),
	(839, 9, 91, 491, '2025-01-01 00:00:00', 'Početno stanje'),
	(840, 10, 92, 359, '2025-01-01 00:00:00', 'Početno stanje'),
	(841, 10, 92, 356, '2025-03-19 13:00:00', 'Prodaja - Narudžba #61'),
	(842, 6, 92, 460, '2025-01-01 00:00:00', 'Početno stanje'),
	(843, 8, 92, 63, '2025-01-01 00:00:00', 'Početno stanje'),
	(844, 4, 93, 473, '2025-01-01 00:00:00', 'Početno stanje'),
	(845, 4, 93, 471, '2025-02-24 14:15:00', 'Prodaja - Narudžba #38'),
	(846, 4, 93, 468, '2025-05-23 14:15:00', 'Prodaja - Narudžba #126'),
	(847, 7, 93, 269, '2025-01-01 00:00:00', 'Početno stanje'),
	(848, 7, 94, 240, '2025-01-01 00:00:00', 'Početno stanje'),
	(849, 7, 94, 237, '2025-02-05 12:15:00', 'Prodaja - Narudžba #19'),
	(850, 7, 94, 234, '2025-02-26 16:45:00', 'Prodaja - Narudžba #40'),
	(851, 7, 94, 233, '2025-04-05 14:15:00', 'Prodaja - Narudžba #78'),
	(852, 8, 94, 461, '2025-01-01 00:00:00', 'Početno stanje'),
	(853, 9, 94, 384, '2025-01-01 00:00:00', 'Početno stanje'),
	(854, 6, 95, 172, '2025-01-01 00:00:00', 'Početno stanje'),
	(855, 8, 95, 412, '2025-01-01 00:00:00', 'Početno stanje'),
	(856, 9, 95, 350, '2025-01-01 00:00:00', 'Početno stanje'),
	(857, 9, 95, 348, '2025-01-15 13:55:12', 'Prodaja - Narudžba #6'),
	(858, 9, 95, 345, '2025-05-17 16:45:00', 'Prodaja - Narudžba #120'),
	(859, 1, 96, 134, '2025-01-01 00:00:00', 'Početno stanje'),
	(860, 5, 96, 500, '2025-01-01 00:00:00', 'Početno stanje'),
	(861, 5, 96, 497, '2025-01-29 14:00:00', 'Prodaja - Narudžba #14'),
	(862, 8, 96, 24, '2025-01-01 00:00:00', 'Početno stanje'),
	(863, 2, 97, 226, '2025-01-01 00:00:00', 'Početno stanje'),
	(864, 2, 97, 225, '2025-03-09 10:30:00', 'Prodaja - Narudžba #51'),
	(865, 2, 97, 223, '2025-05-10 18:00:00', 'Prodaja - Narudžba #113'),
	(866, 4, 97, 479, '2025-01-01 00:00:00', 'Početno stanje'),
	(867, 9, 97, 123, '2025-01-01 00:00:00', 'Početno stanje'),
	(868, 5, 98, 143, '2025-01-01 00:00:00', 'Početno stanje'),
	(869, 6, 98, 82, '2025-01-01 00:00:00', 'Početno stanje'),
	(870, 6, 98, 81, '2025-02-08 15:00:00', 'Prodaja - Narudžba #22'),
	(871, 6, 98, 79, '2025-05-06 13:00:00', 'Prodaja - Narudžba #109'),
	(872, 6, 98, 76, '2025-05-09 16:45:00', 'Prodaja - Narudžba #112'),
	(873, 1, 99, 99, '2025-01-01 00:00:00', 'Početno stanje'),
	(874, 1, 99, 98, '2025-03-15 18:00:00', 'Prodaja - Narudžba #57'),
	(875, 1, 99, 96, '2025-04-10 10:30:00', 'Prodaja - Narudžba #83'),
	(876, 1, 99, 95, '2025-04-16 18:00:00', 'Prodaja - Narudžba #89'),
	(877, 1, 99, 94, '2025-05-04 10:30:00', 'Prodaja - Narudžba #107'),
	(878, 3, 99, 104, '2025-01-01 00:00:00', 'Početno stanje'),
	(879, 9, 99, 457, '2025-01-01 00:00:00', 'Početno stanje');

INSERT INTO `kurirska_sluzba` (`id`, `naziv`, `opis`, `kontakt`) VALUES
	(1, 'Ivšić d.o.o.', 'Međunarodna dostava s praćenjem pošiljke.', '074 744 325 / hpikec@example.com'),
	(2, 'Horvatinec j.d.o.o.', 'Osigurana dostava vrijednosnih pošiljki.', '032 696 371 / niksa51@example.net'),
	(3, 'Balinčić j.d.o.o.', 'Dostava isti dan za odabrane lokacije.', '044 018 711 / emarkovic@example.com'),
	(4, 'Barnaba Maržić d.o.o.', 'Povoljna dostava za poslovne korisnike.', '099 2254 379 / brunomatkovic@example.org'),
	(5, 'Štefanec j.d.o.o.', 'Ekološki prihvatljiva dostava biciklima u centru grada.', '042 008 233 / marina32@example.com'),
	(6, 'Fabijanić j.d.o.o.', 'Brza i pouzdana dostava unutar Hrvatske.', '048 798 822 / vjakopec@example.net'),
	(7, 'Drandić Maržić j.d.o.o.', 'Međunarodna dostava s praćenjem pošiljke.', '032 315 729 / vesnazivkovic@example.com'),
	(8, 'Trgovčić d.o.o.', 'Brza i pouzdana dostava unutar Hrvatske.', '01 3453 420 / madunicveronika@example.com'),
	(9, 'Pikec Gudelj d.o.o.', 'Ekspresna dostava za grad Zagreb i okolicu.', '033 071 497 / vsmolic@example.org'),
	(10, 'Filipović d.o.o.', 'Povoljna dostava za poslovne korisnike.', '044 135 023 / josipa38@example.com');

INSERT INTO `dostava` (`id`, `status`, `narudzba_id`, `cijena`, `opis`, `datum_kreiranja`, `datum_slanja`, `datum_dostave`, `kurirska_sluzba_id`) VALUES
	(1, 'isporučeno', 1, 1299, 'Brza dostava.', '2025-01-03 07:15:10', '2025-10-25 02:32:49', '2025-04-17 06:10:54', 8),
	(2, 'u transportu', 2, 362, 'Prioritetna dostava.', '2025-01-06 05:11:45', '2025-02-17 11:41:47', '2025-02-21 13:41:47', 3),
	(3, 'isporučeno', 3, 1395, 'Standardna dostava.', '2025-01-08 20:05:33', '2025-01-11 18:23:05', '2025-11-05 03:14:02', 3),
	(4, 'isporučeno', 5, 366, 'Standardna dostava.', '2025-01-14 03:18:27', '2025-03-14 16:06:29', '2025-05-14 12:42:32', 10),
	(5, 'isporučeno', 6, 1399, 'Brza dostava.', '2025-01-15 20:55:12', '2025-04-15 05:31:33', '2025-06-14 19:27:10', 5),
	(6, 'u transportu', 7, 413, 'Brza dostava.', '2025-01-19 05:33:50', '2025-10-30 10:23:32', '2025-11-02 14:23:32', 7),
	(7, 'isporučeno', 8, 906, 'Brza dostava.', '2025-01-21 09:21:09', '2025-03-12 17:05:00', '2025-02-04 10:49:37', 10),
	(8, 'isporučeno', 9, 359, 'Prioritetna dostava.', '2025-01-23 06:10:44', '2025-05-09 10:12:27', '2025-07-19 04:38:50', 4),
	(9, 'isporučeno', 10, 503, 'Brza dostava.', '2025-01-26 11:47:36', '2025-04-14 19:04:00', '2025-05-16 11:50:53', 6),
	(10, 'isporučeno', 11, 578, 'Prioritetna dostava.', '2025-01-27 01:00:00', '2025-07-29 04:47:03', '2025-02-27 16:46:51', 10),
	(11, 'u transportu', 12, 814, 'Brza dostava.', '2025-01-27 18:30:00', '2025-04-15 19:09:56', '2025-04-17 05:09:56', 5),
	(12, 'isporučeno', 13, 1134, 'Prioritetna dostava.', '2025-01-28 13:45:00', '2025-12-20 07:07:47', '2025-02-12 06:58:41', 9),
	(13, 'isporučeno', 15, 945, 'Prioritetna dostava.', '2025-01-30 16:15:00', '2025-05-03 08:00:40', '2025-11-19 11:37:58', 2),
	(14, 'isporučeno', 16, 878, 'Prioritetna dostava.', '2025-02-02 13:30:00', '2025-05-24 17:39:01', '2025-07-03 18:48:07', 9),
	(15, 'u transportu', 17, 1180, 'Brza dostava.', '2025-02-04 00:45:00', '2025-06-08 08:55:05', '2025-06-12 08:55:05', 9),
	(16, 'isporučeno', 18, 1401, 'Standardna dostava.', '2025-02-05 10:00:00', '2025-02-15 17:23:13', '2025-05-18 07:19:37', 5),
	(17, 'isporučeno', 20, 482, 'Brza dostava.', '2025-02-06 18:30:00', '2025-03-21 22:12:53', '2025-06-25 05:23:41', 2),
	(18, 'isporučeno', 21, 323, 'Standardna dostava.', '2025-02-08 00:45:00', '2025-03-25 07:39:55', '2025-04-20 06:34:42', 3),
	(19, 'naručeno', 22, 598, 'Prioritetna dostava.', '2025-02-09 02:00:00', '2025-02-11 15:00:00', '2025-02-15 03:00:00', 2),
	(20, 'isporučeno', 23, 451, 'Prioritetna dostava.', '2025-02-10 11:15:00', '2025-04-12 14:30:08', '2025-04-23 04:15:52', 8),
	(21, 'isporučeno', 24, 1286, 'Brza dostava.', '2025-02-11 03:30:00', '2025-06-21 05:20:06', '2025-05-02 15:58:30', 1),
	(22, 'isporučeno', 26, 896, 'Standardna dostava.', '2025-02-12 12:15:00', '2025-10-04 06:20:39', '2025-04-03 02:54:24', 1),
	(23, 'isporučeno', 27, 305, 'Brza dostava.', '2025-02-14 04:30:00', '2025-02-14 23:15:35', '2025-02-16 05:31:53', 1),
	(24, 'u transportu', 28, 1347, 'Standardna dostava.', '2025-02-14 14:45:00', '2025-03-14 20:25:36', '2025-03-18 05:25:36', 4),
	(25, 'isporučeno', 29, 1107, 'Standardna dostava.', '2025-02-16 08:00:00', '2025-07-20 03:26:47', '2025-02-25 09:45:23', 5),
	(26, 'isporučeno', 30, 1255, 'Brza dostava.', '2025-02-17 02:15:00', '2025-04-14 17:21:39', '2025-11-04 08:52:14', 6),
	(27, 'isporučeno', 32, 422, 'Prioritetna dostava.', '2025-02-18 22:45:00', '2025-04-24 03:40:59', '2025-05-28 05:21:07', 5),
	(28, 'isporučeno', 33, 888, 'Brza dostava.', '2025-02-20 02:00:00', '2025-04-04 06:44:33', '2025-06-15 13:20:49', 3),
	(29, 'u transportu', 34, 761, 'Prioritetna dostava.', '2025-02-20 15:15:00', '2025-05-09 10:51:06', '2025-05-14 20:51:06', 10),
	(30, 'isporučeno', 35, 365, 'Standardna dostava.', '2025-02-22 09:30:00', '2025-04-02 17:35:50', '2025-09-09 03:21:01', 9),
	(31, 'isporučeno', 36, 817, 'Brza dostava.', '2025-02-22 18:45:00', '2025-02-24 17:37:40', '2025-02-26 20:56:06', 8),
	(32, 'isporučeno', 38, 530, 'Brza dostava.', '2025-02-25 07:15:00', '2025-05-29 21:11:09', '2025-12-11 03:48:35', 6),
	(33, 'isporučeno', 39, 1180, 'Standardna dostava.', '2025-02-26 00:30:00', '2025-07-08 19:00:49', '2025-02-22 22:33:50', 6),
	(34, 'u transportu', 40, 1244, 'Standardna dostava.', '2025-02-26 20:45:00', '2025-03-21 01:36:17', '2025-03-25 12:36:17', 3),
	(35, 'isporučeno', 41, 403, 'Prioritetna dostava.', '2025-02-28 07:00:00', '2025-05-27 09:07:35', '2025-07-03 15:29:18', 1),
	(36, 'isporučeno', 42, 387, 'Standardna dostava.', '2025-03-01 02:15:00', '2025-03-11 16:13:03', '2025-05-20 17:49:41', 6),
	(37, 'isporučeno', 44, 1266, 'Standardna dostava.', '2025-03-02 18:45:00', '2025-03-28 13:01:26', '2025-03-29 03:04:26', 1),
	(38, 'isporučeno', 45, 1306, 'Standardna dostava.', '2025-03-03 19:00:00', '2025-04-26 23:56:39', '2025-08-19 18:56:30', 7),
	(39, 'u transportu', 46, 821, 'Prioritetna dostava.', '2025-03-04 17:15:00', '2025-02-23 20:23:41', '2025-03-01 02:23:41', 4),
	(40, 'isporučeno', 47, 383, 'Standardna dostava.', '2025-03-06 09:30:00', '2025-01-30 03:24:51', '2025-01-31 15:28:50', 6),
	(41, 'isporučeno', 48, 445, 'Brza dostava.', '2025-03-06 21:45:00', '2025-09-29 10:47:04', '2025-10-12 19:49:56', 3),
	(42, 'isporučeno', 50, 1259, 'Brza dostava.', '2025-03-09 06:15:00', '2025-03-31 09:57:22', '2025-04-15 10:06:07', 4),
	(43, 'isporučeno', 51, 927, 'Standardna dostava.', '2025-03-09 12:30:00', '2025-07-24 09:22:15', '2025-09-05 04:24:11', 3),
	(44, 'naručeno', 52, 857, 'Standardna dostava.', '2025-03-10 20:45:00', '2025-03-10 21:45:00', '2025-03-11 21:45:00', 8),
	(45, 'isporučeno', 53, 1308, 'Standardna dostava.', '2025-03-12 06:00:00', '2025-09-11 08:52:04', '2025-12-30 01:24:53', 3),
	(46, 'isporučeno', 54, 872, 'Standardna dostava.', '2025-03-12 19:15:00', '2025-03-20 12:04:46', '2025-03-31 07:22:00', 6),
	(47, 'isporučeno', 56, 614, 'Brza dostava.', '2025-03-15 13:45:00', '2025-07-08 17:48:12', '2025-08-26 15:28:01', 5),
	(48, 'isporučeno', 57, 387, 'Prioritetna dostava.', '2025-03-16 03:00:00', '2025-02-22 02:50:48', '2025-03-24 01:24:12', 2),
	(49, 'naručeno', 58, 1109, 'Brza dostava.', '2025-03-16 20:15:00', '2025-03-17 14:15:00', '2025-03-20 22:15:00', 2),
	(50, 'isporučeno', 59, 797, 'Brza dostava.', '2025-03-17 17:30:00', '2025-08-08 21:07:39', '2025-08-28 03:17:00', 6),
	(51, 'isporučeno', 60, 1272, 'Brza dostava.', '2025-03-18 17:45:00', '2025-03-28 18:08:01', '2025-11-03 14:24:22', 10),
	(52, 'isporučeno', 62, 1219, 'Prioritetna dostava.', '2025-03-20 16:15:00', '2025-05-27 20:45:07', '2025-06-02 16:58:20', 3),
	(53, 'isporučeno', 63, 1442, 'Prioritetna dostava.', '2025-03-22 13:30:00', '2025-04-22 05:34:26', '2025-05-06 14:33:56', 1),
	(54, 'naručeno', 64, 1187, 'Standardna dostava.', '2025-03-23 06:45:00', '2025-03-23 23:45:00', '2025-03-29 01:45:00', 8),
	(55, 'isporučeno', 65, 833, 'Prioritetna dostava.', '2025-03-24 08:00:00', '2025-09-25 19:06:56', '2025-10-05 07:07:45', 8),
	(56, 'isporučeno', 66, 1216, 'Brza dostava.', '2025-03-24 23:15:00', '2025-05-11 15:16:19', '2025-07-16 03:30:19', 10),
	(57, 'isporučeno', 68, 745, 'Standardna dostava.', '2025-03-26 22:45:00', '2025-04-05 09:43:50', '2025-02-05 14:06:02', 5),
	(58, 'isporučeno', 69, 369, 'Brza dostava.', '2025-03-27 18:00:00', '2025-09-23 07:10:46', '2025-10-13 09:35:35', 1),
	(59, 'u transportu', 70, 638, 'Prioritetna dostava.', '2025-03-28 23:15:00', '2025-02-22 21:48:25', '2025-02-26 07:48:25', 10),
	(60, 'isporučeno', 71, 1455, 'Standardna dostava.', '2025-03-29 22:30:00', '2025-04-25 19:03:31', '2025-03-01 15:32:10', 2),
	(61, 'isporučeno', 72, 1209, 'Standardna dostava.', '2025-03-31 12:45:00', '2025-04-18 13:35:19', '2025-02-18 23:40:20', 9),
	(62, 'isporučeno', 74, 1286, 'Brza dostava.', '2025-04-01 17:15:00', '2025-05-13 01:14:13', '2025-10-13 11:45:19', 1),
	(63, 'isporučeno', 75, 1497, 'Brza dostava.', '2025-04-03 02:30:00', '2025-06-06 13:59:19', '2025-12-26 16:49:13', 7),
	(64, 'u transportu', 76, 465, 'Prioritetna dostava.', '2025-04-03 23:45:00', '2025-08-01 09:46:47', '2025-08-05 21:46:47', 4),
	(65, 'isporučeno', 77, 604, 'Brza dostava.', '2025-04-04 20:00:00', '2025-05-25 13:23:36', '2025-08-08 09:49:27', 2),
	(66, 'isporučeno', 78, 1240, 'Brza dostava.', '2025-04-06 01:15:00', '2025-07-20 12:21:17', '2025-12-12 10:44:36', 6),
	(67, 'isporučeno', 80, 340, 'Standardna dostava.', '2025-04-07 21:45:00', '2025-05-14 21:48:04', '2025-08-28 21:16:06', 2),
	(68, 'isporučeno', 81, 1379, 'Brza dostava.', '2025-04-09 05:00:00', '2025-08-17 10:45:08', '2025-12-27 14:23:23', 9),
	(69, 'u transportu', 82, 1359, 'Brza dostava.', '2025-04-09 22:15:00', '2025-06-21 19:01:53', '2025-06-24 02:01:53', 6),
	(70, 'isporučeno', 83, 1483, 'Standardna dostava.', '2025-04-11 06:30:00', '2025-12-20 15:39:18', '2025-01-07 06:11:36', 6),
	(71, 'isporučeno', 84, 887, 'Prioritetna dostava.', '2025-04-11 18:45:00', '2025-06-09 12:14:03', '2025-01-27 22:31:12', 10),
	(72, 'isporučeno', 86, 1406, 'Brza dostava.', '2025-04-14 01:15:00', '2025-05-31 23:56:33', '2025-06-13 05:11:00', 10),
	(73, 'isporučeno', 87, 1248, 'Brza dostava.', '2025-04-15 11:30:00', '2025-05-16 13:44:56', '2025-06-27 21:47:14', 6),
	(74, 'u transportu', 88, 520, 'Prioritetna dostava.', '2025-04-16 11:45:00', '2025-05-08 13:28:47', '2025-05-09 22:28:47', 4),
	(75, 'isporučeno', 89, 1477, 'Prioritetna dostava.', '2025-04-17 09:00:00', '2025-05-14 19:52:28', '2025-05-21 04:31:30', 3),
	(76, 'isporučeno', 90, 421, 'Standardna dostava.', '2025-04-17 18:15:00', '2025-04-29 16:58:14', '2025-06-23 05:56:17', 9),
	(77, 'isporučeno', 92, 1123, 'Prioritetna dostava.', '2025-04-19 19:45:00', '2025-08-07 23:05:55', '2025-10-16 10:32:07', 4),
	(78, 'isporučeno', 93, 849, 'Brza dostava.', '2025-04-21 09:00:00', '2025-06-22 02:46:09', '2025-02-09 14:12:54', 5),
	(79, 'u transportu', 94, 1319, 'Prioritetna dostava.', '2025-04-22 02:15:00', '2025-01-20 21:42:29', '2025-01-24 06:42:29', 7),
	(80, 'isporučeno', 95, 1322, 'Brza dostava.', '2025-04-23 08:30:00', '2025-10-12 12:37:35', '2025-01-21 17:25:43', 7),
	(81, 'isporučeno', 96, 1357, 'Prioritetna dostava.', '2025-04-24 01:45:00', '2025-05-08 08:56:56', '2025-06-05 05:11:58', 1),
	(82, 'isporučeno', 98, 1252, 'Prioritetna dostava.', '2025-04-25 14:15:00', '2025-10-21 11:30:11', '2025-12-28 00:47:28', 1),
	(83, 'isporučeno', 99, 1144, 'Standardna dostava.', '2025-04-27 08:30:00', '2025-07-11 19:39:51', '2025-07-20 13:16:16', 6),
	(84, 'naručeno', 100, 673, 'Brza dostava.', '2025-04-28 03:45:00', '2025-04-30 19:45:00', '2025-05-03 20:45:00', 2),
	(85, 'isporučeno', 101, 979, 'Standardna dostava.', '2025-04-28 14:00:00', '2025-05-06 22:31:28', '2025-05-08 13:02:20', 1),
	(86, 'isporučeno', 102, 794, 'Prioritetna dostava.', '2025-04-29 18:15:00', '2025-04-30 09:35:31', '2025-08-03 11:06:28', 3),
	(87, 'isporučeno', 104, 973, 'Brza dostava.', '2025-05-01 18:45:00', '2025-06-05 19:38:01', '2025-02-18 16:38:05', 10),
	(88, 'isporučeno', 105, 1035, 'Brza dostava.', '2025-05-03 12:00:00', '2025-05-26 08:59:07', '2025-07-10 09:16:01', 7),
	(89, 'u transportu', 106, 933, 'Prioritetna dostava.', '2025-05-03 16:15:00', '2025-09-16 03:45:09', '2025-09-21 11:45:09', 8),
	(90, 'isporučeno', 107, 627, 'Prioritetna dostava.', '2025-05-04 19:30:00', '2025-09-30 14:06:04', '2025-02-06 14:31:26', 9),
	(91, 'isporučeno', 108, 1348, 'Standardna dostava.', '2025-05-05 22:45:00', '2025-05-24 07:58:12', '2025-05-25 12:11:59', 5),
	(92, 'isporučeno', 110, 866, 'Standardna dostava.', '2025-05-07 22:15:00', '2025-08-03 20:36:30', '2025-09-24 22:09:22', 7),
	(93, 'isporučeno', 111, 1314, 'Brza dostava.', '2025-05-09 13:30:00', '2025-06-21 09:01:58', '2025-07-01 15:38:24', 1),
	(94, 'u transportu', 112, 427, 'Standardna dostava.', '2025-05-10 14:45:00', '2025-06-20 18:50:19', '2025-06-25 19:50:19', 1),
	(95, 'isporučeno', 113, 1189, 'Standardna dostava.', '2025-05-11 00:00:00', '2025-11-17 22:35:15', '2025-01-18 22:58:15', 1),
	(96, 'isporučeno', 114, 1242, 'Brza dostava.', '2025-05-12 02:15:00', '2025-09-19 19:35:49', '2025-02-09 10:53:14', 7),
	(97, 'isporučeno', 116, 1414, 'Standardna dostava.', '2025-05-14 07:45:00', '2025-06-18 12:12:37', '2025-07-01 09:41:43', 2),
	(98, 'isporučeno', 117, 1180, 'Brza dostava.', '2025-05-15 10:00:00', '2025-07-26 12:24:58', '2025-09-11 17:31:16', 3),
	(99, 'naručeno', 118, 1139, 'Standardna dostava.', '2025-05-16 13:15:00', '2025-05-18 18:15:00', '2025-05-24 05:15:00', 10),
	(100, 'isporučeno', 119, 1500, 'Brza dostava.', '2025-05-17 14:30:00', '2025-07-25 04:25:51', '2025-10-06 04:06:04', 2),
	(101, 'isporučeno', 120, 1306, 'Brza dostava.', '2025-05-18 09:45:00', '2025-06-28 16:39:40', '2025-02-26 02:32:11', 6),
	(102, 'isporučeno', 122, 763, 'Brza dostava.', '2025-05-20 08:15:00', '2025-11-07 14:36:28', '2025-05-07 13:23:19', 1),
	(103, 'isporučeno', 123, 632, 'Standardna dostava.', '2025-05-20 17:30:00', '2025-01-29 08:56:22', '2025-04-25 16:11:09', 7),
	(104, 'u transportu', 124, 1000, 'Standardna dostava.', '2025-05-22 09:45:00', '2025-09-21 15:30:01', '2025-09-27 01:30:01', 8),
	(105, 'isporučeno', 125, 362, 'Prioritetna dostava.', '2025-05-22 23:00:00', '2025-08-31 18:54:02', '2025-03-13 03:07:47', 6),
	(106, 'isporučeno', 126, 1332, 'Brza dostava.', '2025-05-24 13:15:00', '2025-01-10 17:56:30', '2025-01-26 10:19:04', 8),
	(107, 'isporučeno', 128, 532, 'Prioritetna dostava.', '2025-05-26 04:45:00', '2025-06-05 01:13:47', '2025-06-13 11:22:56', 8),
	(108, 'isporučeno', 129, 1223, 'Standardna dostava.', '2025-05-27 14:00:00', '2025-07-30 03:12:31', '2025-08-15 22:36:21', 3);	(1, 'Dostava za narudžbu 1', 'isporučeno', 1, 1299, 'Brza dostava.', '2025-01-03 07:15:10', '2025-10-25 02:32:49', '2025-04-17 06:10:54', 8),
	(2, 'Dostava za narudžbu 2', 'u transportu', 2, 362, 'Prioritetna dostava.', '2025-01-06 05:11:45', '2025-02-17 11:41:47', '2025-02-21 13:41:47', 3),
	(3, 'Dostava za narudžbu 3', 'isporučeno', 3, 1395, 'Standardna dostava.', '2025-01-08 20:05:33', '2025-01-11 18:23:05', '2025-11-05 03:14:02', 3),
	(4, 'Dostava za narudžbu 5', 'isporučeno', 5, 366, 'Standardna dostava.', '2025-01-14 03:18:27', '2025-03-14 16:06:29', '2025-05-14 12:42:32', 10),
	(5, 'Dostava za narudžbu 6', 'isporučeno', 6, 1399, 'Brza dostava.', '2025-01-15 20:55:12', '2025-04-15 05:31:33', '2025-06-14 19:27:10', 5),
	(6, 'Dostava za narudžbu 7', 'u transportu', 7, 413, 'Brza dostava.', '2025-01-19 05:33:50', '2025-10-30 10:23:32', '2025-11-02 14:23:32', 7),
	(7, 'Dostava za narudžbu 8', 'isporučeno', 8, 906, 'Brza dostava.', '2025-01-21 09:21:09', '2025-03-12 17:05:00', '2025-02-04 10:49:37', 10),
	(8, 'Dostava za narudžbu 9', 'isporučeno', 9, 359, 'Prioritetna dostava.', '2025-01-23 06:10:44', '2025-05-09 10:12:27', '2025-07-19 04:38:50', 4),
	(9, 'Dostava za narudžbu 10', 'isporučeno', 10, 503, 'Brza dostava.', '2025-01-26 11:47:36', '2025-04-14 19:04:00', '2025-05-16 11:50:53', 6),
	(10, 'Dostava za narudžbu 11', 'isporučeno', 11, 578, 'Prioritetna dostava.', '2025-01-27 01:00:00', '2025-07-29 04:47:03', '2025-02-27 16:46:51', 10),
	(11, 'Dostava za narudžbu 12', 'u transportu', 12, 814, 'Brza dostava.', '2025-01-27 18:30:00', '2025-04-15 19:09:56', '2025-04-17 05:09:56', 5),
	(12, 'Dostava za narudžbu 13', 'isporučeno', 13, 1134, 'Prioritetna dostava.', '2025-01-28 13:45:00', '2025-12-20 07:07:47', '2025-02-12 06:58:41', 9),
	(13, 'Dostava za narudžbu 15', 'isporučeno', 15, 945, 'Prioritetna dostava.', '2025-01-30 16:15:00', '2025-05-03 08:00:40', '2025-11-19 11:37:58', 2),
	(14, 'Dostava za narudžbu 16', 'isporučeno', 16, 878, 'Prioritetna dostava.', '2025-02-02 13:30:00', '2025-05-24 17:39:01', '2025-07-03 18:48:07', 9),
	(15, 'Dostava za narudžbu 17', 'u transportu', 17, 1180, 'Brza dostava.', '2025-02-04 00:45:00', '2025-06-08 08:55:05', '2025-06-12 08:55:05', 9),
	(16, 'Dostava za narudžbu 18', 'isporučeno', 18, 1401, 'Standardna dostava.', '2025-02-05 10:00:00', '2025-02-15 17:23:13', '2025-05-18 07:19:37', 5),
	(17, 'Dostava za narudžbu 20', 'isporučeno', 20, 482, 'Brza dostava.', '2025-02-06 18:30:00', '2025-03-21 22:12:53', '2025-06-25 05:23:41', 2),
	(18, 'Dostava za narudžbu 21', 'isporučeno', 21, 323, 'Standardna dostava.', '2025-02-08 00:45:00', '2025-03-25 07:39:55', '2025-04-20 06:34:42', 3),
	(19, 'Dostava za narudžbu 22', 'naručeno', 22, 598, 'Prioritetna dostava.', '2025-02-09 02:00:00', '2025-02-11 15:00:00', '2025-02-15 03:00:00', 2),
	(20, 'Dostava za narudžbu 23', 'isporučeno', 23, 451, 'Prioritetna dostava.', '2025-02-10 11:15:00', '2025-04-12 14:30:08', '2025-04-23 04:15:52', 8),
	(21, 'Dostava za narudžbu 24', 'isporučeno', 24, 1286, 'Brza dostava.', '2025-02-11 03:30:00', '2025-06-21 05:20:06', '2025-05-02 15:58:30', 1),
	(22, 'Dostava za narudžbu 26', 'isporučeno', 26, 896, 'Standardna dostava.', '2025-02-12 12:15:00', '2025-10-04 06:20:39', '2025-04-03 02:54:24', 1),
	(23, 'Dostava za narudžbu 27', 'isporučeno', 27, 305, 'Brza dostava.', '2025-02-14 04:30:00', '2025-02-14 23:15:35', '2025-02-16 05:31:53', 1),
	(24, 'Dostava za narudžbu 28', 'u transportu', 28, 1347, 'Standardna dostava.', '2025-02-14 14:45:00', '2025-03-14 20:25:36', '2025-03-18 05:25:36', 4),
	(25, 'Dostava za narudžbu 29', 'isporučeno', 29, 1107, 'Standardna dostava.', '2025-02-16 08:00:00', '2025-07-20 03:26:47', '2025-02-25 09:45:23', 5),
	(26, 'Dostava za narudžbu 30', 'isporučeno', 30, 1255, 'Brza dostava.', '2025-02-17 02:15:00', '2025-04-14 17:21:39', '2025-11-04 08:52:14', 6),
	(27, 'Dostava za narudžbu 32', 'isporučeno', 32, 422, 'Prioritetna dostava.', '2025-02-18 22:45:00', '2025-04-24 03:40:59', '2025-05-28 05:21:07', 5),
	(28, 'Dostava za narudžbu 33', 'isporučeno', 33, 888, 'Brza dostava.', '2025-02-20 02:00:00', '2025-04-04 06:44:33', '2025-06-15 13:20:49', 3),
	(29, 'Dostava za narudžbu 34', 'u transportu', 34, 761, 'Prioritetna dostava.', '2025-02-20 15:15:00', '2025-05-09 10:51:06', '2025-05-14 20:51:06', 10),
	(30, 'Dostava za narudžbu 35', 'isporučeno', 35, 365, 'Standardna dostava.', '2025-02-22 09:30:00', '2025-04-02 17:35:50', '2025-09-09 03:21:01', 9),
	(31, 'Dostava za narudžbu 36', 'isporučeno', 36, 817, 'Brza dostava.', '2025-02-22 18:45:00', '2025-02-24 17:37:40', '2025-02-26 20:56:06', 8),
	(32, 'Dostava za narudžbu 38', 'isporučeno', 38, 530, 'Brza dostava.', '2025-02-25 07:15:00', '2025-05-29 21:11:09', '2025-12-11 03:48:35', 6),
	(33, 'Dostava za narudžbu 39', 'isporučeno', 39, 1180, 'Standardna dostava.', '2025-02-26 00:30:00', '2025-07-08 19:00:49', '2025-02-22 22:33:50', 6),
	(34, 'Dostava za narudžbu 40', 'u transportu', 40, 1244, 'Standardna dostava.', '2025-02-26 20:45:00', '2025-03-21 01:36:17', '2025-03-25 12:36:17', 3),
	(35, 'Dostava za narudžbu 41', 'isporučeno', 41, 403, 'Prioritetna dostava.', '2025-02-28 07:00:00', '2025-05-27 09:07:35', '2025-07-03 15:29:18', 1),
	(36, 'Dostava za narudžbu 42', 'isporučeno', 42, 387, 'Standardna dostava.', '2025-03-01 02:15:00', '2025-03-11 16:13:03', '2025-05-20 17:49:41', 6),
	(37, 'Dostava za narudžbu 44', 'isporučeno', 44, 1266, 'Standardna dostava.', '2025-03-02 18:45:00', '2025-03-28 13:01:26', '2025-03-29 03:04:26', 1),
	(38, 'Dostava za narudžbu 45', 'isporučeno', 45, 1306, 'Standardna dostava.', '2025-03-03 19:00:00', '2025-04-26 23:56:39', '2025-08-19 18:56:30', 7),
	(39, 'Dostava za narudžbu 46', 'u transportu', 46, 821, 'Prioritetna dostava.', '2025-03-04 17:15:00', '2025-02-23 20:23:41', '2025-03-01 02:23:41', 4),
	(40, 'Dostava za narudžbu 47', 'isporučeno', 47, 383, 'Standardna dostava.', '2025-03-06 09:30:00', '2025-01-30 03:24:51', '2025-01-31 15:28:50', 6),
	(41, 'Dostava za narudžbu 48', 'isporučeno', 48, 445, 'Brza dostava.', '2025-03-06 21:45:00', '2025-09-29 10:47:04', '2025-10-12 19:49:56', 3),
	(42, 'Dostava za narudžbu 50', 'isporučeno', 50, 1259, 'Brza dostava.', '2025-03-09 06:15:00', '2025-03-31 09:57:22', '2025-04-15 10:06:07', 4),
	(43, 'Dostava za narudžbu 51', 'isporučeno', 51, 927, 'Standardna dostava.', '2025-03-09 12:30:00', '2025-07-24 09:22:15', '2025-09-05 04:24:11', 3),
	(44, 'Dostava za narudžbu 52', 'naručeno', 52, 857, 'Standardna dostava.', '2025-03-10 20:45:00', '2025-03-10 21:45:00', '2025-03-11 21:45:00', 8),
	(45, 'Dostava za narudžbu 53', 'isporučeno', 53, 1308, 'Standardna dostava.', '2025-03-12 06:00:00', '2025-09-11 08:52:04', '2025-12-30 01:24:53', 3),
	(46, 'Dostava za narudžbu 54', 'isporučeno', 54, 872, 'Standardna dostava.', '2025-03-12 19:15:00', '2025-03-20 12:04:46', '2025-03-31 07:22:00', 6),
	(47, 'Dostava za narudžbu 56', 'isporučeno', 56, 614, 'Brza dostava.', '2025-03-15 13:45:00', '2025-07-08 17:48:12', '2025-08-26 15:28:01', 5),
	(48, 'Dostava za narudžbu 57', 'isporučeno', 57, 387, 'Prioritetna dostava.', '2025-03-16 03:00:00', '2025-02-22 02:50:48', '2025-03-24 01:24:12', 2),
	(49, 'Dostava za narudžbu 58', 'naručeno', 58, 1109, 'Brza dostava.', '2025-03-16 20:15:00', '2025-03-17 14:15:00', '2025-03-20 22:15:00', 2),
	(50, 'Dostava za narudžbu 59', 'isporučeno', 59, 797, 'Brza dostava.', '2025-03-17 17:30:00', '2025-08-08 21:07:39', '2025-08-28 03:17:00', 6),
	(51, 'Dostava za narudžbu 60', 'isporučeno', 60, 1272, 'Brza dostava.', '2025-03-18 17:45:00', '2025-03-28 18:08:01', '2025-11-03 14:24:22', 10),
	(52, 'Dostava za narudžbu 62', 'isporučeno', 62, 1219, 'Prioritetna dostava.', '2025-03-20 16:15:00', '2025-05-27 20:45:07', '2025-06-02 16:58:20', 3),
	(53, 'Dostava za narudžbu 63', 'isporučeno', 63, 1442, 'Prioritetna dostava.', '2025-03-22 13:30:00', '2025-04-22 05:34:26', '2025-05-06 14:33:56', 1),
	(54, 'Dostava za narudžbu 64', 'naručeno', 64, 1187, 'Standardna dostava.', '2025-03-23 06:45:00', '2025-03-23 23:45:00', '2025-03-29 01:45:00', 8),
	(55, 'Dostava za narudžbu 65', 'isporučeno', 65, 833, 'Prioritetna dostava.', '2025-03-24 08:00:00', '2025-09-25 19:06:56', '2025-10-05 07:07:45', 8),
	(56, 'Dostava za narudžbu 66', 'isporučeno', 66, 1216, 'Brza dostava.', '2025-03-24 23:15:00', '2025-05-11 15:16:19', '2025-07-16 03:30:19', 10),
	(57, 'Dostava za narudžbu 68', 'isporučeno', 68, 745, 'Standardna dostava.', '2025-03-26 22:45:00', '2025-04-05 09:43:50', '2025-02-05 14:06:02', 5),
	(58, 'Dostava za narudžbu 69', 'isporučeno', 69, 369, 'Brza dostava.', '2025-03-27 18:00:00', '2025-09-23 07:10:46', '2025-10-13 09:35:35', 1),
	(59, 'Dostava za narudžbu 70', 'u transportu', 70, 638, 'Prioritetna dostava.', '2025-03-28 23:15:00', '2025-02-22 21:48:25', '2025-02-26 07:48:25', 10),
	(60, 'Dostava za narudžbu 71', 'isporučeno', 71, 1455, 'Standardna dostava.', '2025-03-29 22:30:00', '2025-04-25 19:03:31', '2025-03-01 15:32:10', 2),
	(61, 'Dostava za narudžbu 72', 'isporučeno', 72, 1209, 'Standardna dostava.', '2025-03-31 12:45:00', '2025-04-18 13:35:19', '2025-02-18 23:40:20', 9),
	(62, 'Dostava za narudžbu 74', 'isporučeno', 74, 1286, 'Brza dostava.', '2025-04-01 17:15:00', '2025-05-13 01:14:13', '2025-10-13 11:45:19', 1),
	(63, 'Dostava za narudžbu 75', 'isporučeno', 75, 1497, 'Brza dostava.', '2025-04-03 02:30:00', '2025-06-06 13:59:19', '2025-12-26 16:49:13', 7),
	(64, 'Dostava za narudžbu 76', 'u transportu', 76, 465, 'Prioritetna dostava.', '2025-04-03 23:45:00', '2025-08-01 09:46:47', '2025-08-05 21:46:47', 4),
	(65, 'Dostava za narudžbu 77', 'isporučeno', 77, 604, 'Brza dostava.', '2025-04-04 20:00:00', '2025-05-25 13:23:36', '2025-08-08 09:49:27', 2),
	(66, 'Dostava za narudžbu 78', 'isporučeno', 78, 1240, 'Brza dostava.', '2025-04-06 01:15:00', '2025-07-20 12:21:17', '2025-12-12 10:44:36', 6),
	(67, 'Dostava za narudžbu 80', 'isporučeno', 80, 340, 'Standardna dostava.', '2025-04-07 21:45:00', '2025-05-14 21:48:04', '2025-08-28 21:16:06', 2),
	(68, 'Dostava za narudžbu 81', 'isporučeno', 81, 1379, 'Brza dostava.', '2025-04-09 05:00:00', '2025-08-17 10:45:08', '2025-12-27 14:23:23', 9),
	(69, 'Dostava za narudžbu 82', 'u transportu', 82, 1359, 'Brza dostava.', '2025-04-09 22:15:00', '2025-06-21 19:01:53', '2025-06-24 02:01:53', 6),
	(70, 'Dostava za narudžbu 83', 'isporučeno', 83, 1483, 'Standardna dostava.', '2025-04-11 06:30:00', '2025-12-20 15:39:18', '2025-01-07 06:11:36', 6),
	(71, 'Dostava za narudžbu 84', 'isporučeno', 84, 887, 'Prioritetna dostava.', '2025-04-11 18:45:00', '2025-06-09 12:14:03', '2025-01-27 22:31:12', 10),
	(72, 'Dostava za narudžbu 86', 'isporučeno', 86, 1406, 'Brza dostava.', '2025-04-14 01:15:00', '2025-05-31 23:56:33', '2025-06-13 05:11:00', 10),
	(73, 'Dostava za narudžbu 87', 'isporučeno', 87, 1248, 'Brza dostava.', '2025-04-15 11:30:00', '2025-05-16 13:44:56', '2025-06-27 21:47:14', 6),
	(74, 'Dostava za narudžbu 88', 'u transportu', 88, 520, 'Prioritetna dostava.', '2025-04-16 11:45:00', '2025-05-08 13:28:47', '2025-05-09 22:28:47', 4),
	(75, 'Dostava za narudžbu 89', 'isporučeno', 89, 1477, 'Prioritetna dostava.', '2025-04-17 09:00:00', '2025-05-14 19:52:28', '2025-05-21 04:31:30', 3),
	(76, 'Dostava za narudžbu 90', 'isporučeno', 90, 421, 'Standardna dostava.', '2025-04-17 18:15:00', '2025-04-29 16:58:14', '2025-06-23 05:56:17', 9),
	(77, 'Dostava za narudžbu 92', 'isporučeno', 92, 1123, 'Prioritetna dostava.', '2025-04-19 19:45:00', '2025-08-07 23:05:55', '2025-10-16 10:32:07', 4),
	(78, 'Dostava za narudžbu 93', 'isporučeno', 93, 849, 'Brza dostava.', '2025-04-21 09:00:00', '2025-06-22 02:46:09', '2025-02-09 14:12:54', 5),
	(79, 'Dostava za narudžbu 94', 'u transportu', 94, 1319, 'Prioritetna dostava.', '2025-04-22 02:15:00', '2025-01-20 21:42:29', '2025-01-24 06:42:29', 7),
	(80, 'Dostava za narudžbu 95', 'isporučeno', 95, 1322, 'Brza dostava.', '2025-04-23 08:30:00', '2025-10-12 12:37:35', '2025-01-21 17:25:43', 7),
	(81, 'Dostava za narudžbu 96', 'isporučeno', 96, 1357, 'Prioritetna dostava.', '2025-04-24 01:45:00', '2025-05-08 08:56:56', '2025-06-05 05:11:58', 1),
	(82, 'Dostava za narudžbu 98', 'isporučeno', 98, 1252, 'Prioritetna dostava.', '2025-04-25 14:15:00', '2025-10-21 11:30:11', '2025-12-28 00:47:28', 1),
	(83, 'Dostava za narudžbu 99', 'isporučeno', 99, 1144, 'Standardna dostava.', '2025-04-27 08:30:00', '2025-07-11 19:39:51', '2025-07-20 13:16:16', 6),
	(84, 'Dostava za narudžbu 100', 'naručeno', 100, 673, 'Brza dostava.', '2025-04-28 03:45:00', '2025-04-30 19:45:00', '2025-05-03 20:45:00', 2),
	(85, 'Dostava za narudžbu 101', 'isporučeno', 101, 979, 'Standardna dostava.', '2025-04-28 14:00:00', '2025-05-06 22:31:28', '2025-05-08 13:02:20', 1),
	(86, 'Dostava za narudžbu 102', 'isporučeno', 102, 794, 'Prioritetna dostava.', '2025-04-29 18:15:00', '2025-04-30 09:35:31', '2025-08-03 11:06:28', 3),
	(87, 'Dostava za narudžbu 104', 'isporučeno', 104, 973, 'Brza dostava.', '2025-05-01 18:45:00', '2025-06-05 19:38:01', '2025-02-18 16:38:05', 10),
	(88, 'Dostava za narudžbu 105', 'isporučeno', 105, 1035, 'Brza dostava.', '2025-05-03 12:00:00', '2025-05-26 08:59:07', '2025-07-10 09:16:01', 7),
	(89, 'Dostava za narudžbu 106', 'u transportu', 106, 933, 'Prioritetna dostava.', '2025-05-03 16:15:00', '2025-09-16 03:45:09', '2025-09-21 11:45:09', 8),
	(90, 'Dostava za narudžbu 107', 'isporučeno', 107, 627, 'Prioritetna dostava.', '2025-05-04 19:30:00', '2025-09-30 14:06:04', '2025-02-06 14:31:26', 9),
	(91, 'Dostava za narudžbu 108', 'isporučeno', 108, 1348, 'Standardna dostava.', '2025-05-05 22:45:00', '2025-05-24 07:58:12', '2025-05-25 12:11:59', 5),
	(92, 'Dostava za narudžbu 110', 'isporučeno', 110, 866, 'Standardna dostava.', '2025-05-07 22:15:00', '2025-08-03 20:36:30', '2025-09-24 22:09:22', 7),
	(93, 'Dostava za narudžbu 111', 'isporučeno', 111, 1314, 'Brza dostava.', '2025-05-09 13:30:00', '2025-06-21 09:01:58', '2025-07-01 15:38:24', 1),
	(94, 'Dostava za narudžbu 112', 'u transportu', 112, 427, 'Standardna dostava.', '2025-05-10 14:45:00', '2025-06-20 18:50:19', '2025-06-25 19:50:19', 1),
	(95, 'Dostava za narudžbu 113', 'isporučeno', 113, 1189, 'Standardna dostava.', '2025-05-11 00:00:00', '2025-11-17 22:35:15', '2025-01-18 22:58:15', 1),
	(96, 'Dostava za narudžbu 114', 'isporučeno', 114, 1242, 'Brza dostava.', '2025-05-12 02:15:00', '2025-09-19 19:35:49', '2025-02-09 10:53:14', 7),
	(97, 'Dostava za narudžbu 116', 'isporučeno', 116, 1414, 'Standardna dostava.', '2025-05-14 07:45:00', '2025-06-18 12:12:37', '2025-07-01 09:41:43', 2),
	(98, 'Dostava za narudžbu 117', 'isporučeno', 117, 1180, 'Brza dostava.', '2025-05-15 10:00:00', '2025-07-26 12:24:58', '2025-09-11 17:31:16', 3),
	(99, 'Dostava za narudžbu 118', 'naručeno', 118, 1139, 'Standardna dostava.', '2025-05-16 13:15:00', '2025-05-18 18:15:00', '2025-05-24 05:15:00', 10),
	(100, 'Dostava za narudžbu 119', 'isporučeno', 119, 1500, 'Brza dostava.', '2025-05-17 14:30:00', '2025-07-25 04:25:51', '2025-10-06 04:06:04', 2),
	(101, 'Dostava za narudžbu 120', 'isporučeno', 120, 1306, 'Brza dostava.', '2025-05-18 09:45:00', '2025-06-28 16:39:40', '2025-02-26 02:32:11', 6),
	(102, 'Dostava za narudžbu 122', 'isporučeno', 122, 763, 'Brza dostava.', '2025-05-20 08:15:00', '2025-11-07 14:36:28', '2025-05-07 13:23:19', 1),
	(103, 'Dostava za narudžbu 123', 'isporučeno', 123, 632, 'Standardna dostava.', '2025-05-20 17:30:00', '2025-01-29 08:56:22', '2025-04-25 16:11:09', 7),
	(104, 'Dostava za narudžbu 124', 'u transportu', 124, 1000, 'Standardna dostava.', '2025-05-22 09:45:00', '2025-09-21 15:30:01', '2025-09-27 01:30:01', 8),
	(105, 'Dostava za narudžbu 125', 'isporučeno', 125, 362, 'Prioritetna dostava.', '2025-05-22 23:00:00', '2025-08-31 18:54:02', '2025-03-13 03:07:47', 6),
	(106, 'Dostava za narudžbu 126', 'isporučeno', 126, 1332, 'Brza dostava.', '2025-05-24 13:15:00', '2025-01-10 17:56:30', '2025-01-26 10:19:04', 8),
	(107, 'Dostava za narudžbu 128', 'isporučeno', 128, 532, 'Prioritetna dostava.', '2025-05-26 04:45:00', '2025-06-05 01:13:47', '2025-06-13 11:22:56', 8),
	(108, 'Dostava za narudžbu 129', 'isporučeno', 129, 1223, 'Standardna dostava.', '2025-05-27 14:00:00', '2025-07-30 03:12:31', '2025-08-15 22:36:21', 3);