id,proizvod_id,skladiste_id,datum,kolicina,opis
1,1,4,2025-01-01 00:00:00,473,Početno stanje
2,1,5,2025-01-01 00:00:00,109,Početno stanje
3,1,7,2025-01-01 00:00:00,2,Početno stanje
4,10,1,2025-01-01 00:00:00,469,Početno stanje
5,10,1,2025-01-13 12:18:27,468,Prodaja - Narudžba #5
6,10,1,2025-04-16 18:00:00,467,Prodaja - Narudžba #89
7,10,1,2025-05-15 14:15:00,464,Prodaja - Narudžba #118
8,10,4,2025-01-01 00:00:00,241,Početno stanje
9,10,9,2025-01-01 00:00:00,103,Početno stanje
10,100,10,2025-01-01 00:00:00,0,Početno stanje
11,100,10,2025-03-27 13:00:00,-3,Prodaja - Narudžba #69
12,100,10,2025-04-27 11:45:00,-6,Prodaja - Narudžba #100
13,100,4,2025-01-01 00:00:00,26,Početno stanje
14,100,9,2025-01-01 00:00:00,456,Početno stanje
15,101,1,2025-01-01 00:00:00,261,Početno stanje
16,101,4,2025-01-01 00:00:00,86,Početno stanje
17,101,9,2025-01-01 00:00:00,278,Početno stanje
18,102,10,2025-01-01 00:00:00,300,Početno stanje
19,102,10,2025-01-08 10:05:33,298,Prodaja - Narudžba #3
20,103,3,2025-01-01 00:00:00,50,Početno stanje
21,103,7,2025-01-01 00:00:00,393,Početno stanje
22,103,7,2025-03-06 16:45:00,392,Prodaja - Narudžba #48
23,103,7,2025-04-19 11:45:00,390,Prodaja - Narudžba #92
24,103,8,2025-01-01 00:00:00,260,Početno stanje
25,104,10,2025-01-01 00:00:00,406,Početno stanje
26,104,4,2025-01-01 00:00:00,171,Početno stanje
27,104,4,2025-04-23 16:45:00,168,Prodaja - Narudžba #96
28,104,4,2025-05-19 09:15:00,165,Prodaja - Narudžba #122
29,105,1,2025-01-01 00:00:00,65,Početno stanje
30,105,2,2025-01-01 00:00:00,442,Početno stanje
31,105,2,2025-04-25 09:15:00,441,Prodaja - Narudžba #98
32,106,5,2025-01-01 00:00:00,363,Početno stanje
33,106,5,2025-01-28 11:45:00,362,Prodaja - Narudžba #13
34,106,5,2025-04-24 18:00:00,361,Prodaja - Narudžba #97
35,107,4,2025-01-01 00:00:00,212,Početno stanje
36,107,5,2025-01-01 00:00:00,233,Početno stanje
37,107,5,2025-02-14 11:45:00,232,Prodaja - Narudžba #28
38,107,5,2025-03-18 11:45:00,229,Prodaja - Narudžba #60
39,107,5,2025-03-23 18:00:00,228,Prodaja - Narudžba #65
40,108,10,2025-01-01 00:00:00,90,Početno stanje
41,108,10,2025-03-21 15:30:00,87,Prodaja - Narudžba #63
42,108,3,2025-01-01 00:00:00,81,Početno stanje
43,108,5,2025-01-01 00:00:00,220,Početno stanje
44,109,9,2025-01-01 00:00:00,442,Početno stanje
45,109,9,2025-02-04 11:00:00,441,Prodaja - Narudžba #18
46,109,9,2025-05-12 10:30:00,439,Prodaja - Narudžba #115
47,11,2,2025-01-01 00:00:00,333,Početno stanje
48,11,2,2025-02-02 09:30:00,332,Prodaja - Narudžba #16
49,11,2,2025-04-11 11:45:00,331,Prodaja - Narudžba #84
50,11,2,2025-04-21 14:15:00,329,Prodaja - Narudžba #94
51,11,2,2025-05-03 09:15:00,328,Prodaja - Narudžba #106
52,110,3,2025-01-01 00:00:00,241,Početno stanje
53,110,3,2025-03-19 13:00:00,239,Prodaja - Narudžba #61
54,110,3,2025-04-18 10:30:00,237,Prodaja - Narudžba #91
55,110,3,2025-04-29 14:15:00,236,Prodaja - Narudžba #102
56,110,4,2025-01-01 00:00:00,372,Početno stanje
57,110,6,2025-01-01 00:00:00,47,Početno stanje
58,111,5,2025-01-01 00:00:00,54,Početno stanje
59,111,5,2025-03-13 15:30:00,51,Prodaja - Narudžba #55
60,112,2,2025-01-01 00:00:00,224,Početno stanje
61,112,9,2025-01-01 00:00:00,253,Početno stanje
62,112,9,2025-01-10 11:44:02,251,Prodaja - Narudžba #4
63,113,7,2025-01-01 00:00:00,411,Početno stanje
64,113,7,2025-03-19 13:00:00,410,Prodaja - Narudžba #61
65,113,7,2025-05-06 13:00:00,409,Prodaja - Narudžba #109
66,114,2,2025-01-01 00:00:00,16,Početno stanje
67,114,6,2025-01-01 00:00:00,384,Početno stanje
68,114,6,2025-01-27 10:30:00,382,Prodaja - Narudžba #12
69,114,6,2025-03-15 18:00:00,379,Prodaja - Narudžba #57
70,114,8,2025-01-01 00:00:00,102,Početno stanje
71,115,3,2025-01-01 00:00:00,311,Početno stanje
72,116,8,2025-01-01 00:00:00,29,Početno stanje
73,116,8,2025-04-14 15:30:00,27,Prodaja - Narudžba #87
74,117,7,2025-01-01 00:00:00,47,Početno stanje
75,117,7,2025-02-04 11:00:00,44,Prodaja - Narudžba #18
76,117,7,2025-03-16 09:15:00,43,Prodaja - Narudžba #58
77,117,7,2025-03-29 15:30:00,40,Prodaja - Narudžba #71
78,118,1,2025-01-01 00:00:00,224,Početno stanje
79,118,10,2025-01-01 00:00:00,266,Početno stanje
80,118,10,2025-04-08 18:00:00,264,Prodaja - Narudžba #81
81,118,9,2025-01-01 00:00:00,499,Početno stanje
82,119,6,2025-01-01 00:00:00,218,Početno stanje
83,12,1,2025-01-01 00:00:00,193,Početno stanje
84,12,1,2025-01-05 09:11:45,192,Prodaja - Narudžba #2
85,12,1,2025-01-28 11:45:00,191,Prodaja - Narudžba #13
86,12,1,2025-04-21 14:15:00,188,Prodaja - Narudžba #94
87,12,2,2025-01-01 00:00:00,183,Početno stanje
88,12,7,2025-01-01 00:00:00,127,Početno stanje
89,120,10,2025-01-01 00:00:00,107,Početno stanje
90,120,8,2025-01-01 00:00:00,376,Početno stanje
91,120,9,2025-01-01 00:00:00,313,Početno stanje
92,120,9,2025-03-27 13:00:00,312,Prodaja - Narudžba #69
93,120,9,2025-04-05 14:15:00,309,Prodaja - Narudžba #78
94,121,2,2025-01-01 00:00:00,316,Početno stanje
95,121,2,2025-04-01 09:15:00,313,Prodaja - Narudžba #74
96,121,2,2025-05-04 10:30:00,311,Prodaja - Narudžba #107
97,121,4,2025-01-01 00:00:00,407,Početno stanje
98,121,8,2025-01-01 00:00:00,485,Početno stanje
99,122,9,2025-01-01 00:00:00,130,Početno stanje
100,122,9,2025-02-12 09:15:00,127,Prodaja - Narudžba #26
101,123,9,2025-01-01 00:00:00,468,Početno stanje
102,123,9,2025-01-30 15:15:00,466,Prodaja - Narudžba #15
103,123,9,2025-03-12 14:15:00,463,Prodaja - Narudžba #54
104,124,1,2025-01-01 00:00:00,214,Početno stanje
105,124,5,2025-01-01 00:00:00,188,Početno stanje
106,125,2,2025-01-01 00:00:00,180,Početno stanje
107,125,4,2025-01-01 00:00:00,53,Početno stanje
108,125,4,2025-02-03 10:45:00,50,Prodaja - Narudžba #17
109,125,4,2025-04-10 10:30:00,48,Prodaja - Narudžba #83
110,126,6,2025-01-01 00:00:00,51,Početno stanje
111,126,6,2025-03-14 16:45:00,50,Prodaja - Narudžba #56
112,126,6,2025-04-01 09:15:00,48,Prodaja - Narudžba #74
113,126,6,2025-04-06 15:30:00,45,Prodaja - Narudžba #79
114,127,10,2025-01-01 00:00:00,417,Početno stanje
115,127,3,2025-01-01 00:00:00,262,Početno stanje
116,127,9,2025-01-01 00:00:00,420,Početno stanje
117,128,2,2025-01-01 00:00:00,240,Početno stanje
118,128,2,2025-02-21 10:30:00,238,Prodaja - Narudžba #35
119,129,10,2025-01-01 00:00:00,221,Početno stanje
120,129,6,2025-01-01 00:00:00,249,Početno stanje
121,129,6,2025-02-21 10:30:00,248,Prodaja - Narudžba #35
122,129,6,2025-03-02 11:45:00,245,Prodaja - Narudžba #44
123,129,6,2025-03-03 13:00:00,242,Prodaja - Narudžba #45
124,129,6,2025-04-01 09:15:00,239,Prodaja - Narudžba #74
125,129,6,2025-05-12 10:30:00,238,Prodaja - Narudžba #115
126,13,2,2025-01-01 00:00:00,183,Početno stanje
127,13,2,2025-01-10 11:44:02,181,Prodaja - Narudžba #4
128,13,6,2025-01-01 00:00:00,281,Početno stanje
129,13,9,2025-01-01 00:00:00,209,Početno stanje
130,130,3,2025-01-01 00:00:00,169,Početno stanje
131,130,3,2025-04-09 09:15:00,167,Prodaja - Narudžba #82
132,131,2,2025-01-01 00:00:00,342,Početno stanje
133,131,4,2025-01-01 00:00:00,328,Početno stanje
134,131,5,2025-01-01 00:00:00,241,Početno stanje
135,132,10,2025-01-01 00:00:00,493,Početno stanje
136,132,10,2025-01-26 09:00:00,490,Prodaja - Narudžba #11
137,132,10,2025-02-02 09:30:00,488,Prodaja - Narudžba #16
138,132,10,2025-03-09 10:30:00,485,Prodaja - Narudžba #51
139,132,10,2025-03-22 16:45:00,482,Prodaja - Narudžba #64
140,133,3,2025-01-01 00:00:00,445,Početno stanje
141,133,3,2025-01-10 11:44:02,443,Prodaja - Narudžba #4
142,133,3,2025-02-05 12:15:00,442,Prodaja - Narudžba #19
143,133,3,2025-02-22 11:45:00,441,Prodaja - Narudžba #36
144,133,4,2025-01-01 00:00:00,436,Početno stanje
145,133,9,2025-01-01 00:00:00,295,Početno stanje
146,134,8,2025-01-01 00:00:00,340,Početno stanje
147,134,8,2025-01-20 16:21:09,339,Prodaja - Narudžba #8
148,134,8,2025-02-20 09:15:00,338,Prodaja - Narudžba #34
149,134,8,2025-05-05 11:45:00,337,Prodaja - Narudžba #108
150,135,10,2025-01-01 00:00:00,66,Početno stanje
151,135,5,2025-01-01 00:00:00,85,Početno stanje
152,135,5,2025-01-15 13:55:12,83,Prodaja - Narudžba #6
153,135,5,2025-03-06 16:45:00,81,Prodaja - Narudžba #48
154,136,5,2025-01-01 00:00:00,254,Početno stanje
155,136,5,2025-05-19 09:15:00,252,Prodaja - Narudžba #122
156,137,4,2025-01-01 00:00:00,268,Početno stanje
157,137,6,2025-01-01 00:00:00,12,Početno stanje
158,137,6,2025-04-06 15:30:00,10,Prodaja - Narudžba #79
159,138,1,2025-01-01 00:00:00,476,Početno stanje
160,138,1,2025-04-08 18:00:00,474,Prodaja - Narudžba #81
161,138,6,2025-01-01 00:00:00,80,Početno stanje
162,139,4,2025-01-01 00:00:00,163,Početno stanje
163,139,4,2025-03-02 11:45:00,161,Prodaja - Narudžba #44
164,139,4,2025-05-20 10:30:00,160,Prodaja - Narudžba #123
165,139,6,2025-01-01 00:00:00,298,Početno stanje
166,14,6,2025-01-01 00:00:00,111,Početno stanje
167,14,6,2025-02-02 09:30:00,110,Prodaja - Narudžba #16
168,14,6,2025-03-16 09:15:00,109,Prodaja - Narudžba #58
169,140,10,2025-01-01 00:00:00,270,Početno stanje
170,140,2,2025-01-01 00:00:00,83,Početno stanje
171,140,9,2025-01-01 00:00:00,334,Početno stanje
172,140,9,2025-03-05 15:30:00,333,Prodaja - Narudžba #47
173,140,9,2025-04-17 09:15:00,330,Prodaja - Narudžba #90
174,140,9,2025-05-15 14:15:00,329,Prodaja - Narudžba #118
175,141,1,2025-01-01 00:00:00,462,Početno stanje
176,141,5,2025-01-01 00:00:00,338,Početno stanje
177,141,5,2025-03-30 16:45:00,335,Prodaja - Narudžba #72
178,141,7,2025-01-01 00:00:00,400,Početno stanje
179,142,1,2025-01-01 00:00:00,323,Početno stanje
180,142,5,2025-01-01 00:00:00,269,Početno stanje
181,142,5,2025-04-21 14:15:00,266,Prodaja - Narudžba #94
182,142,6,2025-01-01 00:00:00,127,Početno stanje
183,143,3,2025-01-01 00:00:00,178,Početno stanje
184,143,5,2025-01-01 00:00:00,465,Početno stanje
185,143,5,2025-04-07 16:45:00,464,Prodaja - Narudžba #80
186,143,6,2025-01-01 00:00:00,37,Početno stanje
187,144,10,2025-01-01 00:00:00,118,Početno stanje
188,144,3,2025-01-01 00:00:00,60,Početno stanje
189,144,5,2025-01-01 00:00:00,449,Početno stanje
190,144,5,2025-05-21 11:45:00,447,Prodaja - Narudžba #124
191,145,2,2025-01-01 00:00:00,403,Početno stanje
192,145,4,2025-01-01 00:00:00,462,Početno stanje
193,146,2,2025-01-01 00:00:00,272,Početno stanje
194,146,5,2025-01-01 00:00:00,377,Početno stanje
195,146,5,2025-01-18 14:33:50,375,Prodaja - Narudžba #7
196,146,5,2025-02-11 18:00:00,374,Prodaja - Narudžba #25
197,146,5,2025-04-04 13:00:00,372,Prodaja - Narudžba #77
198,146,5,2025-04-13 14:15:00,369,Prodaja - Narudžba #86
199,146,6,2025-01-01 00:00:00,420,Početno stanje
200,147,6,2025-01-01 00:00:00,275,Početno stanje
201,147,9,2025-01-01 00:00:00,262,Početno stanje
202,147,9,2025-02-02 09:30:00,259,Prodaja - Narudžba #16
203,147,9,2025-03-20 14:15:00,257,Prodaja - Narudžba #62
204,147,9,2025-04-10 10:30:00,255,Prodaja - Narudžba #83
205,147,9,2025-04-16 18:00:00,253,Prodaja - Narudžba #89
206,148,3,2025-01-01 00:00:00,218,Početno stanje
207,148,8,2025-01-01 00:00:00,329,Početno stanje
208,148,8,2025-02-15 13:00:00,327,Prodaja - Narudžba #29
209,148,8,2025-02-25 15:30:00,326,Prodaja - Narudžba #39
210,148,8,2025-04-19 11:45:00,323,Prodaja - Narudžba #92
211,149,2,2025-01-01 00:00:00,12,Početno stanje
212,149,6,2025-01-01 00:00:00,196,Početno stanje
213,149,9,2025-01-01 00:00:00,63,Početno stanje
214,15,10,2025-01-01 00:00:00,344,Početno stanje
215,15,2,2025-01-01 00:00:00,73,Početno stanje
216,15,3,2025-01-01 00:00:00,378,Početno stanje
217,150,10,2025-01-01 00:00:00,242,Početno stanje
218,150,4,2025-01-01 00:00:00,323,Početno stanje
219,150,7,2025-01-01 00:00:00,94,Početno stanje
220,150,7,2025-03-15 18:00:00,92,Prodaja - Narudžba #57
221,150,7,2025-05-11 09:15:00,90,Prodaja - Narudžba #114
222,151,2,2025-01-01 00:00:00,15,Početno stanje
223,151,5,2025-01-01 00:00:00,232,Početno stanje
224,151,6,2025-01-01 00:00:00,14,Početno stanje
225,152,1,2025-01-01 00:00:00,417,Početno stanje
226,152,1,2025-01-20 16:21:09,415,Prodaja - Narudžba #8
227,152,1,2025-04-19 11:45:00,412,Prodaja - Narudžba #92
228,152,1,2025-05-25 16:45:00,410,Prodaja - Narudžba #128
229,152,4,2025-01-01 00:00:00,420,Početno stanje
230,152,6,2025-01-01 00:00:00,448,Početno stanje
231,153,10,2025-01-01 00:00:00,293,Početno stanje
232,153,10,2025-04-08 18:00:00,291,Prodaja - Narudžba #81
233,153,10,2025-05-06 13:00:00,290,Prodaja - Narudžba #109
234,154,1,2025-01-01 00:00:00,382,Početno stanje
235,154,3,2025-01-01 00:00:00,301,Početno stanje
236,154,3,2025-01-18 14:33:50,298,Prodaja - Narudžba #7
237,155,5,2025-01-01 00:00:00,106,Početno stanje
238,155,8,2025-01-01 00:00:00,413,Početno stanje
239,156,6,2025-01-01 00:00:00,77,Početno stanje
240,156,7,2025-01-01 00:00:00,330,Početno stanje
241,157,2,2025-01-01 00:00:00,58,Početno stanje
242,157,4,2025-01-01 00:00:00,259,Početno stanje
243,157,4,2025-03-21 15:30:00,256,Prodaja - Narudžba #63
244,157,8,2025-01-01 00:00:00,33,Početno stanje
245,158,1,2025-01-01 00:00:00,340,Početno stanje
246,158,4,2025-01-01 00:00:00,442,Početno stanje
247,158,7,2025-01-01 00:00:00,247,Početno stanje
248,158,7,2025-01-15 13:55:12,246,Prodaja - Narudžba #6
249,158,7,2025-01-20 16:21:09,243,Prodaja - Narudžba #8
250,158,7,2025-03-17 10:30:00,242,Prodaja - Narudžba #59
251,158,7,2025-05-20 10:30:00,241,Prodaja - Narudžba #123
252,159,1,2025-01-01 00:00:00,414,Početno stanje
253,159,5,2025-01-01 00:00:00,480,Početno stanje
254,159,6,2025-01-01 00:00:00,79,Početno stanje
255,16,2,2025-01-01 00:00:00,95,Početno stanje
256,16,2,2025-01-28 11:45:00,92,Prodaja - Narudžba #13
257,160,10,2025-01-01 00:00:00,349,Početno stanje
258,160,10,2025-02-08 15:00:00,348,Prodaja - Narudžba #22
259,160,10,2025-05-03 09:15:00,346,Prodaja - Narudžba #106
260,161,1,2025-01-01 00:00:00,357,Početno stanje
261,161,10,2025-01-01 00:00:00,92,Početno stanje
262,161,9,2025-01-01 00:00:00,162,Početno stanje
263,162,8,2025-01-01 00:00:00,32,Početno stanje
264,162,8,2025-01-08 10:05:33,30,Prodaja - Narudžba #3
265,162,8,2025-02-24 14:15:00,29,Prodaja - Narudžba #38
266,162,8,2025-03-09 10:30:00,26,Prodaja - Narudžba #51
267,162,8,2025-05-16 15:30:00,23,Prodaja - Narudžba #119
268,163,9,2025-01-01 00:00:00,428,Početno stanje
269,163,9,2025-03-04 14:15:00,427,Prodaja - Narudžba #46
270,164,6,2025-01-01 00:00:00,371,Početno stanje
271,164,7,2025-01-01 00:00:00,495,Početno stanje
272,164,9,2025-01-01 00:00:00,334,Početno stanje
273,165,2,2025-01-01 00:00:00,397,Početno stanje
274,165,3,2025-01-01 00:00:00,162,Početno stanje
275,165,3,2025-02-19 18:00:00,159,Prodaja - Narudžba #33
276,165,3,2025-03-31 18:00:00,157,Prodaja - Narudžba #73
277,165,3,2025-04-03 11:45:00,154,Prodaja - Narudžba #76
278,166,5,2025-01-01 00:00:00,304,Početno stanje
279,166,5,2025-03-09 10:30:00,302,Prodaja - Narudžba #51
280,166,5,2025-05-13 11:45:00,301,Prodaja - Narudžba #116
281,167,5,2025-01-01 00:00:00,472,Početno stanje
282,167,8,2025-01-01 00:00:00,9,Početno stanje
283,167,8,2025-05-16 15:30:00,7,Prodaja - Narudžba #119
284,168,2,2025-01-01 00:00:00,17,Početno stanje
285,168,6,2025-01-01 00:00:00,151,Početno stanje
286,168,6,2025-02-04 11:00:00,150,Prodaja - Narudžba #18
287,168,6,2025-02-16 14:15:00,149,Prodaja - Narudžba #30
288,168,6,2025-03-12 14:15:00,148,Prodaja - Narudžba #54
289,168,6,2025-03-26 11:45:00,146,Prodaja - Narudžba #68
290,168,6,2025-04-09 09:15:00,143,Prodaja - Narudžba #82
291,168,8,2025-01-01 00:00:00,384,Početno stanje
292,169,2,2025-01-01 00:00:00,340,Početno stanje
293,169,2,2025-03-27 13:00:00,338,Prodaja - Narudžba #69
294,169,2,2025-04-17 09:15:00,337,Prodaja - Narudžba #90
295,169,7,2025-01-01 00:00:00,102,Početno stanje
296,169,9,2025-01-01 00:00:00,439,Početno stanje
297,17,10,2025-01-01 00:00:00,76,Početno stanje
298,17,7,2025-01-01 00:00:00,483,Početno stanje
299,170,5,2025-01-01 00:00:00,166,Početno stanje
300,170,5,2025-05-02 18:00:00,164,Prodaja - Narudžba #105
301,170,7,2025-01-01 00:00:00,22,Početno stanje
302,171,3,2025-01-01 00:00:00,114,Početno stanje
303,171,3,2025-01-27 10:30:00,111,Prodaja - Narudžba #12
304,171,3,2025-04-06 15:30:00,109,Prodaja - Narudžba #79
305,172,3,2025-01-01 00:00:00,107,Početno stanje
306,172,7,2025-01-01 00:00:00,157,Početno stanje
307,172,8,2025-01-01 00:00:00,482,Početno stanje
308,172,8,2025-03-01 10:30:00,481,Prodaja - Narudžba #43
309,173,7,2025-01-01 00:00:00,170,Početno stanje
310,173,7,2025-04-29 14:15:00,167,Prodaja - Narudžba #102
311,173,7,2025-05-07 14:15:00,164,Prodaja - Narudžba #110
312,173,7,2025-05-12 10:30:00,161,Prodaja - Narudžba #115
313,174,2,2025-01-01 00:00:00,410,Početno stanje
314,174,6,2025-01-01 00:00:00,487,Početno stanje
315,174,6,2025-02-08 15:00:00,484,Prodaja - Narudžba #22
316,175,4,2025-01-01 00:00:00,325,Početno stanje
317,175,5,2025-01-01 00:00:00,499,Početno stanje
318,176,4,2025-01-01 00:00:00,444,Početno stanje
319,177,4,2025-01-01 00:00:00,217,Početno stanje
320,177,9,2025-01-01 00:00:00,47,Početno stanje
321,178,10,2025-01-01 00:00:00,83,Početno stanje
322,178,10,2025-03-18 11:45:00,82,Prodaja - Narudžba #60
323,179,4,2025-01-01 00:00:00,442,Početno stanje
324,179,6,2025-01-01 00:00:00,464,Početno stanje
325,179,6,2025-03-19 13:00:00,461,Prodaja - Narudžba #61
326,179,6,2025-03-26 11:45:00,459,Prodaja - Narudžba #68
327,179,6,2025-04-13 14:15:00,457,Prodaja - Narudžba #86
328,18,10,2025-01-01 00:00:00,410,Početno stanje
329,18,2,2025-01-01 00:00:00,456,Početno stanje
330,18,2,2025-02-05 12:15:00,455,Prodaja - Narudžba #19
331,18,2,2025-02-08 15:00:00,453,Prodaja - Narudžba #22
332,18,2,2025-02-20 09:15:00,452,Prodaja - Narudžba #34
333,18,2,2025-03-30 16:45:00,449,Prodaja - Narudžba #72
334,180,2,2025-01-01 00:00:00,130,Početno stanje
335,180,2,2025-04-16 18:00:00,128,Prodaja - Narudžba #89
336,181,4,2025-01-01 00:00:00,413,Početno stanje
337,181,5,2025-01-01 00:00:00,306,Početno stanje
338,181,7,2025-01-01 00:00:00,11,Početno stanje
339,182,10,2025-01-01 00:00:00,164,Početno stanje
340,182,2,2025-01-01 00:00:00,281,Početno stanje
341,182,2,2025-05-15 14:15:00,278,Prodaja - Narudžba #118
342,183,5,2025-01-01 00:00:00,115,Početno stanje
343,183,5,2025-03-06 16:45:00,113,Prodaja - Narudžba #48
344,183,5,2025-03-11 13:00:00,111,Prodaja - Narudžba #53
345,183,9,2025-01-01 00:00:00,363,Početno stanje
346,184,7,2025-01-01 00:00:00,341,Početno stanje
347,184,7,2025-04-30 15:30:00,338,Prodaja - Narudžba #103
348,185,1,2025-01-01 00:00:00,239,Početno stanje
349,185,3,2025-01-01 00:00:00,239,Početno stanje
350,186,8,2025-01-01 00:00:00,46,Početno stanje
351,186,9,2025-01-01 00:00:00,231,Početno stanje
352,187,2,2025-01-01 00:00:00,79,Početno stanje
353,187,2,2025-01-27 10:30:00,77,Prodaja - Narudžba #12
354,187,2,2025-01-29 14:00:00,74,Prodaja - Narudžba #14
355,187,2,2025-02-09 16:15:00,73,Prodaja - Narudžba #23
356,187,2,2025-04-18 10:30:00,72,Prodaja - Narudžba #91
357,187,3,2025-01-01 00:00:00,322,Početno stanje
358,187,9,2025-01-01 00:00:00,411,Početno stanje
359,188,2,2025-01-01 00:00:00,210,Početno stanje
360,188,7,2025-01-01 00:00:00,201,Početno stanje
361,188,7,2025-03-08 09:15:00,200,Prodaja - Narudžba #50
362,189,1,2025-01-01 00:00:00,7,Početno stanje
363,189,2,2025-01-01 00:00:00,438,Početno stanje
364,189,2,2025-03-07 18:00:00,436,Prodaja - Narudžba #49
365,189,9,2025-01-01 00:00:00,362,Početno stanje
366,19,10,2025-01-01 00:00:00,275,Početno stanje
367,190,2,2025-01-01 00:00:00,378,Početno stanje
368,190,3,2025-01-01 00:00:00,488,Početno stanje
369,190,8,2025-01-01 00:00:00,485,Početno stanje
370,190,8,2025-02-11 18:00:00,482,Prodaja - Narudžba #25
371,190,8,2025-04-26 10:30:00,479,Prodaja - Narudžba #99
372,191,3,2025-01-01 00:00:00,212,Početno stanje
373,191,3,2025-03-17 10:30:00,211,Prodaja - Narudžba #59
374,191,3,2025-04-13 14:15:00,208,Prodaja - Narudžba #86
375,192,2,2025-01-01 00:00:00,105,Početno stanje
376,192,6,2025-01-01 00:00:00,329,Početno stanje
377,192,6,2025-01-08 10:05:33,328,Prodaja - Narudžba #3
378,192,6,2025-03-14 16:45:00,326,Prodaja - Narudžba #56
379,192,6,2025-03-21 15:30:00,324,Prodaja - Narudžba #63
380,193,7,2025-01-01 00:00:00,481,Početno stanje
381,193,7,2025-03-02 11:45:00,479,Prodaja - Narudžba #44
382,193,7,2025-03-09 10:30:00,478,Prodaja - Narudžba #51
383,194,3,2025-01-01 00:00:00,147,Početno stanje
384,194,6,2025-01-01 00:00:00,129,Početno stanje
385,194,9,2025-01-01 00:00:00,485,Početno stanje
386,194,9,2025-02-21 10:30:00,482,Prodaja - Narudžba #35
387,194,9,2025-04-25 09:15:00,480,Prodaja - Narudžba #98
388,194,9,2025-04-30 15:30:00,477,Prodaja - Narudžba #103
389,195,10,2025-01-01 00:00:00,138,Početno stanje
390,195,5,2025-01-01 00:00:00,247,Početno stanje
391,195,9,2025-01-01 00:00:00,463,Početno stanje
392,196,9,2025-01-01 00:00:00,492,Početno stanje
393,196,9,2025-01-13 12:18:27,490,Prodaja - Narudžba #5
394,196,9,2025-04-27 11:45:00,487,Prodaja - Narudžba #100
395,197,10,2025-01-01 00:00:00,98,Početno stanje
396,197,10,2025-03-30 16:45:00,96,Prodaja - Narudžba #72
397,198,5,2025-01-01 00:00:00,423,Početno stanje
398,198,8,2025-01-01 00:00:00,94,Početno stanje
399,198,8,2025-03-08 09:15:00,91,Prodaja - Narudžba #50
400,199,6,2025-01-01 00:00:00,466,Početno stanje
401,199,7,2025-01-01 00:00:00,316,Početno stanje
402,199,7,2025-02-23 13:00:00,313,Prodaja - Narudžba #37
403,199,9,2025-01-01 00:00:00,117,Početno stanje
404,2,7,2025-01-01 00:00:00,466,Početno stanje
405,20,8,2025-01-01 00:00:00,124,Početno stanje
406,20,8,2025-01-08 10:05:33,122,Prodaja - Narudžba #3
407,20,8,2025-03-28 14:15:00,121,Prodaja - Narudžba #70
408,200,4,2025-01-01 00:00:00,123,Početno stanje
409,200,4,2025-04-15 16:45:00,122,Prodaja - Narudžba #88
410,200,5,2025-01-01 00:00:00,324,Početno stanje
411,201,2,2025-01-01 00:00:00,448,Početno stanje
412,201,6,2025-01-01 00:00:00,199,Početno stanje
413,201,7,2025-01-01 00:00:00,459,Početno stanje
414,201,7,2025-04-23 16:45:00,456,Prodaja - Narudžba #96
415,201,7,2025-05-22 13:00:00,453,Prodaja - Narudžba #125
416,202,7,2025-01-01 00:00:00,308,Početno stanje
417,202,8,2025-01-01 00:00:00,359,Početno stanje
418,203,8,2025-01-01 00:00:00,432,Početno stanje
419,204,1,2025-01-01 00:00:00,496,Početno stanje
420,204,4,2025-01-01 00:00:00,60,Početno stanje
421,204,9,2025-01-01 00:00:00,46,Početno stanje
422,204,9,2025-02-18 16:45:00,44,Prodaja - Narudžba #32
423,205,4,2025-01-01 00:00:00,184,Početno stanje
424,205,4,2025-02-07 14:45:00,181,Prodaja - Narudžba #21
425,205,4,2025-02-14 11:45:00,178,Prodaja - Narudžba #28
426,205,4,2025-03-01 10:30:00,176,Prodaja - Narudžba #43
427,205,8,2025-01-01 00:00:00,286,Početno stanje
428,205,9,2025-01-01 00:00:00,255,Početno stanje
429,206,10,2025-01-01 00:00:00,163,Početno stanje
430,206,10,2025-02-24 14:15:00,160,Prodaja - Narudžba #38
431,206,3,2025-01-01 00:00:00,286,Početno stanje
432,207,6,2025-01-01 00:00:00,471,Početno stanje
433,207,6,2025-04-02 10:30:00,468,Prodaja - Narudžba #75
434,208,10,2025-01-01 00:00:00,48,Početno stanje
435,208,10,2025-02-06 13:30:00,46,Prodaja - Narudžba #20
436,208,10,2025-05-11 09:15:00,44,Prodaja - Narudžba #114
437,208,4,2025-01-01 00:00:00,245,Početno stanje
438,208,8,2025-01-01 00:00:00,179,Početno stanje
439,209,10,2025-01-01 00:00:00,169,Početno stanje
440,21,2,2025-01-01 00:00:00,296,Početno stanje
441,21,5,2025-01-01 00:00:00,342,Početno stanje
442,21,6,2025-01-01 00:00:00,95,Početno stanje
443,210,2,2025-01-01 00:00:00,22,Početno stanje
444,210,2,2025-02-15 13:00:00,19,Prodaja - Narudžba #29
445,210,7,2025-01-01 00:00:00,127,Početno stanje
446,211,10,2025-01-01 00:00:00,374,Početno stanje
447,211,10,2025-02-19 18:00:00,371,Prodaja - Narudžba #33
448,211,10,2025-03-25 10:30:00,368,Prodaja - Narudžba #67
449,211,10,2025-05-08 15:30:00,367,Prodaja - Narudžba #111
450,211,7,2025-01-01 00:00:00,176,Početno stanje
451,212,1,2025-01-01 00:00:00,430,Početno stanje
452,212,6,2025-01-01 00:00:00,94,Početno stanje
453,213,1,2025-01-01 00:00:00,431,Početno stanje
454,213,10,2025-01-01 00:00:00,169,Početno stanje
455,213,6,2025-01-01 00:00:00,102,Početno stanje
456,213,6,2025-04-01 09:15:00,99,Prodaja - Narudžba #74
457,214,10,2025-01-01 00:00:00,339,Početno stanje
458,214,5,2025-01-01 00:00:00,140,Početno stanje
459,214,6,2025-01-01 00:00:00,3,Početno stanje
460,215,6,2025-01-01 00:00:00,319,Početno stanje
461,215,6,2025-04-07 16:45:00,316,Prodaja - Narudžba #80
462,215,8,2025-01-01 00:00:00,215,Početno stanje
463,216,7,2025-01-01 00:00:00,354,Početno stanje
464,217,10,2025-01-01 00:00:00,69,Početno stanje
465,217,6,2025-01-01 00:00:00,463,Početno stanje
466,217,7,2025-01-01 00:00:00,106,Početno stanje
467,217,7,2025-04-10 10:30:00,104,Prodaja - Narudžba #83
468,218,1,2025-01-01 00:00:00,433,Početno stanje
469,218,1,2025-04-30 15:30:00,430,Prodaja - Narudžba #103
470,218,2,2025-01-01 00:00:00,135,Početno stanje
471,218,6,2025-01-01 00:00:00,27,Početno stanje
472,219,3,2025-01-01 00:00:00,241,Početno stanje
473,219,5,2025-01-01 00:00:00,151,Početno stanje
474,219,6,2025-01-01 00:00:00,180,Početno stanje
475,22,10,2025-01-01 00:00:00,312,Početno stanje
476,22,4,2025-01-01 00:00:00,136,Početno stanje
477,22,4,2025-02-08 15:00:00,135,Prodaja - Narudžba #22
478,22,7,2025-01-01 00:00:00,14,Početno stanje
479,220,10,2025-01-01 00:00:00,366,Početno stanje
480,220,5,2025-01-01 00:00:00,369,Početno stanje
481,221,3,2025-01-01 00:00:00,372,Početno stanje
482,221,3,2025-02-14 11:45:00,370,Prodaja - Narudžba #28
483,221,3,2025-03-13 15:30:00,367,Prodaja - Narudžba #55
484,221,3,2025-03-19 13:00:00,366,Prodaja - Narudžba #61
485,222,3,2025-01-01 00:00:00,388,Početno stanje
486,222,4,2025-01-01 00:00:00,215,Početno stanje
487,223,8,2025-01-01 00:00:00,49,Početno stanje
488,223,8,2025-03-18 11:45:00,48,Prodaja - Narudžba #60
489,223,8,2025-03-30 16:45:00,45,Prodaja - Narudžba #72
490,224,1,2025-01-01 00:00:00,105,Početno stanje
491,224,7,2025-01-01 00:00:00,48,Početno stanje
492,224,9,2025-01-01 00:00:00,225,Početno stanje
493,225,10,2025-01-01 00:00:00,297,Početno stanje
494,225,10,2025-01-27 10:30:00,296,Prodaja - Narudžba #12
495,225,10,2025-03-08 09:15:00,293,Prodaja - Narudžba #50
496,225,10,2025-05-02 18:00:00,290,Prodaja - Narudžba #105
497,225,9,2025-01-01 00:00:00,181,Početno stanje
498,226,6,2025-01-01 00:00:00,325,Početno stanje
499,226,6,2025-04-29 14:15:00,323,Prodaja - Narudžba #102
500,226,6,2025-05-01 16:45:00,322,Prodaja - Narudžba #104
501,226,9,2025-01-01 00:00:00,79,Početno stanje
502,227,10,2025-01-01 00:00:00,269,Početno stanje
503,227,5,2025-01-01 00:00:00,84,Početno stanje
504,227,8,2025-01-01 00:00:00,193,Početno stanje
505,228,1,2025-01-01 00:00:00,474,Početno stanje
506,228,8,2025-01-01 00:00:00,188,Početno stanje
507,228,9,2025-01-01 00:00:00,84,Početno stanje
508,229,3,2025-01-01 00:00:00,182,Početno stanje
509,229,4,2025-01-01 00:00:00,374,Početno stanje
510,229,4,2025-02-06 13:30:00,373,Prodaja - Narudžba #20
511,229,4,2025-02-10 17:30:00,371,Prodaja - Narudžba #24
512,229,4,2025-03-01 10:30:00,369,Prodaja - Narudžba #43
513,229,5,2025-01-01 00:00:00,256,Početno stanje
514,23,2,2025-01-01 00:00:00,387,Početno stanje
515,23,2,2025-02-06 13:30:00,384,Prodaja - Narudžba #20
516,23,2,2025-03-13 15:30:00,382,Prodaja - Narudžba #55
517,23,2,2025-03-14 16:45:00,381,Prodaja - Narudžba #56
518,23,2,2025-05-08 15:30:00,379,Prodaja - Narudžba #111
519,23,2,2025-05-23 14:15:00,376,Prodaja - Narudžba #126
520,230,1,2025-01-01 00:00:00,180,Početno stanje
521,230,5,2025-01-01 00:00:00,77,Početno stanje
522,230,8,2025-01-01 00:00:00,83,Početno stanje
523,231,10,2025-01-01 00:00:00,98,Početno stanje
524,231,2,2025-01-01 00:00:00,157,Početno stanje
525,231,6,2025-01-01 00:00:00,249,Početno stanje
526,231,6,2025-04-07 16:45:00,247,Prodaja - Narudžba #80
527,232,8,2025-01-01 00:00:00,42,Početno stanje
528,232,8,2025-03-02 11:45:00,40,Prodaja - Narudžba #44
529,232,8,2025-03-17 10:30:00,39,Prodaja - Narudžba #59
530,232,8,2025-05-13 11:45:00,38,Prodaja - Narudžba #116
531,233,1,2025-01-01 00:00:00,204,Početno stanje
532,233,2,2025-01-01 00:00:00,460,Početno stanje
533,233,2,2025-01-13 12:18:27,457,Prodaja - Narudžba #5
534,233,6,2025-01-01 00:00:00,25,Početno stanje
535,234,5,2025-01-01 00:00:00,7,Početno stanje
536,234,8,2025-01-01 00:00:00,165,Početno stanje
537,235,2,2025-01-01 00:00:00,165,Početno stanje
538,235,2,2025-02-20 09:15:00,162,Prodaja - Narudžba #34
539,236,10,2025-01-01 00:00:00,235,Početno stanje
540,236,4,2025-01-01 00:00:00,324,Početno stanje
541,237,3,2025-01-01 00:00:00,461,Početno stanje
542,237,4,2025-01-01 00:00:00,201,Početno stanje
543,237,4,2025-05-06 13:00:00,198,Prodaja - Narudžba #109
544,237,4,2025-05-19 09:15:00,196,Prodaja - Narudžba #122
545,238,5,2025-01-01 00:00:00,338,Početno stanje
546,238,6,2025-01-01 00:00:00,150,Početno stanje
547,238,6,2025-02-11 18:00:00,147,Prodaja - Narudžba #25
548,238,6,2025-05-12 10:30:00,144,Prodaja - Narudžba #115
549,238,9,2025-01-01 00:00:00,414,Početno stanje
550,239,2,2025-01-01 00:00:00,348,Početno stanje
551,239,2,2025-03-05 15:30:00,345,Prodaja - Narudžba #47
552,24,1,2025-01-01 00:00:00,378,Početno stanje
553,24,1,2025-01-13 12:18:27,375,Prodaja - Narudžba #5
554,24,1,2025-04-07 16:45:00,374,Prodaja - Narudžba #80
555,24,10,2025-01-01 00:00:00,441,Početno stanje
556,24,5,2025-01-01 00:00:00,251,Početno stanje
557,240,10,2025-01-01 00:00:00,33,Početno stanje
558,240,6,2025-01-01 00:00:00,80,Početno stanje
559,240,6,2025-03-05 15:30:00,77,Prodaja - Narudžba #47
560,241,10,2025-01-01 00:00:00,416,Početno stanje
561,241,2,2025-01-01 00:00:00,190,Početno stanje
562,242,1,2025-01-01 00:00:00,284,Početno stanje
563,242,3,2025-01-01 00:00:00,460,Početno stanje
564,242,7,2025-01-01 00:00:00,375,Početno stanje
565,242,7,2025-02-27 18:00:00,374,Prodaja - Narudžba #41
566,242,7,2025-05-06 13:00:00,372,Prodaja - Narudžba #109
567,243,3,2025-01-01 00:00:00,445,Početno stanje
568,243,3,2025-02-06 13:30:00,444,Prodaja - Narudžba #20
569,243,3,2025-03-25 10:30:00,443,Prodaja - Narudžba #67
570,244,1,2025-01-01 00:00:00,167,Početno stanje
571,244,7,2025-01-01 00:00:00,87,Početno stanje
572,244,9,2025-01-01 00:00:00,2,Početno stanje
573,244,9,2025-02-11 18:00:00,0,Prodaja - Narudžba #25
574,244,9,2025-05-26 18:00:00,-1,Prodaja - Narudžba #129
575,245,10,2025-01-01 00:00:00,262,Početno stanje
576,245,10,2025-03-10 11:45:00,261,Prodaja - Narudžba #52
577,245,10,2025-04-22 15:30:00,260,Prodaja - Narudžba #95
578,245,10,2025-05-16 15:30:00,258,Prodaja - Narudžba #119
579,246,10,2025-01-01 00:00:00,15,Početno stanje
580,246,8,2025-01-01 00:00:00,339,Početno stanje
581,246,9,2025-01-01 00:00:00,222,Početno stanje
582,246,9,2025-04-14 15:30:00,220,Prodaja - Narudžba #87
583,247,2,2025-01-01 00:00:00,301,Početno stanje
584,247,2,2025-05-21 11:45:00,298,Prodaja - Narudžba #124
585,247,4,2025-01-01 00:00:00,235,Početno stanje
586,248,10,2025-01-01 00:00:00,185,Početno stanje
587,248,2,2025-01-01 00:00:00,443,Početno stanje
588,249,1,2025-01-01 00:00:00,426,Početno stanje
589,249,1,2025-02-15 13:00:00,424,Prodaja - Narudžba #29
590,249,1,2025-04-17 09:15:00,422,Prodaja - Narudžba #90
591,249,1,2025-05-05 11:45:00,420,Prodaja - Narudžba #108
592,25,6,2025-01-01 00:00:00,309,Početno stanje
593,25,6,2025-02-10 17:30:00,306,Prodaja - Narudžba #24
594,25,6,2025-03-18 11:45:00,303,Prodaja - Narudžba #60
595,250,9,2025-01-01 00:00:00,228,Početno stanje
596,26,1,2025-01-01 00:00:00,434,Početno stanje
597,26,2,2025-01-01 00:00:00,457,Početno stanje
598,27,1,2025-01-01 00:00:00,414,Početno stanje
599,27,4,2025-01-01 00:00:00,418,Početno stanje
600,28,1,2025-01-01 00:00:00,391,Početno stanje
601,28,4,2025-01-01 00:00:00,250,Početno stanje
602,28,8,2025-01-01 00:00:00,432,Početno stanje
603,28,8,2025-01-29 14:00:00,430,Prodaja - Narudžba #14
604,28,8,2025-05-02 18:00:00,427,Prodaja - Narudžba #105
605,28,8,2025-05-08 15:30:00,426,Prodaja - Narudžba #111
606,29,5,2025-01-01 00:00:00,493,Početno stanje
607,29,5,2025-05-19 09:15:00,492,Prodaja - Narudžba #122
608,3,2,2025-01-01 00:00:00,112,Početno stanje
609,3,2,2025-04-18 10:30:00,110,Prodaja - Narudžba #91
610,30,2,2025-01-01 00:00:00,77,Početno stanje
611,30,3,2025-01-01 00:00:00,269,Početno stanje
612,30,5,2025-01-01 00:00:00,242,Početno stanje
613,30,5,2025-03-06 16:45:00,239,Prodaja - Narudžba #48
614,30,5,2025-05-04 10:30:00,237,Prodaja - Narudžba #107
615,31,6,2025-01-01 00:00:00,497,Početno stanje
616,31,6,2025-05-26 18:00:00,495,Prodaja - Narudžba #129
617,31,8,2025-01-01 00:00:00,129,Početno stanje
618,32,10,2025-01-01 00:00:00,210,Početno stanje
619,32,2,2025-01-01 00:00:00,117,Početno stanje
620,32,2,2025-02-28 09:15:00,116,Prodaja - Narudžba #42
621,32,2,2025-03-04 14:15:00,115,Prodaja - Narudžba #46
622,32,8,2025-01-01 00:00:00,317,Početno stanje
623,33,3,2025-01-01 00:00:00,63,Početno stanje
624,33,6,2025-01-01 00:00:00,273,Početno stanje
625,33,6,2025-03-21 15:30:00,271,Prodaja - Narudžba #63
626,33,6,2025-03-24 09:15:00,270,Prodaja - Narudžba #66
627,34,2,2025-01-01 00:00:00,323,Početno stanje
628,34,2,2025-04-21 14:15:00,321,Prodaja - Narudžba #94
629,34,2,2025-05-22 13:00:00,318,Prodaja - Narudžba #125
630,35,1,2025-01-01 00:00:00,377,Početno stanje
631,35,2,2025-01-01 00:00:00,183,Početno stanje
632,35,2,2025-04-08 18:00:00,180,Prodaja - Narudžba #81
633,35,7,2025-01-01 00:00:00,195,Početno stanje
634,36,1,2025-01-01 00:00:00,43,Početno stanje
635,36,6,2025-01-01 00:00:00,78,Početno stanje
636,37,3,2025-01-01 00:00:00,364,Početno stanje
637,37,3,2025-01-22 17:10:44,363,Prodaja - Narudžba #9
638,37,3,2025-02-02 09:30:00,361,Prodaja - Narudžba #16
639,37,3,2025-04-12 13:00:00,360,Prodaja - Narudžba #85
640,37,3,2025-04-28 13:00:00,358,Prodaja - Narudžba #101
641,38,6,2025-01-01 00:00:00,58,Početno stanje
642,38,6,2025-02-13 10:30:00,57,Prodaja - Narudžba #27
643,38,6,2025-03-11 13:00:00,56,Prodaja - Narudžba #53
644,38,8,2025-01-01 00:00:00,239,Početno stanje
645,39,8,2025-01-01 00:00:00,359,Početno stanje
646,39,8,2025-03-23 18:00:00,357,Prodaja - Narudžba #65
647,39,8,2025-05-15 14:15:00,355,Prodaja - Narudžba #118
648,4,1,2025-01-01 00:00:00,172,Početno stanje
649,4,3,2025-01-01 00:00:00,190,Početno stanje
650,4,7,2025-01-01 00:00:00,152,Početno stanje
651,40,2,2025-01-01 00:00:00,330,Početno stanje
652,40,5,2025-01-01 00:00:00,314,Početno stanje
653,40,5,2025-02-09 16:15:00,312,Prodaja - Narudžba #23
654,40,5,2025-04-09 09:15:00,311,Prodaja - Narudžba #82
655,40,8,2025-01-01 00:00:00,491,Početno stanje
656,41,3,2025-01-01 00:00:00,331,Početno stanje
657,41,3,2025-02-16 14:15:00,330,Prodaja - Narudžba #30
658,41,3,2025-02-20 09:15:00,328,Prodaja - Narudžba #34
659,41,3,2025-03-29 15:30:00,327,Prodaja - Narudžba #71
660,41,3,2025-05-14 13:00:00,324,Prodaja - Narudžba #117
661,42,1,2025-01-01 00:00:00,314,Početno stanje
662,42,6,2025-01-01 00:00:00,420,Početno stanje
663,42,8,2025-01-01 00:00:00,268,Početno stanje
664,42,8,2025-02-17 15:30:00,267,Prodaja - Narudžba #31
665,43,5,2025-01-01 00:00:00,54,Početno stanje
666,43,7,2025-01-01 00:00:00,430,Početno stanje
667,43,7,2025-04-28 13:00:00,428,Prodaja - Narudžba #101
668,43,9,2025-01-01 00:00:00,385,Početno stanje
669,44,6,2025-01-01 00:00:00,265,Početno stanje
670,44,6,2025-01-27 10:30:00,264,Prodaja - Narudžba #12
671,44,8,2025-01-01 00:00:00,257,Početno stanje
672,44,9,2025-01-01 00:00:00,211,Početno stanje
673,45,1,2025-01-01 00:00:00,57,Početno stanje
674,45,5,2025-01-01 00:00:00,132,Početno stanje
675,45,6,2025-01-01 00:00:00,59,Početno stanje
676,46,3,2025-01-01 00:00:00,11,Početno stanje
677,46,7,2025-01-01 00:00:00,215,Početno stanje
678,46,9,2025-01-01 00:00:00,473,Početno stanje
679,47,10,2025-01-01 00:00:00,313,Početno stanje
680,47,10,2025-04-20 13:00:00,312,Prodaja - Narudžba #93
681,48,10,2025-01-01 00:00:00,98,Početno stanje
682,48,2,2025-01-01 00:00:00,114,Početno stanje
683,48,7,2025-01-01 00:00:00,44,Početno stanje
684,49,4,2025-01-01 00:00:00,295,Početno stanje
685,49,5,2025-01-01 00:00:00,48,Početno stanje
686,49,9,2025-01-01 00:00:00,239,Početno stanje
687,49,9,2025-02-07 14:45:00,238,Prodaja - Narudžba #21
688,5,5,2025-01-01 00:00:00,123,Početno stanje
689,5,5,2025-04-13 14:15:00,120,Prodaja - Narudžba #86
690,5,7,2025-01-01 00:00:00,33,Početno stanje
691,50,1,2025-01-01 00:00:00,86,Početno stanje
692,50,2,2025-01-01 00:00:00,117,Početno stanje
693,50,5,2025-01-01 00:00:00,133,Početno stanje
694,51,2,2025-01-01 00:00:00,416,Početno stanje
695,51,2,2025-02-28 09:15:00,414,Prodaja - Narudžba #42
696,51,2,2025-04-23 16:45:00,411,Prodaja - Narudžba #96
697,52,6,2025-01-01 00:00:00,128,Početno stanje
698,52,6,2025-02-13 10:30:00,125,Prodaja - Narudžba #27
699,53,1,2025-01-01 00:00:00,167,Početno stanje
700,53,1,2025-04-13 14:15:00,164,Prodaja - Narudžba #86
701,53,10,2025-01-01 00:00:00,282,Početno stanje
702,53,3,2025-01-01 00:00:00,159,Početno stanje
703,54,1,2025-01-01 00:00:00,171,Početno stanje
704,54,3,2025-01-01 00:00:00,360,Početno stanje
705,54,3,2025-05-05 11:45:00,357,Prodaja - Narudžba #108
706,54,6,2025-01-01 00:00:00,242,Početno stanje
707,55,1,2025-01-01 00:00:00,247,Početno stanje
708,55,4,2025-01-01 00:00:00,255,Početno stanje
709,55,4,2025-01-05 09:11:45,252,Prodaja - Narudžba #2
710,55,4,2025-03-11 13:00:00,249,Prodaja - Narudžba #53
711,55,4,2025-03-14 16:45:00,248,Prodaja - Narudžba #56
712,56,10,2025-01-01 00:00:00,369,Početno stanje
713,56,6,2025-01-01 00:00:00,134,Početno stanje
714,57,3,2025-01-01 00:00:00,127,Početno stanje
715,57,6,2025-01-01 00:00:00,135,Početno stanje
716,58,6,2025-01-01 00:00:00,229,Početno stanje
717,58,6,2025-04-12 13:00:00,226,Prodaja - Narudžba #85
718,59,10,2025-01-01 00:00:00,215,Početno stanje
719,59,10,2025-03-02 11:45:00,213,Prodaja - Narudžba #44
720,59,10,2025-04-10 10:30:00,211,Prodaja - Narudžba #83
721,6,3,2025-01-01 00:00:00,57,Početno stanje
722,60,6,2025-01-01 00:00:00,403,Početno stanje
723,60,6,2025-04-22 15:30:00,400,Prodaja - Narudžba #95
724,61,10,2025-01-01 00:00:00,464,Početno stanje
725,61,10,2025-02-09 16:15:00,461,Prodaja - Narudžba #23
726,61,3,2025-01-01 00:00:00,252,Početno stanje
727,61,4,2025-01-01 00:00:00,204,Početno stanje
728,62,10,2025-01-01 00:00:00,26,Početno stanje
729,62,10,2025-05-25 16:45:00,23,Prodaja - Narudžba #128
730,62,4,2025-01-01 00:00:00,90,Početno stanje
731,63,7,2025-01-01 00:00:00,488,Početno stanje
732,63,7,2025-04-06 15:30:00,487,Prodaja - Narudžba #79
733,64,4,2025-01-01 00:00:00,307,Početno stanje
734,64,4,2025-04-21 14:15:00,305,Prodaja - Narudžba #94
735,64,5,2025-01-01 00:00:00,313,Početno stanje
736,64,8,2025-01-01 00:00:00,12,Početno stanje
737,65,4,2025-01-01 00:00:00,50,Početno stanje
738,65,4,2025-01-10 11:44:02,49,Prodaja - Narudžba #4
739,65,4,2025-01-25 18:47:36,47,Prodaja - Narudžba #10
740,66,10,2025-01-01 00:00:00,76,Početno stanje
741,66,5,2025-01-01 00:00:00,181,Početno stanje
742,66,6,2025-01-01 00:00:00,220,Početno stanje
743,67,10,2025-01-01 00:00:00,65,Početno stanje
744,67,2,2025-01-01 00:00:00,26,Početno stanje
745,67,3,2025-01-01 00:00:00,192,Početno stanje
746,68,2,2025-01-01 00:00:00,483,Početno stanje
747,68,4,2025-01-01 00:00:00,372,Početno stanje
748,68,8,2025-01-01 00:00:00,106,Početno stanje
749,69,10,2025-01-01 00:00:00,346,Početno stanje
750,69,10,2025-02-06 13:30:00,343,Prodaja - Narudžba #20
751,69,7,2025-01-01 00:00:00,325,Početno stanje
752,69,9,2025-01-01 00:00:00,286,Početno stanje
753,7,7,2025-01-01 00:00:00,385,Početno stanje
754,7,7,2025-04-04 13:00:00,383,Prodaja - Narudžba #77
755,70,5,2025-01-01 00:00:00,323,Početno stanje
756,70,5,2025-03-08 09:15:00,322,Prodaja - Narudžba #50
757,71,3,2025-01-01 00:00:00,226,Početno stanje
758,71,9,2025-01-01 00:00:00,29,Početno stanje
759,71,9,2025-04-03 11:45:00,28,Prodaja - Narudžba #76
760,71,9,2025-05-21 11:45:00,25,Prodaja - Narudžba #124
761,72,1,2025-01-01 00:00:00,314,Početno stanje
762,72,4,2025-01-01 00:00:00,426,Početno stanje
763,72,4,2025-01-13 12:18:27,423,Prodaja - Narudžba #5
764,72,4,2025-03-14 16:45:00,420,Prodaja - Narudžba #56
765,72,4,2025-05-04 10:30:00,417,Prodaja - Narudžba #107
766,73,1,2025-01-01 00:00:00,252,Početno stanje
767,73,4,2025-01-01 00:00:00,438,Početno stanje
768,73,4,2025-02-09 16:15:00,435,Prodaja - Narudžba #23
769,73,4,2025-04-19 11:45:00,434,Prodaja - Narudžba #92
770,73,4,2025-05-02 18:00:00,432,Prodaja - Narudžba #105
771,74,9,2025-01-01 00:00:00,209,Početno stanje
772,74,9,2025-03-08 09:15:00,206,Prodaja - Narudžba #50
773,74,9,2025-04-09 09:15:00,205,Prodaja - Narudžba #82
774,74,9,2025-05-20 10:30:00,202,Prodaja - Narudžba #123
775,75,3,2025-01-01 00:00:00,425,Početno stanje
776,76,2,2025-01-01 00:00:00,118,Početno stanje
777,76,8,2025-01-01 00:00:00,165,Početno stanje
778,76,8,2025-01-29 14:00:00,162,Prodaja - Narudžba #14
779,76,8,2025-03-01 10:30:00,159,Prodaja - Narudžba #43
780,76,8,2025-03-15 18:00:00,156,Prodaja - Narudžba #57
781,77,2,2025-01-01 00:00:00,187,Početno stanje
782,77,2,2025-02-21 10:30:00,185,Prodaja - Narudžba #35
783,77,2,2025-03-23 18:00:00,184,Prodaja - Narudžba #65
784,77,2,2025-03-31 18:00:00,183,Prodaja - Narudžba #73
785,78,1,2025-01-01 00:00:00,323,Početno stanje
786,78,6,2025-01-01 00:00:00,366,Početno stanje
787,78,9,2025-01-01 00:00:00,322,Početno stanje
788,78,9,2025-04-22 15:30:00,321,Prodaja - Narudžba #95
789,78,9,2025-05-15 14:15:00,318,Prodaja - Narudžba #118
790,79,4,2025-01-01 00:00:00,205,Početno stanje
791,79,9,2025-01-01 00:00:00,484,Početno stanje
792,79,9,2025-02-18 16:45:00,481,Prodaja - Narudžba #32
793,79,9,2025-03-01 10:30:00,479,Prodaja - Narudžba #43
794,79,9,2025-04-18 10:30:00,476,Prodaja - Narudžba #91
795,8,10,2025-01-01 00:00:00,276,Početno stanje
796,8,2,2025-01-01 00:00:00,261,Početno stanje
797,8,5,2025-01-01 00:00:00,105,Početno stanje
798,8,5,2025-05-18 18:00:00,102,Prodaja - Narudžba #121
799,80,10,2025-01-01 00:00:00,372,Početno stanje
800,80,10,2025-02-14 11:45:00,371,Prodaja - Narudžba #28
801,81,1,2025-01-01 00:00:00,180,Početno stanje
802,81,8,2025-01-01 00:00:00,242,Početno stanje
803,82,1,2025-01-01 00:00:00,447,Početno stanje
804,82,1,2025-05-08 15:30:00,444,Prodaja - Narudžba #111
805,82,1,2025-05-23 14:15:00,442,Prodaja - Narudžba #126
806,82,1,2025-05-24 15:30:00,439,Prodaja - Narudžba #127
807,82,6,2025-01-01 00:00:00,425,Početno stanje
808,83,1,2025-01-01 00:00:00,261,Početno stanje
809,83,1,2025-04-12 13:00:00,259,Prodaja - Narudžba #85
810,84,4,2025-01-01 00:00:00,494,Početno stanje
811,84,4,2025-01-02 08:15:10,491,Prodaja - Narudžba #1
812,85,8,2025-01-01 00:00:00,348,Početno stanje
813,86,8,2025-01-01 00:00:00,224,Početno stanje
814,86,8,2025-02-11 18:00:00,221,Prodaja - Narudžba #25
815,86,8,2025-03-05 15:30:00,218,Prodaja - Narudžba #47
816,86,8,2025-05-08 15:30:00,215,Prodaja - Narudžba #111
817,86,8,2025-05-26 18:00:00,214,Prodaja - Narudžba #129
818,87,1,2025-01-01 00:00:00,222,Početno stanje
819,87,1,2025-04-17 09:15:00,221,Prodaja - Narudžba #90
820,87,1,2025-05-02 18:00:00,219,Prodaja - Narudžba #105
821,88,5,2025-01-01 00:00:00,32,Početno stanje
822,88,9,2025-01-01 00:00:00,344,Početno stanje
823,88,9,2025-02-19 18:00:00,341,Prodaja - Narudžba #33
824,88,9,2025-04-23 16:45:00,339,Prodaja - Narudžba #96
825,89,3,2025-01-01 00:00:00,108,Početno stanje
826,89,3,2025-02-09 16:15:00,105,Prodaja - Narudžba #23
827,89,3,2025-02-16 14:15:00,102,Prodaja - Narudžba #30
828,89,5,2025-01-01 00:00:00,90,Početno stanje
829,9,10,2025-01-01 00:00:00,492,Početno stanje
830,90,6,2025-01-01 00:00:00,163,Početno stanje
831,90,6,2025-02-03 10:45:00,160,Prodaja - Narudžba #17
832,90,6,2025-02-04 11:00:00,159,Prodaja - Narudžba #18
833,90,6,2025-04-22 15:30:00,158,Prodaja - Narudžba #95
834,90,6,2025-04-28 13:00:00,157,Prodaja - Narudžba #101
835,90,8,2025-01-01 00:00:00,27,Početno stanje
836,90,9,2025-01-01 00:00:00,489,Početno stanje
837,91,5,2025-01-01 00:00:00,266,Početno stanje
838,91,5,2025-02-16 14:15:00,263,Prodaja - Narudžba #30
839,91,9,2025-01-01 00:00:00,491,Početno stanje
840,92,10,2025-01-01 00:00:00,359,Početno stanje
841,92,10,2025-03-19 13:00:00,356,Prodaja - Narudžba #61
842,92,6,2025-01-01 00:00:00,460,Početno stanje
843,92,8,2025-01-01 00:00:00,63,Početno stanje
844,93,4,2025-01-01 00:00:00,473,Početno stanje
845,93,4,2025-02-24 14:15:00,471,Prodaja - Narudžba #38
846,93,4,2025-05-23 14:15:00,468,Prodaja - Narudžba #126
847,93,7,2025-01-01 00:00:00,269,Početno stanje
848,94,7,2025-01-01 00:00:00,240,Početno stanje
849,94,7,2025-02-05 12:15:00,237,Prodaja - Narudžba #19
850,94,7,2025-02-26 16:45:00,234,Prodaja - Narudžba #40
851,94,7,2025-04-05 14:15:00,233,Prodaja - Narudžba #78
852,94,8,2025-01-01 00:00:00,461,Početno stanje
853,94,9,2025-01-01 00:00:00,384,Početno stanje
854,95,6,2025-01-01 00:00:00,172,Početno stanje
855,95,8,2025-01-01 00:00:00,412,Početno stanje
856,95,9,2025-01-01 00:00:00,350,Početno stanje
857,95,9,2025-01-15 13:55:12,348,Prodaja - Narudžba #6
858,95,9,2025-05-17 16:45:00,345,Prodaja - Narudžba #120
859,96,1,2025-01-01 00:00:00,134,Početno stanje
860,96,5,2025-01-01 00:00:00,500,Početno stanje
861,96,5,2025-01-29 14:00:00,497,Prodaja - Narudžba #14
862,96,8,2025-01-01 00:00:00,24,Početno stanje
863,97,2,2025-01-01 00:00:00,226,Početno stanje
864,97,2,2025-03-09 10:30:00,225,Prodaja - Narudžba #51
865,97,2,2025-05-10 18:00:00,223,Prodaja - Narudžba #113
866,97,4,2025-01-01 00:00:00,479,Početno stanje
867,97,9,2025-01-01 00:00:00,123,Početno stanje
868,98,5,2025-01-01 00:00:00,143,Početno stanje
869,98,6,2025-01-01 00:00:00,82,Početno stanje
870,98,6,2025-02-08 15:00:00,81,Prodaja - Narudžba #22
871,98,6,2025-05-06 13:00:00,79,Prodaja - Narudžba #109
872,98,6,2025-05-09 16:45:00,76,Prodaja - Narudžba #112
873,99,1,2025-01-01 00:00:00,99,Početno stanje
874,99,1,2025-03-15 18:00:00,98,Prodaja - Narudžba #57
875,99,1,2025-04-10 10:30:00,96,Prodaja - Narudžba #83
876,99,1,2025-04-16 18:00:00,95,Prodaja - Narudžba #89
877,99,1,2025-05-04 10:30:00,94,Prodaja - Narudžba #107
878,99,3,2025-01-01 00:00:00,104,Početno stanje
879,99,9,2025-01-01 00:00:00,457,Početno stanje
